date,city,hour,demand,avg_fare,avg_duration,avg_rating,available_fleet,day_of_week,month,is_peak
2025-01-01,Bandung,6,1,69690.0,43.6,4.3,255.0,2,1,1
2025-01-01,Bandung,8,1,10000.0,8.0,4.6,232.0,2,1,1
2025-01-01,Bandung,10,2,41963.0,39.55,4.6,341.0,2,1,0
2025-01-01,Bandung,14,1,27035.0,31.5,4.5,303.0,2,1,0
2025-01-01,Bandung,17,1,45048.0,37.7,4.6,247.0,2,1,1
2025-01-01,Bandung,18,1,77933.0,32.2,4.3,233.0,2,1,1
2025-01-01,Bandung,23,1,28405.0,5.0,4.6,330.0,2,1,0
2025-01-01,Jakarta,0,1,61827.0,51.3,4.1,697.0,2,1,0
2025-01-01,Jakarta,5,2,26647.0,29.6,4.6,700.0,2,1,0
2025-01-01,Jakarta,6,1,45154.0,31.3,4.8,649.0,2,1,1
2025-01-01,Jakarta,9,2,54943.5,50.4,4.45,634.5,2,1,1
2025-01-01,Jakarta,12,1,104819.0,37.9,4.7,672.0,2,1,0
2025-01-01,Jakarta,13,2,99280.5,47.15,4.85,686.0,2,1,0
2025-01-01,Jakarta,15,1,33783.0,22.2,5.0,674.0,2,1,0
2025-01-01,Jakarta,16,3,58583.333333333336,53.06666666666666,4.466666666666667,634.0,2,1,1
2025-01-01,Jakarta,17,2,39579.0,32.5,4.6,634.0,2,1,1
2025-01-01,Jakarta,18,1,45377.0,33.5,4.7,617.0,2,1,1
2025-01-01,Jakarta,20,2,55672.0,31.200000000000003,4.35,700.0,2,1,0
2025-01-01,Medan,6,1,56063.0,45.2,4.0,151.0,2,1,1
2025-01-01,Medan,7,1,57567.0,39.8,4.6,112.0,2,1,1
2025-01-01,Medan,11,1,48726.0,34.6,4.9,214.0,2,1,0
2025-01-01,Medan,18,1,68647.0,60.0,4.4,157.0,2,1,1
2025-01-01,Medan,20,1,49686.0,21.7,5.0,209.0,2,1,0
2025-01-01,Medan,22,1,11717.0,16.4,4.9,230.0,2,1,0
2025-01-01,Semarang,9,1,37325.0,31.8,4.4,97.0,2,1,1
2025-01-01,Semarang,17,1,39155.0,34.9,4.4,85.0,2,1,1
2025-01-01,Semarang,21,1,24372.0,5.0,5.0,190.0,2,1,0
2025-01-01,Semarang,23,1,44808.0,30.3,5.0,201.0,2,1,0
2025-01-02,Bandung,0,1,76149.0,50.8,4.6,338.0,3,1,0
2025-01-02,Bandung,8,1,97633.0,54.7,4.1,215.0,3,1,1
2025-01-02,Bandung,9,2,31669.0,21.95,4.550000000000001,233.0,3,1,1
2025-01-02,Bandung,13,2,37359.0,13.35,4.6,311.0,3,1,0
2025-01-02,Bandung,17,2,10000.0,22.0,4.35,230.0,3,1,1
2025-01-02,Bandung,19,2,21774.0,27.950000000000003,4.7,221.0,3,1,1
2025-01-02,Bandung,20,2,39828.0,28.2,4.55,320.0,3,1,0
2025-01-02,Bandung,21,1,24688.0,16.1,4.7,297.0,3,1,0
2025-01-02,Jakarta,6,1,39081.0,26.2,5.0,637.0,3,1,1
2025-01-02,Jakarta,7,2,36330.0,41.5,4.3,604.5,3,1,1
2025-01-02,Jakarta,10,1,43024.0,27.5,4.4,696.0,3,1,0
2025-01-02,Jakarta,12,2,63884.5,41.45,4.9,691.5,3,1,0
2025-01-02,Jakarta,16,1,73479.0,44.0,4.2,596.0,3,1,1
2025-01-02,Jakarta,18,1,92899.0,50.2,4.7,635.0,3,1,1
2025-01-02,Jakarta,19,2,66711.5,49.95,4.05,594.5,3,1,1
2025-01-02,Jakarta,21,2,47907.0,35.349999999999994,4.85,698.5,3,1,0
2025-01-02,Jakarta,23,1,43596.0,29.1,4.8,678.0,3,1,0
2025-01-02,Medan,9,1,64944.0,53.7,4.4,158.0,3,1,1
2025-01-02,Medan,17,1,33505.0,35.2,4.5,118.0,3,1,1
2025-01-02,Semarang,10,1,67063.0,25.6,5.0,196.0,3,1,0
2025-01-02,Semarang,11,1,34738.0,37.1,4.5,178.0,3,1,0
2025-01-02,Semarang,17,2,46636.5,21.55,4.7,115.0,3,1,1
2025-01-02,Semarang,18,1,53001.0,18.0,4.8,123.0,3,1,1
2025-01-02,Semarang,20,1,34437.0,28.4,4.8,168.0,3,1,0
2025-01-02,Surabaya,9,1,35021.0,43.7,3.8,172.0,3,1,1
2025-01-02,Surabaya,14,1,59673.0,45.5,4.7,251.0,3,1,0
2025-01-02,Surabaya,17,1,48745.0,25.8,4.7,199.0,3,1,1
2025-01-03,Bandung,6,1,69737.0,52.3,4.4,210.0,4,1,1
2025-01-03,Bandung,7,1,50437.0,37.1,4.6,238.0,4,1,1
2025-01-03,Bandung,10,2,34131.5,31.5,4.85,308.0,4,1,0
2025-01-03,Bandung,15,1,18558.0,36.7,4.4,307.0,4,1,0
2025-01-03,Bandung,16,1,50841.0,54.0,4.5,225.0,4,1,1
2025-01-03,Bandung,18,1,28018.0,7.0,4.7,259.0,4,1,1
2025-01-03,Bandung,20,1,29087.0,17.1,4.8,346.0,4,1,0
2025-01-03,Jakarta,5,1,26734.0,16.7,4.7,687.0,4,1,0
2025-01-03,Jakarta,7,1,64656.0,46.1,4.7,614.0,4,1,1
2025-01-03,Jakarta,9,1,52881.0,44.1,4.4,596.0,4,1,1
2025-01-03,Jakarta,10,1,78580.0,47.5,4.8,690.0,4,1,0
2025-01-03,Jakarta,11,1,50568.0,25.1,4.6,683.0,4,1,0
2025-01-03,Jakarta,12,1,20188.0,20.6,5.0,709.0,4,1,0
2025-01-03,Jakarta,13,1,47379.0,30.1,5.0,704.0,4,1,0
2025-01-03,Jakarta,15,4,49626.0,33.7,4.475,702.5,4,1,0
2025-01-03,Jakarta,16,1,100300.0,52.0,4.3,647.0,4,1,1
2025-01-03,Jakarta,17,1,32455.0,39.7,4.8,613.0,4,1,1
2025-01-03,Jakarta,18,1,52765.0,29.9,4.9,607.0,4,1,1
2025-01-03,Jakarta,19,1,53144.0,25.0,4.6,647.0,4,1,1
2025-01-03,Jakarta,21,1,94163.0,41.6,4.6,723.0,4,1,0
2025-01-03,Jakarta,22,1,24686.0,6.8,4.6,673.0,4,1,0
2025-01-03,Medan,6,1,79260.0,61.1,4.2,162.0,4,1,1
2025-01-03,Semarang,7,1,52973.0,39.4,4.4,88.0,4,1,1
2025-01-03,Semarang,16,1,54423.0,27.7,4.5,96.0,4,1,1
2025-01-03,Semarang,18,1,48576.0,23.5,4.7,72.0,4,1,1
2025-01-03,Semarang,21,1,10000.0,5.0,4.7,181.0,4,1,0
2025-01-03,Surabaya,5,1,27018.0,29.7,4.3,243.0,4,1,0
2025-01-03,Surabaya,10,1,30241.0,24.0,4.5,233.0,4,1,0
2025-01-03,Surabaya,14,1,50198.0,49.4,4.2,233.0,4,1,0
2025-01-03,Surabaya,17,2,42330.0,32.8,4.55,186.5,4,1,1
2025-01-03,Surabaya,18,1,25087.0,40.0,4.4,155.0,4,1,1
2025-01-03,Surabaya,19,1,38076.0,49.4,4.7,190.0,4,1,1
2025-01-03,Surabaya,20,1,34977.0,25.6,5.0,272.0,4,1,0
2025-01-04,Bandung,12,2,70831.5,41.9,4.2,296.5,5,1,0
2025-01-04,Bandung,13,1,54635.0,35.2,4.7,306.0,5,1,0
2025-01-04,Bandung,14,1,66015.0,33.2,4.8,349.0,5,1,0
2025-01-04,Bandung,19,1,56534.0,59.0,4.7,256.0,5,1,1
2025-01-04,Jakarta,2,1,36865.0,27.6,4.5,719.0,5,1,0
2025-01-04,Jakarta,5,1,26227.0,33.3,4.7,720.0,5,1,0
2025-01-04,Jakarta,8,1,39812.0,26.3,4.5,605.0,5,1,1
2025-01-04,Jakarta,9,1,33286.0,36.9,5.0,608.0,5,1,1
2025-01-04,Jakarta,10,3,37171.666666666664,22.733333333333334,4.666666666666667,688.3333333333334,5,1,0
2025-01-04,Jakarta,11,1,31536.0,34.5,5.0,688.0,5,1,0
2025-01-04,Jakarta,14,1,17733.0,26.2,4.6,702.0,5,1,0
2025-01-04,Jakarta,15,1,79949.0,71.4,4.2,681.0,5,1,0
2025-01-04,Jakarta,17,3,29744.0,10.933333333333332,4.466666666666666,616.3333333333334,5,1,1
2025-01-04,Jakarta,18,1,10000.0,11.8,4.5,603.0,5,1,1
2025-01-04,Jakarta,20,1,64597.0,46.9,4.0,683.0,5,1,0
2025-01-04,Medan,5,1,36517.0,27.5,4.5,240.0,5,1,0
2025-01-04,Medan,8,1,30590.0,35.8,4.5,157.0,5,1,1
2025-01-04,Medan,10,1,36220.0,24.3,4.6,244.0,5,1,0
2025-01-04,Medan,18,1,75468.0,40.9,4.6,110.0,5,1,1
2025-01-04,Semarang,7,1,25455.0,36.6,4.6,110.0,5,1,1
2025-01-04,Semarang,8,2,59698.0,33.8,4.6,78.0,5,1,1
2025-01-04,Semarang,11,1,38569.0,56.4,4.3,199.0,5,1,0
2025-01-04,Semarang,18,1,29442.0,32.9,4.5,101.0,5,1,1
2025-01-04,Surabaya,12,1,36347.0,38.8,4.8,256.0,5,1,0
2025-01-04,Surabaya,20,2,27961.0,31.7,4.55,249.5,5,1,0
2025-01-05,Bandung,9,1,19692.0,15.5,4.9,246.0,6,1,1
2025-01-05,Bandung,17,2,45469.5,34.55,4.55,224.5,6,1,1
2025-01-05,Bandung,20,1,31506.0,12.2,4.8,303.0,6,1,0
2025-01-05,Jakarta,7,1,36992.0,29.5,4.5,606.0,6,1,1
2025-01-05,Jakarta,8,2,29890.0,24.0,4.75,608.0,6,1,1
2025-01-05,Jakarta,9,1,68299.0,53.4,4.1,641.0,6,1,1
2025-01-05,Jakarta,11,1,51218.0,34.6,4.0,699.0,6,1,0
2025-01-05,Jakarta,12,2,44347.5,28.85,4.2,686.5,6,1,0
2025-01-05,Jakarta,13,1,40123.0,31.5,5.0,728.0,6,1,0
2025-01-05,Jakarta,14,1,45476.0,25.0,5.0,683.0,6,1,0
2025-01-05,Jakarta,15,2,48497.5,45.3,4.75,683.5,6,1,0
2025-01-05,Jakarta,16,1,80739.0,44.7,4.2,641.0,6,1,1
2025-01-05,Jakarta,17,1,57001.0,40.9,4.7,638.0,6,1,1
2025-01-05,Jakarta,18,3,42046.0,43.1,4.3999999999999995,635.0,6,1,1
2025-01-05,Jakarta,19,1,11930.0,8.1,4.7,607.0,6,1,1
2025-01-05,Jakarta,20,1,61511.0,34.0,4.6,701.0,6,1,0
2025-01-05,Medan,6,1,22052.0,23.9,4.8,111.0,6,1,1
2025-01-05,Medan,10,1,36183.0,22.5,4.7,203.0,6,1,0
2025-01-05,Medan,12,1,47394.0,16.4,4.4,223.0,6,1,0
2025-01-05,Semarang,6,1,68198.0,40.6,4.7,85.0,6,1,1
2025-01-05,Semarang,16,1,68015.0,51.5,4.3,122.0,6,1,1
2025-01-05,Semarang,17,1,23194.0,43.4,4.5,81.0,6,1,1
2025-01-05,Semarang,22,2,53074.0,50.900000000000006,4.25,171.0,6,1,0
2025-01-05,Surabaya,7,1,96013.0,61.7,3.9,154.0,6,1,1
2025-01-05,Surabaya,8,1,94866.0,36.6,4.2,195.0,6,1,1
2025-01-05,Surabaya,9,1,37107.0,39.4,4.4,189.0,6,1,1
2025-01-05,Surabaya,10,1,40644.0,21.8,4.1,273.0,6,1,0
2025-01-05,Surabaya,14,2,74633.0,44.7,4.25,282.5,6,1,0
2025-01-05,Surabaya,16,1,69621.0,47.9,4.6,203.0,6,1,1
2025-01-05,Surabaya,19,1,57002.0,59.2,4.4,171.0,6,1,1
2025-01-06,Bandung,7,1,13437.0,26.3,4.6,256.0,0,1,1
2025-01-06,Bandung,10,2,44000.5,30.1,4.9,339.5,0,1,0
2025-01-06,Bandung,14,1,77844.0,53.2,4.2,328.0,0,1,0
2025-01-06,Bandung,15,1,64170.0,41.6,4.7,306.0,0,1,0
2025-01-06,Bandung,16,1,28252.0,38.5,4.5,215.0,0,1,1
2025-01-06,Bandung,19,1,28930.0,28.1,4.3,264.0,0,1,1
2025-01-06,Bandung,21,2,51161.5,35.45,4.6,338.5,0,1,0
2025-01-06,Bandung,22,1,28273.0,20.0,4.7,308.0,0,1,0
2025-01-06,Jakarta,16,1,59210.0,63.5,4.1,595.0,0,1,1
2025-01-06,Jakarta,17,2,32583.5,15.600000000000001,4.75,613.5,0,1,1
2025-01-06,Jakarta,19,2,38197.5,39.0,4.6,635.5,0,1,1
2025-01-06,Jakarta,20,1,49750.0,17.9,4.6,723.0,0,1,0
2025-01-06,Jakarta,21,1,40750.0,41.6,4.4,673.0,0,1,0
2025-01-06,Medan,7,1,57619.0,37.8,4.9,111.0,0,1,1
2025-01-06,Medan,9,1,59288.0,56.8,4.3,131.0,0,1,1
2025-01-06,Medan,15,1,46263.0,26.8,4.4,204.0,0,1,0
2025-01-06,Medan,16,1,29874.0,35.2,4.5,161.0,0,1,1
2025-01-06,Medan,17,1,80517.0,46.2,4.3,130.0,0,1,1
2025-01-06,Medan,18,1,50016.0,39.9,4.7,138.0,0,1,1
2025-01-06,Semarang,18,1,52463.0,42.7,4.5,102.0,0,1,1
2025-01-06,Surabaya,6,1,41788.0,34.3,4.5,193.0,0,1,1
2025-01-06,Surabaya,7,1,41432.0,50.0,4.2,182.0,0,1,1
2025-01-06,Surabaya,8,1,41200.0,36.0,4.7,151.0,0,1,1
2025-01-06,Surabaya,13,1,28575.0,18.9,4.4,238.0,0,1,0
2025-01-07,Bandung,5,1,21675.0,21.4,4.8,325.0,1,1,0
2025-01-07,Bandung,7,1,53189.0,46.7,4.9,224.0,1,1,1
2025-01-07,Bandung,13,1,31007.0,32.2,4.8,335.0,1,1,0
2025-01-07,Bandung,14,1,61009.0,49.2,4.2,312.0,1,1,0
2025-01-07,Bandung,15,1,44216.0,24.5,4.7,337.0,1,1,0
2025-01-07,Bandung,21,1,24197.0,15.4,4.5,295.0,1,1,0
2025-01-07,Jakarta,1,1,73531.0,68.6,4.2,691.0,1,1,0
2025-01-07,Jakarta,6,3,54457.666666666664,46.666666666666664,4.233333333333333,608.3333333333334,1,1,1
2025-01-07,Jakarta,9,1,40948.0,29.8,4.9,606.0,1,1,1
2025-01-07,Jakarta,11,1,93502.0,53.0,4.6,707.0,1,1,0
2025-01-07,Jakarta,13,1,29170.0,37.6,4.8,698.0,1,1,0
2025-01-07,Jakarta,17,1,35521.0,55.9,4.4,616.0,1,1,1
2025-01-07,Jakarta,18,2,47775.0,40.45,4.6,640.5,1,1,1
2025-01-07,Jakarta,19,1,47246.0,39.2,4.6,594.0,1,1,1
2025-01-07,Jakarta,21,1,52736.0,26.5,4.8,710.0,1,1,0
2025-01-07,Medan,7,1,25299.0,36.0,4.6,125.0,1,1,1
2025-01-07,Medan,9,1,54121.0,56.1,4.4,121.0,1,1,1
2025-01-07,Medan,14,1,39167.0,20.2,4.8,233.0,1,1,0
2025-01-07,Medan,17,1,65940.0,39.2,4.5,170.0,1,1,1
2025-01-07,Medan,19,1,63672.0,36.7,4.4,149.0,1,1,1
2025-01-07,Medan,21,1,59214.0,36.2,4.4,216.0,1,1,0
2025-01-07,Semarang,13,1,24602.0,23.7,4.6,159.0,1,1,0
2025-01-07,Semarang,19,1,10092.0,16.2,4.9,129.0,1,1,1
2025-01-07,Surabaya,6,1,40891.0,25.8,4.7,207.0,1,1,1
2025-01-07,Surabaya,7,2,63869.0,43.85,4.15,167.0,1,1,1
2025-01-07,Surabaya,17,1,47682.0,66.0,4.4,197.0,1,1,1
2025-01-07,Surabaya,20,1,57487.0,31.8,5.0,230.0,1,1,0
2025-01-08,Bandung,7,3,45996.333333333336,43.4,4.2,236.33333333333334,2,1,1
2025-01-08,Bandung,8,1,63971.0,49.3,4.0,263.0,2,1,1
2025-01-08,Bandung,9,1,30790.0,18.0,5.0,261.0,2,1,1
2025-01-08,Bandung,19,1,80360.0,68.4,3.9,216.0,2,1,1
2025-01-08,Jakarta,6,2,80814.0,56.35,4.45,607.5,2,1,1
2025-01-08,Jakarta,7,2,78841.0,52.6,4.35,627.0,2,1,1
2025-01-08,Jakarta,8,1,46692.0,32.4,4.7,631.0,2,1,1
2025-01-08,Jakarta,10,1,95332.0,39.3,4.4,711.0,2,1,0
2025-01-08,Jakarta,11,1,63354.0,45.7,4.6,687.0,2,1,0
2025-01-08,Jakarta,13,1,39088.0,36.3,4.2,687.0,2,1,0
2025-01-08,Jakarta,14,1,40881.0,53.5,4.5,696.0,2,1,0
2025-01-08,Jakarta,15,2,65682.0,47.45,4.4,710.0,2,1,0
2025-01-08,Jakarta,17,1,74804.0,46.4,4.2,613.0,2,1,1
2025-01-08,Jakarta,18,3,45193.0,40.5,4.6000000000000005,616.6666666666666,2,1,1
2025-01-08,Jakarta,19,3,52404.666666666664,35.6,4.366666666666666,609.3333333333334,2,1,1
2025-01-08,Jakarta,20,1,49264.0,9.7,4.8,706.0,2,1,0
2025-01-08,Jakarta,23,1,67094.0,43.1,4.3,673.0,2,1,0
2025-01-08,Medan,12,1,36371.0,25.9,4.6,196.0,2,1,0
2025-01-08,Medan,17,1,76307.0,46.7,4.4,139.0,2,1,1
2025-01-08,Medan,19,1,53626.0,53.7,4.1,165.0,2,1,1
2025-01-08,Semarang,7,1,44847.0,38.4,4.5,130.0,2,1,1
2025-01-08,Semarang,18,1,19122.0,23.5,4.7,106.0,2,1,1
2025-01-08,Surabaya,8,2,15973.0,31.7,4.75,182.5,2,1,1
2025-01-08,Surabaya,9,2,68035.5,38.05,4.45,166.0,2,1,1
2025-01-08,Surabaya,14,1,12049.0,5.0,4.8,273.0,2,1,0
2025-01-08,Surabaya,15,2,51751.0,48.599999999999994,4.5,260.0,2,1,0
2025-01-08,Surabaya,16,2,73075.5,61.3,4.3,183.0,2,1,1
2025-01-08,Surabaya,17,1,36676.0,21.7,4.9,187.0,2,1,1
2025-01-08,Surabaya,19,1,54029.0,56.7,4.2,209.0,2,1,1
2025-01-09,Bandung,12,1,45727.0,30.8,4.8,316.0,3,1,0
2025-01-09,Bandung,13,1,23122.0,17.1,4.5,344.0,3,1,0
2025-01-09,Bandung,16,2,32984.0,26.5,4.65,219.5,3,1,1
2025-01-09,Bandung,18,1,52895.0,34.0,4.4,231.0,3,1,1
2025-01-09,Jakarta,3,1,86119.0,24.8,4.7,676.0,3,1,0
2025-01-09,Jakarta,6,1,38020.0,41.6,4.6,641.0,3,1,1
2025-01-09,Jakarta,8,2,28940.5,38.8,4.9,616.5,3,1,1
2025-01-09,Jakarta,9,1,32252.0,33.2,4.6,598.0,3,1,1
2025-01-09,Jakarta,10,2,51116.0,36.55,4.45,683.5,3,1,0
2025-01-09,Jakarta,11,1,65685.0,54.4,4.6,672.0,3,1,0
2025-01-09,Jakarta,15,3,64238.333333333336,37.733333333333334,4.233333333333333,691.0,3,1,0
2025-01-09,Jakarta,16,3,51051.333333333336,45.23333333333333,4.3999999999999995,624.3333333333334,3,1,1
2025-01-09,Jakarta,19,1,35851.0,33.9,4.3,602.0,3,1,1
2025-01-09,Jakarta,21,2,38354.0,21.05,4.449999999999999,710.0,3,1,0
2025-01-09,Medan,5,1,34101.0,21.8,4.9,240.0,3,1,0
2025-01-09,Medan,19,1,30395.0,40.1,4.7,138.0,3,1,1
2025-01-09,Semarang,16,1,52209.0,41.0,4.4,121.0,3,1,1
2025-01-09,Surabaya,6,1,46266.0,45.5,4.4,208.0,3,1,1
2025-01-09,Surabaya,13,1,54939.0,18.5,4.6,271.0,3,1,0
2025-01-09,Surabaya,19,1,63146.0,36.1,4.9,158.0,3,1,1
2025-01-09,Surabaya,20,1,62776.0,38.1,4.3,275.0,3,1,0
2025-01-09,Surabaya,22,2,43555.5,35.45,4.5,280.5,3,1,0
2025-01-10,Bandung,8,1,48055.0,31.3,4.5,240.0,4,1,1
2025-01-10,Bandung,10,1,67519.0,33.1,4.5,345.0,4,1,0
2025-01-10,Bandung,17,4,51655.5,42.175,4.525,255.0,4,1,1
2025-01-10,Bandung,18,1,78474.0,60.9,4.4,242.0,4,1,1
2025-01-10,Jakarta,0,1,71327.0,45.3,4.2,730.0,4,1,0
2025-01-10,Jakarta,7,1,14230.0,23.0,4.8,637.0,4,1,1
2025-01-10,Jakarta,9,1,74257.0,52.4,4.6,642.0,4,1,1
2025-01-10,Jakarta,13,1,51258.0,41.7,4.5,683.0,4,1,0
2025-01-10,Jakarta,14,1,45069.0,31.9,4.3,714.0,4,1,0
2025-01-10,Jakarta,16,1,60220.0,49.7,4.3,650.0,4,1,1
2025-01-10,Jakarta,17,4,54694.25,44.725,4.275,613.25,4,1,1
2025-01-10,Jakarta,19,1,26395.0,13.1,4.7,613.0,4,1,1
2025-01-10,Medan,8,1,48664.0,28.2,4.8,120.0,4,1,1
2025-01-10,Medan,9,1,97980.0,65.7,4.0,166.0,4,1,1
2025-01-10,Medan,19,1,51186.0,45.5,4.8,125.0,4,1,1
2025-01-10,Semarang,14,1,64958.0,17.2,4.6,165.0,4,1,0
2025-01-10,Semarang,15,1,32829.0,46.6,4.8,173.0,4,1,0
2025-01-10,Semarang,21,1,15395.0,9.3,4.5,150.0,4,1,0
2025-01-10,Surabaya,7,1,35625.0,35.1,4.4,210.0,4,1,1
2025-01-10,Surabaya,8,1,78902.0,52.9,4.7,175.0,4,1,1
2025-01-10,Surabaya,12,1,49174.0,32.2,4.6,234.0,4,1,0
2025-01-10,Surabaya,13,1,45466.0,20.3,4.5,272.0,4,1,0
2025-01-11,Bandung,16,1,16815.0,31.4,4.9,216.0,5,1,1
2025-01-11,Bandung,21,1,22118.0,23.2,5.0,338.0,5,1,0
2025-01-11,Jakarta,0,1,61909.0,20.3,4.4,728.0,5,1,0
2025-01-11,Jakarta,8,1,26196.0,33.5,4.8,607.0,5,1,1
2025-01-11,Jakarta,12,1,11485.0,13.4,4.8,723.0,5,1,0
2025-01-11,Jakarta,14,1,52816.0,36.0,4.7,726.0,5,1,0
2025-01-11,Jakarta,15,1,27081.0,32.7,4.7,721.0,5,1,0
2025-01-11,Jakarta,17,1,18094.0,17.7,4.7,593.0,5,1,1
2025-01-11,Jakarta,21,1,66263.0,31.3,4.4,699.0,5,1,0
2025-01-11,Jakarta,23,1,40144.0,34.9,4.4,701.0,5,1,0
2025-01-11,Medan,14,2,44366.0,20.1,4.5,225.0,5,1,0
2025-01-11,Medan,23,1,32910.0,30.0,4.6,218.0,5,1,0
2025-01-11,Semarang,11,1,41295.0,10.0,4.7,151.0,5,1,0
2025-01-11,Semarang,14,1,45200.0,46.0,4.3,181.0,5,1,0
2025-01-11,Semarang,17,1,31802.0,28.0,4.5,73.0,5,1,1
2025-01-11,Semarang,22,1,41830.0,25.3,4.8,187.0,5,1,0
2025-01-11,Surabaya,8,1,46030.0,27.9,4.8,160.0,5,1,1
2025-01-11,Surabaya,9,3,15010.666666666666,23.96666666666667,4.733333333333333,166.0,5,1,1
2025-01-11,Surabaya,14,1,64584.0,41.9,4.6,234.0,5,1,0
2025-01-11,Surabaya,17,1,35941.0,41.6,4.5,180.0,5,1,1
2025-01-11,Surabaya,20,1,43354.0,8.6,4.9,267.0,5,1,0
2025-01-12,Bandung,6,1,35803.0,23.6,4.4,255.0,6,1,1
2025-01-12,Bandung,7,2,29891.5,28.799999999999997,4.65,244.5,6,1,1
2025-01-12,Bandung,11,1,29736.0,36.8,4.6,297.0,6,1,0
2025-01-12,Bandung,13,1,68093.0,30.9,4.5,300.0,6,1,0
2025-01-12,Bandung,16,1,53499.0,35.9,4.7,221.0,6,1,1
2025-01-12,Bandung,20,1,56866.0,25.4,4.8,323.0,6,1,0
2025-01-12,Jakarta,1,1,63507.0,39.1,4.2,730.0,6,1,0
2025-01-12,Jakarta,6,1,37378.0,30.5,4.3,606.0,6,1,1
2025-01-12,Jakarta,7,1,74808.0,64.5,4.2,637.0,6,1,1
2025-01-12,Jakarta,8,1,53839.0,52.3,4.4,607.0,6,1,1
2025-01-12,Jakarta,9,1,100340.0,65.6,4.2,641.0,6,1,1
2025-01-12,Jakarta,10,2,44698.5,38.900000000000006,4.4,702.5,6,1,0
2025-01-12,Jakarta,14,1,53124.0,52.6,4.4,701.0,6,1,0
2025-01-12,Jakarta,15,1,85277.0,49.1,4.4,716.0,6,1,0
2025-01-12,Jakarta,16,1,85967.0,57.1,3.7,619.0,6,1,1
2025-01-12,Jakarta,17,4,51078.0,38.05,4.5,617.5,6,1,1
2025-01-12,Jakarta,19,1,50184.0,32.1,4.7,631.0,6,1,1
2025-01-12,Jakarta,21,1,86952.0,54.3,4.3,728.0,6,1,0
2025-01-12,Jakarta,22,2,70678.5,39.4,4.550000000000001,696.0,6,1,0
2025-01-12,Jakarta,23,1,99563.0,47.0,4.4,723.0,6,1,0
2025-01-12,Medan,11,1,74257.0,66.6,4.1,220.0,6,1,0
2025-01-12,Medan,13,1,10000.0,19.1,5.0,190.0,6,1,0
2025-01-12,Medan,18,1,86562.0,57.3,4.0,130.0,6,1,1
2025-01-12,Medan,19,1,84113.0,38.6,4.8,153.0,6,1,1
2025-01-12,Medan,22,1,49365.0,51.5,4.5,210.0,6,1,0
2025-01-12,Semarang,10,1,64567.0,36.6,4.2,169.0,6,1,0
2025-01-12,Semarang,12,2,18973.5,7.45,4.9,186.0,6,1,0
2025-01-12,Semarang,21,1,58597.0,33.5,4.5,154.0,6,1,0
2025-01-12,Surabaya,8,2,56017.0,46.35,4.4,191.5,6,1,1
2025-01-12,Surabaya,12,1,79296.0,25.1,4.9,267.0,6,1,0
2025-01-13,Bandung,5,1,45148.0,37.0,4.9,312.0,0,1,0
2025-01-13,Bandung,7,2,40304.5,33.2,4.85,231.0,0,1,1
2025-01-13,Bandung,17,1,43228.0,36.4,4.4,265.0,0,1,1
2025-01-13,Jakarta,6,2,28757.5,38.75,4.75,615.5,0,1,1
2025-01-13,Jakarta,7,1,119481.0,72.8,4.4,603.0,0,1,1
2025-01-13,Jakarta,9,1,63646.0,46.4,4.4,601.0,0,1,1
2025-01-13,Jakarta,16,1,69972.0,59.5,4.3,615.0,0,1,1
2025-01-13,Jakarta,17,2,60247.5,52.95,4.35,616.5,0,1,1
2025-01-13,Jakarta,19,3,30946.0,36.86666666666667,4.5,629.0,0,1,1
2025-01-13,Jakarta,22,1,75327.0,50.9,4.4,689.0,0,1,0
2025-01-13,Jakarta,23,1,37353.0,26.1,4.7,672.0,0,1,0
2025-01-13,Medan,6,1,63244.0,44.5,4.7,153.0,0,1,1
2025-01-13,Medan,8,2,57281.0,26.15,4.95,141.5,0,1,1
2025-01-13,Medan,17,3,38921.666666666664,32.53333333333333,4.566666666666666,162.66666666666666,0,1,1
2025-01-13,Medan,18,1,16895.0,19.3,4.8,150.0,0,1,1
2025-01-13,Semarang,0,1,22649.0,16.2,4.6,174.0,0,1,0
2025-01-13,Semarang,7,1,44440.0,52.4,4.7,129.0,0,1,1
2025-01-13,Semarang,15,1,36143.0,20.1,4.4,171.0,0,1,0
2025-01-13,Semarang,16,1,47196.0,38.2,4.6,82.0,0,1,1
2025-01-13,Semarang,17,1,75534.0,55.4,4.1,90.0,0,1,1
2025-01-13,Semarang,20,1,35609.0,13.8,4.6,155.0,0,1,0
2025-01-13,Surabaya,15,2,35267.5,31.400000000000002,4.8,247.0,0,1,0
2025-01-13,Surabaya,19,1,46139.0,47.0,4.1,177.0,0,1,1
2025-01-13,Surabaya,20,1,51691.0,29.4,4.8,268.0,0,1,0
2025-01-14,Bandung,9,1,75970.0,45.6,4.5,224.0,1,1,1
2025-01-14,Bandung,10,1,74972.0,36.3,4.3,310.0,1,1,0
2025-01-14,Bandung,12,1,50035.0,40.4,4.6,323.0,1,1,0
2025-01-14,Bandung,16,1,55366.0,48.4,4.3,266.0,1,1,1
2025-01-14,Bandung,19,1,41289.0,42.6,4.5,233.0,1,1,1
2025-01-14,Bandung,21,1,72274.0,49.1,4.3,316.0,1,1,0
2025-01-14,Jakarta,8,1,49468.0,31.5,4.4,648.0,1,1,1
2025-01-14,Jakarta,9,1,45674.0,40.8,4.6,613.0,1,1,1
2025-01-14,Jakarta,10,2,69038.5,25.55,4.7,707.5,1,1,0
2025-01-14,Jakarta,13,1,48144.0,32.4,4.6,678.0,1,1,0
2025-01-14,Jakarta,16,4,54375.25,50.725,4.125,626.0,1,1,1
2025-01-14,Jakarta,17,2,40795.0,33.5,4.8,641.0,1,1,1
2025-01-14,Jakarta,19,1,33519.0,27.5,4.5,619.0,1,1,1
2025-01-14,Jakarta,20,1,57610.0,44.4,4.5,698.0,1,1,0
2025-01-14,Jakarta,21,2,45153.0,24.700000000000003,4.7,671.5,1,1,0
2025-01-14,Medan,16,2,36880.5,53.25,4.25,140.0,1,1,1
2025-01-14,Medan,22,1,49366.0,55.8,4.5,216.0,1,1,0
2025-01-14,Semarang,9,1,23207.0,38.8,4.6,116.0,1,1,1
2025-01-14,Semarang,14,1,21792.0,9.2,4.7,170.0,1,1,0
2025-01-14,Semarang,19,2,52707.5,26.4,4.85,103.5,1,1,1
2025-01-14,Surabaya,8,1,41532.0,52.2,4.3,194.0,1,1,1
2025-01-14,Surabaya,13,1,36582.0,37.9,4.8,256.0,1,1,0
2025-01-14,Surabaya,17,1,62540.0,56.3,4.3,200.0,1,1,1
2025-01-15,Bandung,7,2,29441.0,27.950000000000003,4.8,250.5,2,1,1
2025-01-15,Bandung,9,1,24571.0,23.9,5.0,262.0,2,1,1
2025-01-15,Bandung,20,1,31413.0,28.2,4.9,309.0,2,1,0
2025-01-15,Bandung,22,1,57800.0,36.8,4.7,327.0,2,1,0
2025-01-15,Jakarta,6,3,50388.333333333336,32.9,4.833333333333333,611.3333333333334,2,1,1
2025-01-15,Jakarta,8,1,54423.0,40.8,4.6,616.0,2,1,1
2025-01-15,Jakarta,9,3,65664.33333333333,35.233333333333334,4.466666666666666,614.0,2,1,1
2025-01-15,Jakarta,11,1,70615.0,37.5,4.7,687.0,2,1,0
2025-01-15,Jakarta,14,1,57383.0,42.4,4.2,708.0,2,1,0
2025-01-15,Jakarta,15,3,38093.0,26.600000000000005,4.633333333333333,691.0,2,1,0
2025-01-15,Jakarta,17,3,59985.666666666664,46.73333333333333,4.433333333333334,632.6666666666666,2,1,1
2025-01-15,Jakarta,18,4,48835.75,49.95,4.525,612.5,2,1,1
2025-01-15,Jakarta,19,1,49644.0,39.8,4.5,614.0,2,1,1
2025-01-15,Medan,5,1,22760.0,17.1,4.9,223.0,2,1,0
2025-01-15,Medan,13,1,19966.0,5.0,4.5,216.0,2,1,0
2025-01-15,Medan,15,1,28511.0,35.9,4.6,247.0,2,1,0
2025-01-15,Medan,16,1,60284.0,51.4,4.5,112.0,2,1,1
2025-01-15,Semarang,6,1,52178.0,34.5,4.5,89.0,2,1,1
2025-01-15,Semarang,8,1,30880.0,19.9,4.6,101.0,2,1,1
2025-01-15,Semarang,10,1,46360.0,29.6,4.9,194.0,2,1,0
2025-01-15,Semarang,18,1,75752.0,51.6,4.3,72.0,2,1,1
2025-01-15,Surabaya,4,1,56294.0,44.2,4.1,270.0,2,1,0
2025-01-15,Surabaya,8,1,46717.0,46.3,4.5,154.0,2,1,1
2025-01-15,Surabaya,10,1,65388.0,71.8,4.2,239.0,2,1,0
2025-01-15,Surabaya,11,1,65006.0,67.3,4.1,267.0,2,1,0
2025-01-15,Surabaya,13,1,54011.0,39.4,4.3,267.0,2,1,0
2025-01-15,Surabaya,14,1,56122.0,53.7,4.4,261.0,2,1,0
2025-01-16,Bandung,7,2,91475.0,56.3,4.55,241.5,3,1,1
2025-01-16,Bandung,14,1,30648.0,41.6,4.6,348.0,3,1,0
2025-01-16,Bandung,18,1,46582.0,48.7,4.4,226.0,3,1,1
2025-01-16,Bandung,19,1,30249.0,28.8,4.4,219.0,3,1,1
2025-01-16,Jakarta,6,2,77073.0,55.45,4.65,608.0,3,1,1
2025-01-16,Jakarta,7,2,43889.5,35.1,4.449999999999999,618.0,3,1,1
2025-01-16,Jakarta,8,1,51145.0,29.2,4.9,637.0,3,1,1
2025-01-16,Jakarta,10,1,76934.0,37.2,4.1,685.0,3,1,0
2025-01-16,Jakarta,11,2,38619.5,34.0,4.449999999999999,699.0,3,1,0
2025-01-16,Jakarta,16,2,40532.5,38.95,4.6,634.0,3,1,1
2025-01-16,Jakarta,17,1,34355.0,51.0,4.3,609.0,3,1,1
2025-01-16,Jakarta,18,1,49836.0,39.7,4.9,615.0,3,1,1
2025-01-16,Jakarta,19,2,67477.5,53.2,4.05,641.0,3,1,1
2025-01-16,Jakarta,21,2,43108.5,26.200000000000003,4.55,705.0,3,1,0
2025-01-16,Jakarta,22,1,30162.0,19.8,4.8,714.0,3,1,0
2025-01-16,Medan,7,1,12687.0,29.4,4.4,165.0,3,1,1
2025-01-16,Semarang,8,1,62679.0,46.1,4.4,78.0,3,1,1
2025-01-16,Semarang,21,1,11875.0,5.0,4.4,205.0,3,1,0
2025-01-16,Surabaya,2,1,37364.0,28.5,5.0,244.0,3,1,0
2025-01-16,Surabaya,7,1,26196.0,8.2,4.8,202.0,3,1,1
2025-01-16,Surabaya,18,1,35973.0,41.6,4.0,209.0,3,1,1
2025-01-17,Bandung,5,2,46504.5,29.2,4.75,338.0,4,1,0
2025-01-17,Bandung,6,1,50545.0,39.0,4.3,233.0,4,1,1
2025-01-17,Bandung,11,1,44170.0,19.2,4.7,296.0,4,1,0
2025-01-17,Bandung,14,1,33490.0,20.7,4.6,292.0,4,1,0
2025-01-17,Bandung,16,1,20305.0,43.7,4.3,243.0,4,1,1
2025-01-17,Bandung,18,1,21509.0,31.4,4.5,239.0,4,1,1
2025-01-17,Bandung,19,2,42391.5,36.85,4.25,241.5,4,1,1
2025-01-17,Jakarta,0,1,30477.0,26.8,4.7,718.0,4,1,0
2025-01-17,Jakarta,4,1,63274.0,41.2,4.1,680.0,4,1,0
2025-01-17,Jakarta,5,1,41222.0,30.5,4.5,700.0,4,1,0
2025-01-17,Jakarta,6,2,54219.5,57.0,4.1,613.0,4,1,1
2025-01-17,Jakarta,7,3,40502.666666666664,37.03333333333333,4.366666666666666,603.0,4,1,1
2025-01-17,Jakarta,8,1,43428.0,36.7,4.5,599.0,4,1,1
2025-01-17,Jakarta,10,1,31939.0,25.7,4.4,670.0,4,1,0
2025-01-17,Jakarta,11,1,56210.0,36.2,5.0,718.0,4,1,0
2025-01-17,Jakarta,12,1,86238.0,59.7,4.5,716.0,4,1,0
2025-01-17,Jakarta,15,1,26971.0,18.7,4.8,673.0,4,1,0
2025-01-17,Jakarta,16,4,42686.0,43.925,4.425,626.75,4,1,1
2025-01-17,Jakarta,17,1,48646.0,40.0,4.5,624.0,4,1,1
2025-01-17,Jakarta,19,1,27366.0,29.3,4.7,629.0,4,1,1
2025-01-17,Jakarta,22,2,43815.0,34.75,4.6,725.5,4,1,0
2025-01-17,Medan,10,1,39940.0,34.7,5.0,239.0,4,1,0
2025-01-17,Medan,13,1,44364.0,15.3,4.5,197.0,4,1,0
2025-01-17,Medan,17,1,38349.0,53.5,4.4,123.0,4,1,1
2025-01-17,Medan,20,1,79035.0,42.6,4.8,245.0,4,1,0
2025-01-17,Semarang,2,1,49729.0,33.5,4.3,187.0,4,1,0
2025-01-17,Semarang,7,1,54284.0,32.8,4.7,109.0,4,1,1
2025-01-17,Semarang,13,1,46479.0,33.7,4.6,177.0,4,1,0
2025-01-17,Semarang,17,1,85544.0,49.3,4.7,96.0,4,1,1
2025-01-17,Semarang,22,1,64191.0,42.9,4.6,174.0,4,1,0
2025-01-17,Surabaya,5,1,79720.0,40.4,4.2,269.0,4,1,0
2025-01-17,Surabaya,10,1,63966.0,40.0,4.2,258.0,4,1,0
2025-01-17,Surabaya,19,1,22001.0,29.7,4.7,208.0,4,1,1
2025-01-18,Bandung,8,1,85724.0,55.0,4.6,258.0,5,1,1
2025-01-18,Bandung,10,1,35506.0,35.2,4.6,345.0,5,1,0
2025-01-18,Bandung,11,1,10000.0,5.0,5.0,294.0,5,1,0
2025-01-18,Bandung,16,1,55764.0,30.4,4.9,220.0,5,1,1
2025-01-18,Bandung,17,1,36145.0,28.9,4.7,250.0,5,1,1
2025-01-18,Bandung,19,1,57318.0,56.7,4.0,243.0,5,1,1
2025-01-18,Bandung,20,2,77579.5,34.95,4.6,306.0,5,1,0
2025-01-18,Jakarta,1,1,35084.0,5.0,4.8,706.0,5,1,0
2025-01-18,Jakarta,12,1,43763.0,19.5,4.3,670.0,5,1,0
2025-01-18,Jakarta,13,1,59174.0,53.8,4.2,677.0,5,1,0
2025-01-18,Jakarta,17,2,58588.0,39.5,4.5,616.0,5,1,1
2025-01-18,Jakarta,18,1,27714.0,35.4,4.4,642.0,5,1,1
2025-01-18,Jakarta,19,2,47762.5,46.25,4.4,640.5,5,1,1
2025-01-18,Jakarta,20,1,65514.0,37.6,4.1,675.0,5,1,0
2025-01-18,Jakarta,22,1,68916.0,37.8,4.0,706.0,5,1,0
2025-01-18,Jakarta,23,1,41112.0,36.1,4.2,718.0,5,1,0
2025-01-18,Medan,16,1,55257.0,36.4,4.6,146.0,5,1,1
2025-01-18,Semarang,8,1,38915.0,22.9,4.6,92.0,5,1,1
2025-01-18,Semarang,19,1,35287.0,35.2,4.1,130.0,5,1,1
2025-01-18,Surabaya,5,1,56101.0,6.6,4.6,276.0,5,1,0
2025-01-19,Bandung,7,1,31980.0,35.3,4.5,233.0,6,1,1
2025-01-19,Bandung,17,1,32647.0,23.9,4.7,262.0,6,1,1
2025-01-19,Bandung,18,1,53570.0,42.4,3.9,249.0,6,1,1
2025-01-19,Bandung,19,1,49310.0,23.7,4.7,240.0,6,1,1
2025-01-19,Bandung,20,1,36488.0,19.9,4.0,348.0,6,1,0
2025-01-19,Jakarta,2,1,80557.0,56.4,4.0,677.0,6,1,0
2025-01-19,Jakarta,8,1,65845.0,58.1,4.3,633.0,6,1,1
2025-01-19,Jakarta,12,1,63490.0,39.4,4.3,705.0,6,1,0
2025-01-19,Jakarta,14,1,49565.0,26.2,4.6,723.0,6,1,0
2025-01-19,Jakarta,15,2,54827.5,31.200000000000003,4.45,699.0,6,1,0
2025-01-19,Jakarta,17,1,82751.0,56.2,4.7,603.0,6,1,1
2025-01-19,Jakarta,18,1,41842.0,42.7,4.6,621.0,6,1,1
2025-01-19,Jakarta,19,3,48356.0,36.266666666666666,4.666666666666667,633.6666666666666,6,1,1
2025-01-19,Jakarta,21,1,53951.0,28.0,4.5,706.0,6,1,0
2025-01-19,Jakarta,22,1,13104.0,5.0,4.9,674.0,6,1,0
2025-01-19,Jakarta,23,1,60317.0,41.6,5.0,718.0,6,1,0
2025-01-19,Medan,13,1,10000.0,5.0,4.6,206.0,6,1,0
2025-01-19,Medan,16,1,97249.0,67.7,3.8,150.0,6,1,1
2025-01-19,Semarang,6,2,33007.5,40.099999999999994,4.449999999999999,82.5,6,1,1
2025-01-19,Semarang,8,1,29657.0,36.5,4.5,121.0,6,1,1
2025-01-19,Semarang,10,1,24539.0,20.5,4.5,179.0,6,1,0
2025-01-19,Semarang,13,1,41530.0,27.0,4.3,163.0,6,1,0
2025-01-19,Semarang,14,2,30731.5,17.5,4.45,193.0,6,1,0
2025-01-19,Semarang,16,1,89628.0,49.9,4.8,125.0,6,1,1
2025-01-19,Semarang,17,1,51591.0,51.6,3.9,103.0,6,1,1
2025-01-19,Semarang,18,1,77170.0,17.4,4.4,110.0,6,1,1
2025-01-19,Surabaya,1,1,70510.0,56.8,4.1,271.0,6,1,0
2025-01-19,Surabaya,9,1,59913.0,36.5,4.8,202.0,6,1,1
2025-01-20,Bandung,0,1,64801.0,37.6,5.0,294.0,0,1,0
2025-01-20,Jakarta,8,3,62299.666666666664,50.53333333333333,4.5,621.0,0,1,1
2025-01-20,Jakarta,9,1,30450.0,35.8,4.7,622.0,0,1,1
2025-01-20,Jakarta,10,1,23247.0,23.0,4.8,722.0,0,1,0
2025-01-20,Jakarta,11,2,60669.5,31.9,4.85,688.5,0,1,0
2025-01-20,Jakarta,14,1,77179.0,32.3,4.8,696.0,0,1,0
2025-01-20,Jakarta,15,1,44921.0,32.7,4.6,699.0,0,1,0
2025-01-20,Jakarta,16,2,41827.5,41.45,4.2,628.0,0,1,1
2025-01-20,Jakarta,17,2,36143.5,37.7,4.6,632.0,0,1,1
2025-01-20,Jakarta,18,2,57598.5,31.65,4.5,639.0,0,1,1
2025-01-20,Jakarta,19,1,27890.0,24.5,4.9,641.0,0,1,1
2025-01-20,Jakarta,20,1,36700.0,28.3,4.7,676.0,0,1,0
2025-01-20,Jakarta,21,1,59797.0,42.8,4.8,730.0,0,1,0
2025-01-20,Jakarta,22,1,27281.0,34.4,4.6,691.0,0,1,0
2025-01-20,Medan,3,1,47304.0,5.3,4.5,205.0,0,1,0
2025-01-20,Medan,7,1,38337.0,39.5,4.1,150.0,0,1,1
2025-01-20,Medan,19,1,27595.0,24.4,4.7,123.0,0,1,1
2025-01-20,Medan,21,1,31057.0,21.1,4.8,219.0,0,1,0
2025-01-20,Semarang,11,1,51259.0,36.7,4.7,163.0,0,1,0
2025-01-20,Semarang,15,1,36519.0,33.7,4.3,206.0,0,1,0
2025-01-20,Semarang,18,1,29119.0,20.6,4.8,124.0,0,1,1
2025-01-20,Semarang,20,1,41713.0,26.3,5.0,152.0,0,1,0
2025-01-20,Semarang,21,1,51482.0,30.3,4.5,188.0,0,1,0
2025-01-20,Surabaya,10,1,45274.0,31.8,4.4,276.0,0,1,0
2025-01-20,Surabaya,18,1,96837.0,47.6,4.3,188.0,0,1,1
2025-01-20,Surabaya,22,1,67367.0,45.9,4.3,261.0,0,1,0
2025-01-21,Bandung,8,2,51596.0,29.25,4.65,232.0,1,1,1
2025-01-21,Bandung,10,1,93390.0,57.2,4.1,314.0,1,1,0
2025-01-21,Bandung,16,1,62525.0,49.9,4.5,260.0,1,1,1
2025-01-21,Bandung,17,1,117655.0,56.9,3.9,228.0,1,1,1
2025-01-21,Bandung,18,1,38958.0,27.7,4.9,217.0,1,1,1
2025-01-21,Bandung,19,1,38109.0,27.1,4.9,268.0,1,1,1
2025-01-21,Bandung,20,1,36434.0,33.1,4.9,290.0,1,1,0
2025-01-21,Jakarta,7,1,40005.0,36.4,4.9,593.0,1,1,1
2025-01-21,Jakarta,8,1,58360.0,58.2,4.4,607.0,1,1,1
2025-01-21,Jakarta,9,4,45712.0,39.825,4.5,614.75,1,1,1
2025-01-21,Jakarta,10,1,87033.0,51.8,4.7,681.0,1,1,0
2025-01-21,Jakarta,11,1,37679.0,31.4,5.0,687.0,1,1,0
2025-01-21,Jakarta,12,1,43226.0,18.6,4.5,671.0,1,1,0
2025-01-21,Jakarta,13,1,68652.0,55.9,4.6,723.0,1,1,0
2025-01-21,Jakarta,15,1,41658.0,37.2,4.2,729.0,1,1,0
2025-01-21,Jakarta,16,1,29487.0,43.3,4.7,643.0,1,1,1
2025-01-21,Jakarta,17,1,49946.0,53.9,4.4,618.0,1,1,1
2025-01-21,Jakarta,18,1,29600.0,41.4,5.0,606.0,1,1,1
2025-01-21,Jakarta,21,1,56623.0,50.7,5.0,675.0,1,1,0
2025-01-21,Medan,7,1,63006.0,39.9,4.5,123.0,1,1,1
2025-01-21,Medan,8,3,49702.333333333336,39.2,4.266666666666667,152.66666666666666,1,1,1
2025-01-21,Medan,15,1,34929.0,17.6,4.9,225.0,1,1,0
2025-01-21,Medan,16,1,17274.0,19.2,5.0,166.0,1,1,1
2025-01-21,Medan,18,1,61866.0,46.7,4.5,153.0,1,1,1
2025-01-21,Medan,19,1,126379.0,68.6,3.8,127.0,1,1,1
2025-01-21,Semarang,9,1,45111.0,39.1,4.3,96.0,1,1,1
2025-01-21,Semarang,13,1,16255.0,17.8,4.4,150.0,1,1,0
2025-01-21,Semarang,21,1,36397.0,24.7,4.9,206.0,1,1,0
2025-01-21,Surabaya,0,1,62986.0,39.5,4.5,237.0,1,1,0
2025-01-21,Surabaya,5,1,54292.0,26.0,4.5,263.0,1,1,0
2025-01-21,Surabaya,11,3,41619.0,29.0,4.3,257.3333333333333,1,1,0
2025-01-21,Surabaya,14,1,16716.0,19.8,4.7,235.0,1,1,0
2025-01-21,Surabaya,15,2,53807.5,41.9,4.6,248.0,1,1,0
2025-01-21,Surabaya,19,1,58410.0,29.0,4.7,205.0,1,1,1
2025-01-21,Surabaya,21,1,33807.0,41.6,4.7,246.0,1,1,0
2025-01-22,Bandung,12,1,46017.0,23.9,4.1,327.0,2,1,0
2025-01-22,Bandung,16,1,15235.0,14.8,4.7,227.0,2,1,1
2025-01-22,Bandung,20,1,58345.0,24.1,4.7,324.0,2,1,0
2025-01-22,Jakarta,7,3,61582.0,40.333333333333336,4.7,625.3333333333334,2,1,1
2025-01-22,Jakarta,14,1,38028.0,40.3,4.7,703.0,2,1,0
2025-01-22,Jakarta,16,1,44927.0,25.8,4.8,642.0,2,1,1
2025-01-22,Jakarta,17,1,30031.0,43.8,4.4,650.0,2,1,1
2025-01-22,Jakarta,18,1,50803.0,47.9,4.6,594.0,2,1,1
2025-01-22,Jakarta,19,2,51485.0,46.400000000000006,4.75,621.5,2,1,1
2025-01-22,Jakarta,21,1,76945.0,38.7,4.3,714.0,2,1,0
2025-01-22,Jakarta,23,1,48662.0,35.6,5.0,709.0,2,1,0
2025-01-22,Medan,7,1,24967.0,23.1,4.8,149.0,2,1,1
2025-01-22,Medan,17,1,51839.0,43.2,4.4,153.0,2,1,1
2025-01-22,Medan,18,1,32553.0,38.9,4.5,125.0,2,1,1
2025-01-22,Medan,19,1,53088.0,35.3,4.6,156.0,2,1,1
2025-01-22,Semarang,8,1,44620.0,31.1,4.4,127.0,2,1,1
2025-01-22,Semarang,9,1,55621.0,49.6,4.4,108.0,2,1,1
2025-01-22,Semarang,16,1,51802.0,25.7,4.9,102.0,2,1,1
2025-01-22,Semarang,17,1,16266.0,32.3,4.6,115.0,2,1,1
2025-01-22,Surabaya,2,1,43024.0,33.1,4.8,250.0,2,1,0
2025-01-22,Surabaya,7,1,67245.0,36.8,4.6,191.0,2,1,1
2025-01-22,Surabaya,12,1,45116.0,39.4,4.1,267.0,2,1,0
2025-01-22,Surabaya,16,1,44144.0,24.7,4.6,189.0,2,1,1
2025-01-23,Bandung,9,1,79775.0,67.8,4.7,233.0,3,1,1
2025-01-23,Bandung,13,1,40921.0,37.1,4.5,318.0,3,1,0
2025-01-23,Bandung,18,2,39527.0,33.0,4.8,238.0,3,1,1
2025-01-23,Jakarta,6,1,48205.0,57.3,4.6,603.0,3,1,1
2025-01-23,Jakarta,8,2,46780.0,29.299999999999997,4.75,614.5,3,1,1
2025-01-23,Jakarta,9,1,70562.0,60.9,4.5,633.0,3,1,1
2025-01-23,Jakarta,10,1,39035.0,23.7,4.5,707.0,3,1,0
2025-01-23,Jakarta,15,2,63818.5,55.75,4.449999999999999,688.0,3,1,0
2025-01-23,Jakarta,16,1,32446.0,39.9,4.7,632.0,3,1,1
2025-01-23,Jakarta,18,3,55373.333333333336,42.43333333333333,4.5,618.0,3,1,1
2025-01-23,Jakarta,20,1,52704.0,41.6,4.6,720.0,3,1,0
2025-01-23,Jakarta,21,1,92106.0,47.3,4.7,703.0,3,1,0
2025-01-23,Jakarta,23,1,109792.0,49.1,4.2,696.0,3,1,0
2025-01-23,Medan,12,1,52330.0,34.5,4.5,229.0,3,1,0
2025-01-23,Medan,20,1,58364.0,36.2,4.5,191.0,3,1,0
2025-01-23,Semarang,11,1,28926.0,23.8,5.0,198.0,3,1,0
2025-01-23,Semarang,13,1,56539.0,24.6,4.4,182.0,3,1,0
2025-01-23,Semarang,20,1,53622.0,39.7,4.3,188.0,3,1,0
2025-01-23,Semarang,21,2,22413.0,19.6,4.7,179.5,3,1,0
2025-01-23,Surabaya,7,3,45976.0,50.53333333333333,4.566666666666666,195.0,3,1,1
2025-01-23,Surabaya,13,2,43247.5,31.0,4.4,258.5,3,1,0
2025-01-23,Surabaya,18,1,74165.0,50.3,4.4,165.0,3,1,1
2025-01-24,Bandung,6,1,52755.0,48.6,4.5,244.0,4,1,1
2025-01-24,Bandung,7,1,52840.0,40.3,4.6,264.0,4,1,1
2025-01-24,Bandung,8,1,50666.0,46.8,4.3,260.0,4,1,1
2025-01-24,Bandung,13,1,21498.0,19.5,4.7,300.0,4,1,0
2025-01-24,Bandung,16,1,23566.0,49.3,4.2,257.0,4,1,1
2025-01-24,Bandung,17,1,30413.0,33.0,4.7,216.0,4,1,1
2025-01-24,Bandung,20,1,62284.0,38.9,5.0,319.0,4,1,0
2025-01-24,Jakarta,3,1,56501.0,33.9,4.7,692.0,4,1,0
2025-01-24,Jakarta,6,1,56548.0,54.7,4.5,628.0,4,1,1
2025-01-24,Jakarta,9,2,25253.5,30.7,4.75,609.5,4,1,1
2025-01-24,Jakarta,10,1,36890.0,37.2,4.8,694.0,4,1,0
2025-01-24,Jakarta,11,2,57149.5,35.9,4.55,700.5,4,1,0
2025-01-24,Jakarta,12,4,54797.75,28.575,4.625,708.25,4,1,0
2025-01-24,Jakarta,13,1,67736.0,56.2,4.3,714.0,4,1,0
2025-01-24,Jakarta,15,2,41948.5,40.9,4.35,698.5,4,1,0
2025-01-24,Jakarta,17,1,39474.0,15.5,4.8,643.0,4,1,1
2025-01-24,Jakarta,18,1,62175.0,46.2,4.5,645.0,4,1,1
2025-01-24,Jakarta,19,2,61933.0,36.35,4.75,614.0,4,1,1
2025-01-24,Jakarta,20,2,61274.5,50.5,4.65,698.0,4,1,0
2025-01-24,Medan,14,2,82612.5,45.2,4.25,237.5,4,1,0
2025-01-24,Semarang,17,2,38819.0,28.95,4.75,114.0,4,1,1
2025-01-24,Semarang,18,2,19210.5,34.9,4.5,106.5,4,1,1
2025-01-24,Semarang,19,1,14855.0,28.2,4.6,80.0,4,1,1
2025-01-24,Surabaya,7,1,52074.0,50.1,4.3,205.0,4,1,1
2025-01-24,Surabaya,12,1,65202.0,43.0,4.5,237.0,4,1,0
2025-01-24,Surabaya,13,1,46448.0,44.4,4.3,261.0,4,1,0
2025-01-24,Surabaya,19,1,43071.0,48.3,4.3,208.0,4,1,1
2025-01-25,Bandung,6,1,47339.0,21.0,4.4,266.0,5,1,1
2025-01-25,Bandung,7,1,44452.0,49.0,4.3,228.0,5,1,1
2025-01-25,Bandung,13,1,49045.0,27.5,5.0,321.0,5,1,0
2025-01-25,Bandung,16,2,45708.5,41.65,4.4,254.5,5,1,1
2025-01-25,Bandung,18,1,37986.0,18.7,4.8,233.0,5,1,1
2025-01-25,Jakarta,2,2,20768.0,23.75,4.65,689.5,5,1,0
2025-01-25,Jakarta,5,1,64237.0,45.6,4.2,708.0,5,1,0
2025-01-25,Jakarta,7,3,66472.66666666667,38.53333333333333,4.366666666666667,609.0,5,1,1
2025-01-25,Jakarta,8,2,52412.5,29.1,4.65,616.5,5,1,1
2025-01-25,Jakarta,9,1,41861.0,36.0,4.7,609.0,5,1,1
2025-01-25,Jakarta,11,3,65740.33333333333,37.766666666666666,4.633333333333333,696.6666666666666,5,1,0
2025-01-25,Jakarta,12,1,38393.0,26.7,4.5,710.0,5,1,0
2025-01-25,Jakarta,13,2,47841.0,37.45,4.35,679.0,5,1,0
2025-01-25,Jakarta,17,1,40573.0,47.4,4.4,596.0,5,1,1
2025-01-25,Jakarta,18,1,51420.0,37.3,4.7,595.0,5,1,1
2025-01-25,Jakarta,19,4,51973.0,47.150000000000006,4.25,613.5,5,1,1
2025-01-25,Medan,0,1,55583.0,38.0,5.0,237.0,5,1,0
2025-01-25,Medan,2,1,97851.0,49.6,4.4,238.0,5,1,0
2025-01-25,Medan,6,1,32021.0,38.8,4.4,156.0,5,1,1
2025-01-25,Medan,9,1,106385.0,43.8,4.4,156.0,5,1,1
2025-01-25,Medan,16,2,74682.0,41.0,4.1,136.0,5,1,1
2025-01-25,Medan,18,1,40668.0,42.9,4.6,166.0,5,1,1
2025-01-25,Semarang,7,1,29370.0,30.2,4.3,95.0,5,1,1
2025-01-25,Semarang,20,1,51448.0,32.1,4.5,190.0,5,1,0
2025-01-25,Semarang,21,1,17166.0,25.3,5.0,210.0,5,1,0
2025-01-26,Bandung,6,1,45830.0,36.5,4.3,218.0,6,1,1
2025-01-26,Bandung,7,1,27772.0,15.4,5.0,259.0,6,1,1
2025-01-26,Bandung,9,1,94023.0,46.2,4.2,211.0,6,1,1
2025-01-26,Bandung,11,1,24935.0,18.2,4.8,349.0,6,1,0
2025-01-26,Bandung,12,1,47016.0,37.2,4.5,332.0,6,1,0
2025-01-26,Bandung,14,1,35328.0,29.4,4.7,310.0,6,1,0
2025-01-26,Bandung,15,2,35561.5,33.8,4.5,324.0,6,1,0
2025-01-26,Bandung,17,3,40195.333333333336,40.766666666666666,4.566666666666666,248.0,6,1,1
2025-01-26,Bandung,19,1,56199.0,33.6,4.7,229.0,6,1,1
2025-01-26,Bandung,20,1,30305.0,12.2,4.3,322.0,6,1,0
2025-01-26,Bandung,22,1,37202.0,15.6,4.1,340.0,6,1,0
2025-01-26,Jakarta,6,1,53212.0,53.9,4.4,612.0,6,1,1
2025-01-26,Jakarta,7,1,10551.0,25.4,4.6,628.0,6,1,1
2025-01-26,Jakarta,10,1,40910.0,34.1,4.5,684.0,6,1,0
2025-01-26,Jakarta,13,1,38823.0,22.5,4.9,680.0,6,1,0
2025-01-26,Jakarta,16,1,60793.0,44.5,3.9,636.0,6,1,1
2025-01-26,Jakarta,17,1,88052.0,78.4,4.0,638.0,6,1,1
2025-01-26,Jakarta,18,1,10670.0,9.6,4.8,611.0,6,1,1
2025-01-26,Jakarta,19,1,39331.0,43.2,4.7,635.0,6,1,1
2025-01-26,Jakarta,21,1,51385.0,27.0,5.0,686.0,6,1,0
2025-01-26,Jakarta,22,1,22103.0,18.3,4.5,705.0,6,1,0
2025-01-26,Jakarta,23,1,46152.0,28.9,5.0,715.0,6,1,0
2025-01-26,Medan,8,1,56161.0,28.3,5.0,137.0,6,1,1
2025-01-26,Medan,9,1,27092.0,26.6,4.6,156.0,6,1,1
2025-01-26,Medan,11,1,29846.0,12.4,4.7,220.0,6,1,0
2025-01-26,Medan,14,1,42749.0,34.6,4.4,221.0,6,1,0
2025-01-26,Medan,16,1,57072.0,29.7,4.3,148.0,6,1,1
2025-01-26,Medan,18,1,40731.0,24.5,5.0,163.0,6,1,1
2025-01-26,Medan,19,1,39392.0,38.8,4.5,149.0,6,1,1
2025-01-26,Medan,20,1,36993.0,34.6,4.5,208.0,6,1,0
2025-01-26,Semarang,9,1,10000.0,18.1,4.8,122.0,6,1,1
2025-01-26,Semarang,15,2,34637.5,19.25,4.4,196.0,6,1,0
2025-01-26,Surabaya,12,1,53444.0,27.4,4.7,234.0,6,1,0
2025-01-26,Surabaya,17,1,47140.0,30.7,4.6,157.0,6,1,1
2025-01-26,Surabaya,21,1,52211.0,31.1,4.8,282.0,6,1,0
2025-01-27,Bandung,12,1,39381.0,23.1,4.9,326.0,0,1,0
2025-01-27,Bandung,13,2,54573.0,39.150000000000006,4.449999999999999,317.5,0,1,0
2025-01-27,Bandung,14,1,43509.0,16.2,4.9,306.0,0,1,0
2025-01-27,Bandung,15,1,43118.0,25.5,4.5,302.0,0,1,0
2025-01-27,Bandung,17,1,44449.0,29.5,4.5,239.0,0,1,1
2025-01-27,Bandung,22,2,47249.5,17.55,4.65,329.5,0,1,0
2025-01-27,Jakarta,1,1,89550.0,53.2,4.7,717.0,0,1,0
2025-01-27,Jakarta,7,2,27045.0,43.4,4.85,635.0,0,1,1
2025-01-27,Jakarta,8,1,101422.0,64.5,4.1,626.0,0,1,1
2025-01-27,Jakarta,11,2,69927.5,35.900000000000006,4.35,715.5,0,1,0
2025-01-27,Jakarta,13,1,56748.0,52.3,4.5,702.0,0,1,0
2025-01-27,Jakarta,14,1,53232.0,33.9,4.2,682.0,0,1,0
2025-01-27,Jakarta,17,1,44915.0,35.9,4.7,618.0,0,1,1
2025-01-27,Jakarta,18,2,34548.0,52.5,4.35,628.5,0,1,1
2025-01-27,Jakarta,19,1,75272.0,76.5,4.3,620.0,0,1,1
2025-01-27,Jakarta,21,1,52162.0,47.5,4.1,696.0,0,1,0
2025-01-27,Medan,11,1,50883.0,39.3,4.2,229.0,0,1,0
2025-01-27,Semarang,8,1,40347.0,45.7,4.7,99.0,0,1,1
2025-01-27,Semarang,11,1,83023.0,48.5,4.5,164.0,0,1,0
2025-01-27,Semarang,15,1,31283.0,6.9,4.2,154.0,0,1,0
2025-01-27,Semarang,21,1,45979.0,12.7,4.9,165.0,0,1,0
2025-01-27,Surabaya,13,1,41440.0,35.2,4.2,259.0,0,1,0
2025-01-27,Surabaya,17,1,47445.0,58.9,4.3,169.0,0,1,1
2025-01-28,Bandung,1,1,23861.0,29.8,4.4,310.0,1,1,0
2025-01-28,Bandung,10,1,47166.0,28.7,5.0,292.0,1,1,0
2025-01-28,Bandung,12,2,25819.0,24.9,4.7,306.0,1,1,0
2025-01-28,Jakarta,1,1,60135.0,32.4,4.8,720.0,1,1,0
2025-01-28,Jakarta,6,1,32083.0,44.1,4.9,626.0,1,1,1
2025-01-28,Jakarta,9,1,98267.0,60.3,4.4,594.0,1,1,1
2025-01-28,Jakarta,10,1,65642.0,44.3,4.2,696.0,1,1,0
2025-01-28,Jakarta,11,1,39157.0,27.8,5.0,676.0,1,1,0
2025-01-28,Jakarta,15,2,42738.0,26.8,4.45,697.5,1,1,0
2025-01-28,Jakarta,16,1,39559.0,33.6,4.6,591.0,1,1,1
2025-01-28,Jakarta,17,2,36901.0,33.6,4.5,623.0,1,1,1
2025-01-28,Jakarta,18,2,36152.0,31.400000000000002,4.65,603.5,1,1,1
2025-01-28,Jakarta,20,1,53699.0,30.5,4.4,720.0,1,1,0
2025-01-28,Medan,4,1,46825.0,30.1,4.4,207.0,1,1,0
2025-01-28,Medan,8,1,51453.0,52.0,4.9,157.0,1,1,1
2025-01-28,Medan,11,1,54060.0,19.5,4.4,228.0,1,1,0
2025-01-28,Semarang,17,1,28206.0,23.2,4.3,96.0,1,1,1
2025-01-28,Surabaya,11,1,30660.0,32.0,4.9,255.0,1,1,0
2025-01-28,Surabaya,15,1,40130.0,46.1,4.4,250.0,1,1,0
2025-01-29,Bandung,8,2,33640.5,24.15,4.65,247.5,2,1,1
2025-01-29,Bandung,15,1,73577.0,63.0,4.7,328.0,2,1,0
2025-01-29,Bandung,16,1,15918.0,24.1,4.8,227.0,2,1,1
2025-01-29,Bandung,20,1,61501.0,48.4,4.6,307.0,2,1,0
2025-01-29,Jakarta,0,1,59730.0,22.6,4.4,682.0,2,1,0
2025-01-29,Jakarta,6,1,46134.0,43.6,4.8,607.0,2,1,1
2025-01-29,Jakarta,8,3,40397.666666666664,47.4,4.533333333333334,621.0,2,1,1
2025-01-29,Jakarta,12,2,56602.5,37.4,4.55,695.5,2,1,0
2025-01-29,Jakarta,13,1,29765.0,19.0,4.4,675.0,2,1,0
2025-01-29,Jakarta,17,1,25169.0,40.8,4.5,598.0,2,1,1
2025-01-29,Jakarta,18,1,55378.0,38.3,4.6,622.0,2,1,1
2025-01-29,Jakarta,21,1,23104.0,7.5,4.6,712.0,2,1,0
2025-01-29,Medan,7,1,18889.0,39.4,4.6,111.0,2,1,1
2025-01-29,Medan,12,2,65763.0,37.05,4.5,224.0,2,1,0
2025-01-29,Medan,16,1,34381.0,33.5,4.0,147.0,2,1,1
2025-01-29,Medan,18,1,44957.0,49.1,5.0,111.0,2,1,1
2025-01-29,Medan,19,1,52393.0,45.9,5.0,122.0,2,1,1
2025-01-29,Semarang,13,1,78162.0,39.6,5.0,185.0,2,1,0
2025-01-29,Semarang,17,1,29100.0,22.3,4.5,117.0,2,1,1
2025-01-29,Semarang,19,1,56442.0,33.9,4.3,129.0,2,1,1
2025-01-29,Surabaya,7,2,43803.5,33.3,4.5,178.0,2,1,1
2025-01-29,Surabaya,16,1,45756.0,27.4,5.0,168.0,2,1,1
2025-01-29,Surabaya,19,1,14173.0,28.8,4.7,182.0,2,1,1
2025-01-29,Surabaya,23,1,46420.0,37.1,4.5,262.0,2,1,0
2025-01-30,Bandung,8,1,51747.0,31.2,4.9,229.0,3,1,1
2025-01-30,Bandung,12,1,35401.0,19.5,4.8,327.0,3,1,0
2025-01-30,Bandung,14,1,46514.0,12.4,4.8,337.0,3,1,0
2025-01-30,Bandung,16,1,45015.0,51.1,4.7,230.0,3,1,1
2025-01-30,Jakarta,5,1,31578.0,19.8,5.0,723.0,3,1,0
2025-01-30,Jakarta,6,1,36257.0,46.6,4.0,646.0,3,1,1
2025-01-30,Jakarta,8,1,51494.0,43.0,4.1,608.0,3,1,1
2025-01-30,Jakarta,9,3,60485.333333333336,43.93333333333334,4.633333333333333,627.0,3,1,1
2025-01-30,Jakarta,11,2,59362.5,43.8,4.75,676.0,3,1,0
2025-01-30,Jakarta,12,3,52381.0,27.666666666666668,4.433333333333334,699.3333333333334,3,1,0
2025-01-30,Jakarta,16,3,20766.0,18.166666666666668,4.466666666666666,613.6666666666666,3,1,1
2025-01-30,Jakarta,17,1,35851.0,32.8,4.3,602.0,3,1,1
2025-01-30,Jakarta,18,1,51077.0,27.2,4.7,624.0,3,1,1
2025-01-30,Jakarta,19,2,56851.0,36.0,4.5,614.0,3,1,1
2025-01-30,Medan,20,1,40661.0,46.6,4.4,246.0,3,1,0
2025-01-30,Medan,23,1,60326.0,24.2,4.4,232.0,3,1,0
2025-01-30,Semarang,12,1,27677.0,49.7,4.5,153.0,3,1,0
2025-01-30,Semarang,14,1,11054.0,5.0,4.7,174.0,3,1,0
2025-01-30,Semarang,17,1,10000.0,6.7,4.9,125.0,3,1,1
2025-01-30,Semarang,18,1,54868.0,40.9,4.8,84.0,3,1,1
2025-01-30,Surabaya,7,1,26547.0,22.8,4.4,208.0,3,1,1
2025-01-30,Surabaya,12,1,59171.0,28.6,4.7,278.0,3,1,0
2025-01-30,Surabaya,14,1,41372.0,39.5,4.5,245.0,3,1,0
2025-01-30,Surabaya,18,3,65047.0,36.1,4.2,171.0,3,1,1
2025-01-31,Bandung,4,1,34745.0,29.9,4.8,338.0,4,1,0
2025-01-31,Bandung,8,1,55568.0,39.8,4.7,259.0,4,1,1
2025-01-31,Bandung,9,1,34013.0,5.8,4.7,241.0,4,1,1
2025-01-31,Jakarta,7,3,59133.0,45.199999999999996,4.466666666666667,634.3333333333334,4,1,1
2025-01-31,Jakarta,9,1,48539.0,54.1,4.2,613.0,4,1,1
2025-01-31,Jakarta,10,1,49396.0,36.8,4.4,698.0,4,1,0
2025-01-31,Jakarta,11,1,39203.0,41.1,4.7,687.0,4,1,0
2025-01-31,Jakarta,12,1,39263.0,8.1,5.0,707.0,4,1,0
2025-01-31,Jakarta,17,2,43415.5,31.6,4.6,604.0,4,1,1
2025-01-31,Jakarta,18,2,54144.5,51.3,4.35,621.5,4,1,1
2025-01-31,Jakarta,21,1,69735.0,47.3,4.2,707.0,4,1,0
2025-01-31,Medan,12,1,57641.0,41.0,4.8,249.0,4,1,0
2025-01-31,Medan,19,1,73218.0,41.7,4.5,112.0,4,1,1
2025-01-31,Medan,23,1,84326.0,74.7,4.1,235.0,4,1,0
2025-01-31,Semarang,17,1,33377.0,34.9,4.8,70.0,4,1,1
2025-01-31,Surabaya,8,1,47862.0,50.8,4.3,166.0,4,1,1
2025-01-31,Surabaya,9,1,71975.0,55.4,4.2,168.0,4,1,1
2025-01-31,Surabaya,10,2,47007.5,32.0,4.8,263.5,4,1,0
2025-02-01,Bandung,0,1,77545.0,49.4,4.4,296.0,5,2,0
2025-02-01,Bandung,6,1,56487.0,22.8,4.8,242.0,5,2,1
2025-02-01,Bandung,7,2,43650.0,40.95,4.35,238.5,5,2,1
2025-02-01,Bandung,11,1,36469.0,28.9,4.6,297.0,5,2,0
2025-02-01,Bandung,14,2,37496.0,40.0,4.45,294.5,5,2,0
2025-02-01,Bandung,15,2,19161.5,21.95,4.75,320.0,5,2,0
2025-02-01,Bandung,16,2,36925.5,14.149999999999999,4.55,240.5,5,2,1
2025-02-01,Bandung,17,1,21109.0,26.1,5.0,245.0,5,2,1
2025-02-01,Bandung,19,1,65307.0,36.6,4.6,211.0,5,2,1
2025-02-01,Jakarta,7,3,44810.666666666664,39.9,4.533333333333333,628.0,5,2,1
2025-02-01,Jakarta,8,1,10000.0,32.6,4.8,619.0,5,2,1
2025-02-01,Jakarta,15,1,22130.0,10.5,4.6,725.0,5,2,0
2025-02-01,Jakarta,16,1,30795.0,38.6,4.3,613.0,5,2,1
2025-02-01,Jakarta,17,3,36087.666666666664,30.633333333333336,4.466666666666666,600.6666666666666,5,2,1
2025-02-01,Jakarta,19,2,98554.0,48.0,4.5,619.5,5,2,1
2025-02-01,Jakarta,21,1,35507.0,33.4,4.6,678.0,5,2,0
2025-02-01,Jakarta,23,2,46173.5,33.45,4.85,714.5,5,2,0
2025-02-01,Medan,2,1,55020.0,31.8,4.2,239.0,5,2,0
2025-02-01,Medan,8,1,20551.0,36.9,4.3,126.0,5,2,1
2025-02-01,Medan,14,1,65392.0,34.2,4.6,247.0,5,2,0
2025-02-01,Medan,18,1,43655.0,27.0,4.8,126.0,5,2,1
2025-02-01,Semarang,6,2,33359.5,40.25,4.3,111.0,5,2,1
2025-02-01,Semarang,7,1,87837.0,39.7,4.5,127.0,5,2,1
2025-02-01,Semarang,8,1,36534.0,41.5,4.2,124.0,5,2,1
2025-02-01,Semarang,16,1,29727.0,40.9,4.7,129.0,5,2,1
2025-02-01,Surabaya,8,1,49446.0,55.3,4.0,171.0,5,2,1
2025-02-01,Surabaya,11,1,37748.0,5.0,4.8,261.0,5,2,0
2025-02-01,Surabaya,18,3,64536.333333333336,41.766666666666666,4.533333333333334,191.0,5,2,1
2025-02-01,Surabaya,20,1,30697.0,26.9,4.9,240.0,5,2,0
2025-02-02,Bandung,4,1,58910.0,30.5,4.7,300.0,6,2,0
2025-02-02,Bandung,7,1,49960.0,35.7,4.1,240.0,6,2,1
2025-02-02,Bandung,11,1,40447.0,29.4,4.5,310.0,6,2,0
2025-02-02,Bandung,15,1,54228.0,47.4,4.4,303.0,6,2,0
2025-02-02,Bandung,16,2,46066.5,27.4,4.25,248.5,6,2,1
2025-02-02,Bandung,18,1,52636.0,57.0,4.5,241.0,6,2,1
2025-02-02,Bandung,22,2,69005.5,36.2,4.4,340.5,6,2,0
2025-02-02,Jakarta,5,1,46197.0,31.0,4.5,697.0,6,2,0
2025-02-02,Jakarta,7,1,96758.0,63.5,3.9,603.0,6,2,1
2025-02-02,Jakarta,8,2,68309.0,56.05,4.45,629.5,6,2,1
2025-02-02,Jakarta,9,2,39831.5,44.25,4.25,613.0,6,2,1
2025-02-02,Jakarta,11,1,56198.0,44.2,4.1,714.0,6,2,0
2025-02-02,Jakarta,12,1,61386.0,45.6,4.4,727.0,6,2,0
2025-02-02,Jakarta,13,1,32553.0,14.1,4.4,725.0,6,2,0
2025-02-02,Jakarta,15,2,55156.5,35.55,4.7,685.0,6,2,0
2025-02-02,Jakarta,16,2,62849.5,45.1,4.35,636.0,6,2,1
2025-02-02,Jakarta,19,2,36914.5,24.6,4.5,622.5,6,2,1
2025-02-02,Jakarta,20,2,39026.0,34.65,4.6,711.5,6,2,0
2025-02-02,Jakarta,22,1,35923.0,36.6,4.7,711.0,6,2,0
2025-02-02,Medan,5,1,46549.0,18.0,4.2,249.0,6,2,0
2025-02-02,Medan,8,1,33401.0,28.2,4.2,146.0,6,2,1
2025-02-02,Medan,11,1,32250.0,46.9,4.2,237.0,6,2,0
2025-02-02,Medan,17,1,47019.0,29.0,5.0,128.0,6,2,1
2025-02-02,Semarang,6,1,42995.0,38.8,4.3,126.0,6,2,1
2025-02-02,Semarang,10,1,50474.0,43.1,4.5,158.0,6,2,0
2025-02-02,Semarang,11,1,55920.0,38.6,4.6,153.0,6,2,0
2025-02-02,Semarang,17,2,55175.5,34.65,4.6,112.5,6,2,1
2025-02-02,Semarang,23,1,70686.0,26.4,4.7,204.0,6,2,0
2025-02-02,Surabaya,6,1,27848.0,17.7,4.7,206.0,6,2,1
2025-02-02,Surabaya,11,1,60553.0,40.6,4.3,283.0,6,2,0
2025-02-02,Surabaya,12,1,60285.0,23.9,5.0,280.0,6,2,0
2025-02-02,Surabaya,13,1,61405.0,34.3,4.5,268.0,6,2,0
2025-02-02,Surabaya,18,1,50525.0,57.1,4.6,205.0,6,2,1
2025-02-03,Bandung,8,1,50450.0,53.1,4.1,215.0,0,2,1
2025-02-03,Bandung,12,1,10546.0,14.1,4.6,333.0,0,2,0
2025-02-03,Bandung,16,1,41515.0,35.7,5.0,227.0,0,2,1
2025-02-03,Bandung,17,1,40626.0,21.9,5.0,241.0,0,2,1
2025-02-03,Bandung,19,1,47194.0,29.6,4.8,216.0,0,2,1
2025-02-03,Bandung,20,1,76811.0,64.0,4.4,321.0,0,2,0
2025-02-03,Bandung,21,2,65684.0,43.900000000000006,4.55,325.5,0,2,0
2025-02-03,Jakarta,7,1,65355.0,32.5,4.7,631.0,0,2,1
2025-02-03,Jakarta,12,1,52170.0,29.2,4.4,678.0,0,2,0
2025-02-03,Jakarta,15,1,56604.0,49.9,4.3,697.0,0,2,0
2025-02-03,Jakarta,16,2,64241.0,55.6,4.5,640.5,0,2,1
2025-02-03,Jakarta,18,2,33551.0,25.05,4.75,610.0,0,2,1
2025-02-03,Jakarta,19,1,52184.0,35.5,4.6,625.0,0,2,1
2025-02-03,Jakarta,20,1,42185.0,42.9,4.6,700.0,0,2,0
2025-02-03,Jakarta,21,2,64436.0,30.55,4.699999999999999,705.5,0,2,0
2025-02-03,Medan,19,1,31707.0,34.6,4.7,129.0,0,2,1
2025-02-03,Medan,23,1,61496.0,26.0,4.2,235.0,0,2,0
2025-02-03,Semarang,12,1,41193.0,27.3,4.4,204.0,0,2,0
2025-02-03,Surabaya,11,1,10000.0,5.0,5.0,245.0,0,2,0
2025-02-03,Surabaya,23,1,16236.0,13.5,5.0,233.0,0,2,0
2025-02-04,Bandung,6,1,59696.0,35.9,4.1,257.0,1,2,1
2025-02-04,Bandung,8,1,55280.0,36.7,4.2,225.0,1,2,1
2025-02-04,Bandung,20,1,23851.0,11.8,4.9,323.0,1,2,0
2025-02-04,Jakarta,0,1,57842.0,28.0,4.5,713.0,1,2,0
2025-02-04,Jakarta,5,1,107931.0,44.6,4.0,688.0,1,2,0
2025-02-04,Jakarta,8,1,68048.0,42.7,4.7,622.0,1,2,1
2025-02-04,Jakarta,11,1,35306.0,29.6,4.6,720.0,1,2,0
2025-02-04,Jakarta,12,1,56899.0,54.5,4.1,713.0,1,2,0
2025-02-04,Jakarta,13,1,37959.0,8.7,4.8,719.0,1,2,0
2025-02-04,Jakarta,16,1,62093.0,36.5,4.3,596.0,1,2,1
2025-02-04,Jakarta,17,1,33544.0,31.8,4.8,593.0,1,2,1
2025-02-04,Jakarta,18,2,91430.5,44.5,4.45,643.0,1,2,1
2025-02-04,Jakarta,19,2,51836.0,34.75,4.6,628.0,1,2,1
2025-02-04,Jakarta,21,1,42824.0,32.8,4.1,694.0,1,2,0
2025-02-04,Jakarta,22,2,71179.0,48.3,4.199999999999999,686.5,1,2,0
2025-02-04,Medan,7,1,80668.0,57.9,4.5,146.0,1,2,1
2025-02-04,Medan,15,1,22886.0,15.7,4.7,238.0,1,2,0
2025-02-04,Medan,19,1,43220.0,40.7,4.1,146.0,1,2,1
2025-02-04,Medan,20,1,49086.0,49.0,4.3,205.0,1,2,0
2025-02-04,Semarang,5,1,56646.0,24.3,4.9,176.0,1,2,0
2025-02-04,Semarang,10,1,49539.0,19.7,4.5,207.0,1,2,0
2025-02-04,Semarang,13,1,55846.0,33.5,4.6,187.0,1,2,0
2025-02-04,Semarang,14,1,97180.0,48.6,4.5,172.0,1,2,0
2025-02-04,Semarang,18,1,25366.0,31.6,4.3,109.0,1,2,1
2025-02-04,Surabaya,5,1,24725.0,15.9,4.8,285.0,1,2,0
2025-02-04,Surabaya,17,1,62680.0,49.5,4.4,164.0,1,2,1
2025-02-04,Surabaya,18,1,73944.0,73.0,3.6,186.0,1,2,1
2025-02-04,Surabaya,20,1,47031.0,34.9,4.4,264.0,1,2,0
2025-02-05,Bandung,6,1,68870.0,28.0,5.0,233.0,2,2,1
2025-02-05,Bandung,8,1,45740.0,52.7,4.3,268.0,2,2,1
2025-02-05,Bandung,9,1,84125.0,49.2,4.8,216.0,2,2,1
2025-02-05,Bandung,13,2,60373.0,44.95,4.699999999999999,319.0,2,2,0
2025-02-05,Bandung,17,2,32953.0,40.9,4.699999999999999,257.0,2,2,1
2025-02-05,Bandung,18,1,26214.0,14.4,4.7,253.0,2,2,1
2025-02-05,Bandung,19,1,45173.0,42.3,4.0,235.0,2,2,1
2025-02-05,Jakarta,5,1,27153.0,15.0,4.5,710.0,2,2,0
2025-02-05,Jakarta,8,1,12542.0,26.1,5.0,640.0,2,2,1
2025-02-05,Jakarta,9,1,14114.0,20.1,4.9,649.0,2,2,1
2025-02-05,Jakarta,10,1,52413.0,33.2,4.7,730.0,2,2,0
2025-02-05,Jakarta,13,1,40570.0,42.9,4.0,692.0,2,2,0
2025-02-05,Jakarta,15,1,37708.0,17.3,4.6,717.0,2,2,0
2025-02-05,Jakarta,16,3,68025.0,43.36666666666667,4.433333333333334,620.3333333333334,2,2,1
2025-02-05,Jakarta,18,1,58496.0,51.1,4.3,615.0,2,2,1
2025-02-05,Jakarta,19,1,60459.0,28.4,4.2,600.0,2,2,1
2025-02-05,Jakarta,20,1,48632.0,49.9,4.7,717.0,2,2,0
2025-02-05,Jakarta,23,1,62596.0,29.7,4.5,714.0,2,2,0
2025-02-05,Medan,10,1,61621.0,75.2,3.9,226.0,2,2,0
2025-02-05,Medan,15,1,29180.0,19.9,4.6,208.0,2,2,0
2025-02-05,Medan,17,1,56272.0,32.9,4.4,139.0,2,2,1
2025-02-05,Semarang,2,1,58336.0,41.5,4.2,210.0,2,2,0
2025-02-05,Semarang,6,1,74008.0,58.8,4.8,89.0,2,2,1
2025-02-05,Semarang,17,1,34647.0,35.8,4.3,123.0,2,2,1
2025-02-05,Semarang,18,1,30143.0,36.6,4.7,79.0,2,2,1
2025-02-05,Semarang,19,1,25005.0,18.9,4.5,120.0,2,2,1
2025-02-05,Semarang,22,1,52193.0,35.0,4.7,189.0,2,2,0
2025-02-05,Surabaya,6,1,87073.0,47.7,4.7,172.0,2,2,1
2025-02-05,Surabaya,8,2,33098.5,43.900000000000006,4.3,193.0,2,2,1
2025-02-05,Surabaya,10,1,79419.0,43.8,4.7,240.0,2,2,0
2025-02-05,Surabaya,14,1,74916.0,26.0,4.6,285.0,2,2,0
2025-02-05,Surabaya,15,1,67210.0,27.8,4.5,264.0,2,2,0
2025-02-05,Surabaya,18,1,51767.0,26.8,4.6,174.0,2,2,1
2025-02-05,Surabaya,20,1,52543.0,28.3,5.0,281.0,2,2,0
2025-02-06,Bandung,8,1,37285.0,28.2,4.5,260.0,3,2,1
2025-02-06,Bandung,11,1,45341.0,15.7,4.9,345.0,3,2,0
2025-02-06,Bandung,13,1,48096.0,32.6,4.3,301.0,3,2,0
2025-02-06,Bandung,17,1,32615.0,20.2,4.3,242.0,3,2,1
2025-02-06,Jakarta,2,1,36921.0,31.8,4.7,691.0,3,2,0
2025-02-06,Jakarta,7,2,36159.0,34.8,4.550000000000001,612.5,3,2,1
2025-02-06,Jakarta,8,1,74559.0,48.5,4.3,644.0,3,2,1
2025-02-06,Jakarta,9,2,64083.5,62.400000000000006,4.4,615.0,3,2,1
2025-02-06,Jakarta,10,2,44194.5,22.5,4.4,716.5,3,2,0
2025-02-06,Jakarta,11,1,35240.0,5.0,4.7,727.0,3,2,0
2025-02-06,Jakarta,16,3,63937.0,52.9,4.1000000000000005,619.0,3,2,1
2025-02-06,Jakarta,17,1,77675.0,52.4,4.8,624.0,3,2,1
2025-02-06,Jakarta,18,2,51374.0,50.0,4.65,635.0,3,2,1
2025-02-06,Jakarta,19,2,46703.0,37.85,4.4,630.5,3,2,1
2025-02-06,Jakarta,23,1,58642.0,27.7,4.6,684.0,3,2,0
2025-02-06,Medan,7,2,33014.5,32.2,4.7,129.5,3,2,1
2025-02-06,Medan,10,1,70912.0,35.5,4.2,225.0,3,2,0
2025-02-06,Medan,13,1,57593.0,47.5,4.6,217.0,3,2,0
2025-02-06,Medan,14,1,50308.0,51.6,4.7,194.0,3,2,0
2025-02-06,Semarang,11,1,26477.0,33.5,4.4,176.0,3,2,0
2025-02-06,Surabaya,18,1,13576.0,26.9,4.7,153.0,3,2,1
2025-02-06,Surabaya,19,1,58874.0,44.1,4.8,180.0,3,2,1
2025-02-07,Bandung,4,1,60091.0,42.0,4.4,290.0,4,2,0
2025-02-07,Bandung,12,1,23440.0,14.8,4.8,310.0,4,2,0
2025-02-07,Bandung,15,1,99233.0,49.3,4.8,310.0,4,2,0
2025-02-07,Bandung,16,1,27668.0,28.4,5.0,240.0,4,2,1
2025-02-07,Bandung,18,1,40293.0,36.8,4.6,252.0,4,2,1
2025-02-07,Jakarta,0,1,50517.0,42.5,4.8,676.0,4,2,0
2025-02-07,Jakarta,5,1,111973.0,53.3,4.5,698.0,4,2,0
2025-02-07,Jakarta,6,1,68119.0,34.3,4.4,649.0,4,2,1
2025-02-07,Jakarta,8,1,56020.0,33.7,4.7,611.0,4,2,1
2025-02-07,Jakarta,10,1,38713.0,24.6,4.9,725.0,4,2,0
2025-02-07,Jakarta,11,1,36067.0,30.9,4.4,699.0,4,2,0
2025-02-07,Jakarta,13,1,47544.0,46.0,4.5,672.0,4,2,0
2025-02-07,Jakarta,14,2,25755.5,38.1,4.3,703.5,4,2,0
2025-02-07,Jakarta,15,1,56277.0,32.9,4.6,675.0,4,2,0
2025-02-07,Jakarta,17,3,54664.666666666664,46.166666666666664,4.433333333333334,601.3333333333334,4,2,1
2025-02-07,Jakarta,18,1,66351.0,40.7,4.3,620.0,4,2,1
2025-02-07,Jakarta,19,1,67386.0,60.1,3.8,649.0,4,2,1
2025-02-07,Jakarta,22,2,31883.0,33.55,4.800000000000001,704.0,4,2,0
2025-02-07,Medan,7,1,57241.0,29.3,4.9,135.0,4,2,1
2025-02-07,Medan,9,1,36033.0,45.8,4.2,164.0,4,2,1
2025-02-07,Medan,10,1,10000.0,5.0,4.5,240.0,4,2,0
2025-02-07,Medan,19,1,41630.0,45.8,4.7,124.0,4,2,1
2025-02-07,Medan,20,1,67099.0,36.0,4.3,193.0,4,2,0
2025-02-07,Semarang,5,1,47186.0,27.1,4.6,153.0,4,2,0
2025-02-07,Semarang,8,1,58568.0,41.9,4.4,78.0,4,2,1
2025-02-07,Semarang,20,1,55909.0,12.2,4.7,176.0,4,2,0
2025-02-07,Surabaya,15,1,45597.0,40.7,4.9,272.0,4,2,0
2025-02-07,Surabaya,19,1,65024.0,33.1,5.0,163.0,4,2,1
2025-02-07,Surabaya,20,1,20257.0,5.0,4.9,274.0,4,2,0
2025-02-07,Surabaya,21,1,54515.0,28.6,4.3,268.0,4,2,0
2025-02-08,Bandung,1,1,41831.0,5.0,4.5,336.0,5,2,0
2025-02-08,Bandung,8,1,42004.0,38.3,4.2,249.0,5,2,1
2025-02-08,Bandung,9,1,39173.0,35.9,4.2,229.0,5,2,1
2025-02-08,Bandung,13,1,25078.0,5.0,4.7,344.0,5,2,0
2025-02-08,Bandung,14,1,20378.0,18.7,5.0,315.0,5,2,0
2025-02-08,Bandung,15,1,15545.0,21.8,4.8,329.0,5,2,0
2025-02-08,Bandung,16,1,45820.0,38.1,4.1,223.0,5,2,1
2025-02-08,Bandung,17,1,60669.0,32.7,4.5,239.0,5,2,1
2025-02-08,Bandung,18,1,31316.0,31.0,4.5,234.0,5,2,1
2025-02-08,Jakarta,3,1,61961.0,23.9,4.8,730.0,5,2,0
2025-02-08,Jakarta,6,1,62402.0,58.1,4.1,608.0,5,2,1
2025-02-08,Jakarta,14,2,65953.5,47.0,4.65,715.0,5,2,0
2025-02-08,Jakarta,16,1,56617.0,35.6,4.5,632.0,5,2,1
2025-02-08,Jakarta,17,1,47819.0,29.9,5.0,590.0,5,2,1
2025-02-08,Jakarta,18,2,43492.0,23.5,4.35,625.0,5,2,1
2025-02-08,Jakarta,19,1,33847.0,46.3,4.6,617.0,5,2,1
2025-02-08,Jakarta,20,2,39904.0,34.1,4.6,703.5,5,2,0
2025-02-08,Medan,10,1,44573.0,29.7,4.6,229.0,5,2,0
2025-02-08,Medan,18,2,35577.0,41.2,4.25,153.5,5,2,1
2025-02-08,Medan,22,1,57588.0,37.5,4.6,193.0,5,2,0
2025-02-08,Semarang,10,1,52262.0,39.5,4.5,163.0,5,2,0
2025-02-08,Semarang,11,1,39712.0,29.1,4.7,181.0,5,2,0
2025-02-08,Semarang,12,1,68317.0,33.7,4.5,152.0,5,2,0
2025-02-08,Semarang,13,1,17074.0,11.1,4.7,155.0,5,2,0
2025-02-08,Semarang,17,1,45860.0,27.5,4.5,83.0,5,2,1
2025-02-08,Semarang,21,1,56679.0,49.8,4.0,192.0,5,2,0
2025-02-08,Surabaya,0,1,58591.0,23.1,5.0,259.0,5,2,0
2025-02-08,Surabaya,8,1,67753.0,33.9,4.3,155.0,5,2,1
2025-02-08,Surabaya,13,1,49911.0,37.1,4.7,248.0,5,2,0
2025-02-08,Surabaya,16,1,28905.0,21.5,4.4,162.0,5,2,1
2025-02-09,Bandung,17,1,37196.0,26.6,5.0,262.0,6,2,1
2025-02-09,Bandung,18,1,10000.0,26.3,5.0,249.0,6,2,1
2025-02-09,Jakarta,6,1,120126.0,76.1,4.0,634.0,6,2,1
2025-02-09,Jakarta,7,1,39539.0,39.0,4.3,633.0,6,2,1
2025-02-09,Jakarta,9,4,48207.75,32.775,4.7,619.5,6,2,1
2025-02-09,Jakarta,10,1,51727.0,52.3,4.3,726.0,6,2,0
2025-02-09,Jakarta,11,1,68303.0,39.2,4.5,707.0,6,2,0
2025-02-09,Jakarta,12,1,80908.0,58.9,4.3,692.0,6,2,0
2025-02-09,Jakarta,13,1,40166.0,23.0,4.9,680.0,6,2,0
2025-02-09,Jakarta,16,1,33714.0,34.1,5.0,634.0,6,2,1
2025-02-09,Jakarta,17,1,10000.0,40.1,4.9,638.0,6,2,1
2025-02-09,Jakarta,18,2,48183.5,40.5,4.550000000000001,627.5,6,2,1
2025-02-09,Jakarta,20,1,41685.0,22.0,4.4,675.0,6,2,0
2025-02-09,Jakarta,21,1,10000.0,13.8,4.9,679.0,6,2,0
2025-02-09,Medan,10,2,85209.5,42.1,4.550000000000001,220.5,6,2,0
2025-02-09,Medan,11,1,17890.0,5.0,4.9,196.0,6,2,0
2025-02-09,Medan,18,1,65420.0,44.6,4.9,139.0,6,2,1
2025-02-09,Medan,21,1,82142.0,48.7,4.2,208.0,6,2,0
2025-02-09,Semarang,1,1,21471.0,17.8,4.7,210.0,6,2,0
2025-02-09,Semarang,13,1,67163.0,35.6,4.9,161.0,6,2,0
2025-02-09,Semarang,15,1,21738.0,5.0,5.0,200.0,6,2,0
2025-02-09,Surabaya,8,1,66517.0,40.2,4.4,153.0,6,2,1
2025-02-09,Surabaya,9,1,17994.0,42.5,4.6,196.0,6,2,1
2025-02-09,Surabaya,16,1,61228.0,50.5,4.1,179.0,6,2,1
2025-02-10,Bandung,7,1,50369.0,27.8,4.7,219.0,0,2,1
2025-02-10,Bandung,13,1,43983.0,15.8,4.6,318.0,0,2,0
2025-02-10,Bandung,14,1,35904.0,20.6,4.5,294.0,0,2,0
2025-02-10,Bandung,17,1,26182.0,6.9,4.8,258.0,0,2,1
2025-02-10,Bandung,19,1,43835.0,40.2,4.6,233.0,0,2,1
2025-02-10,Bandung,20,1,43044.0,29.8,4.6,292.0,0,2,0
2025-02-10,Bandung,22,1,85127.0,52.6,4.5,338.0,0,2,0
2025-02-10,Bandung,23,1,23837.0,17.6,4.5,315.0,0,2,0
2025-02-10,Jakarta,6,2,64299.5,55.1,4.4,625.0,0,2,1
2025-02-10,Jakarta,9,1,48403.0,52.3,4.8,597.0,0,2,1
2025-02-10,Jakarta,13,2,36492.5,26.7,4.699999999999999,689.5,0,2,0
2025-02-10,Jakarta,17,2,45055.0,25.85,4.5,610.5,0,2,1
2025-02-10,Jakarta,18,1,50044.0,45.9,4.9,647.0,0,2,1
2025-02-10,Jakarta,19,2,69549.5,57.75,4.05,622.0,0,2,1
2025-02-10,Jakarta,21,1,89569.0,41.2,4.8,727.0,0,2,0
2025-02-10,Medan,20,1,50124.0,41.7,4.9,225.0,0,2,0
2025-02-10,Medan,21,1,50965.0,36.9,4.6,238.0,0,2,0
2025-02-10,Semarang,19,1,43905.0,37.8,4.1,114.0,0,2,1
2025-02-10,Surabaya,8,2,64337.5,44.6,4.75,190.5,0,2,1
2025-02-10,Surabaya,17,1,74806.0,56.6,4.4,180.0,0,2,1
2025-02-10,Surabaya,20,1,73992.0,51.2,4.8,276.0,0,2,0
2025-02-11,Bandung,6,1,54294.0,33.9,4.6,237.0,1,2,1
2025-02-11,Bandung,7,1,50391.0,48.4,4.7,235.0,1,2,1
2025-02-11,Bandung,17,1,32568.0,43.3,4.6,218.0,1,2,1
2025-02-11,Bandung,21,1,45687.0,9.4,5.0,295.0,1,2,0
2025-02-11,Jakarta,6,1,31461.0,34.5,4.8,640.0,1,2,1
2025-02-11,Jakarta,9,1,32788.0,49.3,4.8,596.0,1,2,1
2025-02-11,Jakarta,11,3,32339.333333333332,18.133333333333333,4.5,686.6666666666666,1,2,0
2025-02-11,Jakarta,17,1,49690.0,45.2,4.1,635.0,1,2,1
2025-02-11,Jakarta,19,3,65053.333333333336,52.03333333333333,4.233333333333333,621.0,1,2,1
2025-02-11,Medan,6,1,31798.0,36.4,4.2,165.0,1,2,1
2025-02-11,Medan,8,1,10000.0,10.1,4.8,165.0,1,2,1
2025-02-11,Medan,16,2,61609.0,49.45,4.65,127.5,1,2,1
2025-02-11,Medan,17,1,86164.0,55.5,4.3,157.0,1,2,1
2025-02-11,Medan,18,1,50778.0,53.9,4.6,125.0,1,2,1
2025-02-11,Medan,21,1,53636.0,26.8,4.4,230.0,1,2,0
2025-02-11,Medan,23,1,89358.0,34.6,4.4,190.0,1,2,0
2025-02-11,Semarang,7,1,18913.0,26.0,4.5,82.0,1,2,1
2025-02-11,Semarang,9,1,54890.0,45.6,4.3,117.0,1,2,1
2025-02-11,Semarang,22,1,29310.0,16.1,4.5,180.0,1,2,0
2025-02-11,Surabaya,4,1,32391.0,27.3,4.7,265.0,1,2,0
2025-02-11,Surabaya,5,1,28577.0,35.3,4.9,286.0,1,2,0
2025-02-11,Surabaya,12,1,62505.0,36.8,4.1,237.0,1,2,0
2025-02-11,Surabaya,16,1,42923.0,38.4,4.7,159.0,1,2,1
2025-02-11,Surabaya,18,1,96165.0,64.7,4.5,169.0,1,2,1
2025-02-11,Surabaya,21,1,43331.0,9.0,5.0,242.0,1,2,0
2025-02-12,Bandung,8,1,33327.0,47.1,4.1,228.0,2,2,1
2025-02-12,Bandung,15,1,33520.0,22.8,4.4,343.0,2,2,0
2025-02-12,Bandung,16,1,52174.0,40.7,4.6,217.0,2,2,1
2025-02-12,Bandung,20,1,31589.0,21.4,4.8,293.0,2,2,0
2025-02-12,Jakarta,0,2,48161.5,19.85,4.800000000000001,698.0,2,2,0
2025-02-12,Jakarta,3,1,50042.0,49.4,4.3,679.0,2,2,0
2025-02-12,Jakarta,5,1,43919.0,48.8,4.5,696.0,2,2,0
2025-02-12,Jakarta,6,1,15649.0,32.1,4.5,604.0,2,2,1
2025-02-12,Jakarta,7,1,86899.0,55.4,4.0,638.0,2,2,1
2025-02-12,Jakarta,11,1,71512.0,41.7,4.4,670.0,2,2,0
2025-02-12,Jakarta,14,1,33818.0,28.6,5.0,707.0,2,2,0
2025-02-12,Jakarta,17,1,55896.0,37.2,5.0,609.0,2,2,1
2025-02-12,Jakarta,18,1,49287.0,37.9,5.0,617.0,2,2,1
2025-02-12,Jakarta,21,1,73261.0,31.2,4.5,679.0,2,2,0
2025-02-12,Medan,22,2,48606.0,25.4,4.45,218.0,2,2,0
2025-02-12,Surabaya,6,1,30670.0,44.8,4.7,175.0,2,2,1
2025-02-12,Surabaya,9,1,45388.0,41.2,4.3,183.0,2,2,1
2025-02-12,Surabaya,16,1,58653.0,52.9,4.1,176.0,2,2,1
2025-02-12,Surabaya,17,1,10000.0,22.5,4.8,187.0,2,2,1
2025-02-12,Surabaya,18,1,35307.0,26.9,4.4,172.0,2,2,1
2025-02-13,Bandung,10,1,41945.0,21.7,5.0,324.0,3,2,0
2025-02-13,Bandung,15,1,46149.0,44.1,4.7,334.0,3,2,0
2025-02-13,Bandung,18,1,48679.0,31.8,4.5,236.0,3,2,1
2025-02-13,Bandung,19,1,64207.0,38.5,4.3,233.0,3,2,1
2025-02-13,Bandung,20,1,37447.0,30.5,4.3,328.0,3,2,0
2025-02-13,Jakarta,7,2,58124.5,39.150000000000006,4.6,605.0,3,2,1
2025-02-13,Jakarta,8,2,38531.0,41.150000000000006,4.35,642.5,3,2,1
2025-02-13,Jakarta,16,2,47918.5,48.55,4.15,615.0,3,2,1
2025-02-13,Jakarta,18,1,47965.0,41.8,4.6,627.0,3,2,1
2025-02-13,Jakarta,19,2,44317.0,63.1,4.4,613.0,3,2,1
2025-02-13,Jakarta,21,1,52295.0,31.7,4.0,730.0,3,2,0
2025-02-13,Jakarta,22,1,46697.0,28.5,5.0,680.0,3,2,0
2025-02-13,Medan,12,2,44037.5,48.2,4.5,234.0,3,2,0
2025-02-13,Medan,14,1,91726.0,38.6,4.4,204.0,3,2,0
2025-02-13,Medan,17,1,43039.0,47.3,4.0,157.0,3,2,1
2025-02-13,Medan,18,1,26797.0,25.0,4.6,159.0,3,2,1
2025-02-13,Surabaya,8,1,49561.0,31.8,4.9,209.0,3,2,1
2025-02-13,Surabaya,9,1,48765.0,43.5,4.9,182.0,3,2,1
2025-02-13,Surabaya,10,1,49242.0,30.6,5.0,246.0,3,2,0
2025-02-13,Surabaya,12,1,47325.0,50.4,4.2,280.0,3,2,0
2025-02-13,Surabaya,22,2,38787.0,28.8,4.550000000000001,259.0,3,2,0
2025-02-14,Bandung,8,1,49465.0,42.3,4.2,217.0,4,2,1
2025-02-14,Bandung,10,1,68218.0,42.0,4.3,307.0,4,2,0
2025-02-14,Bandung,13,1,50227.0,37.5,4.7,315.0,4,2,0
2025-02-14,Bandung,19,2,19959.5,30.049999999999997,4.300000000000001,249.0,4,2,1
2025-02-14,Bandung,22,1,73060.0,52.8,4.2,290.0,4,2,0
2025-02-14,Jakarta,0,1,62263.0,26.0,4.8,680.0,4,2,0
2025-02-14,Jakarta,7,1,74211.0,36.5,4.2,618.0,4,2,1
2025-02-14,Jakarta,8,2,33935.5,28.3,4.7,625.0,4,2,1
2025-02-14,Jakarta,13,1,37275.0,25.8,4.9,729.0,4,2,0
2025-02-14,Jakarta,15,1,33633.0,16.4,4.5,680.0,4,2,0
2025-02-14,Jakarta,18,3,48787.333333333336,31.933333333333334,4.6000000000000005,621.6666666666666,4,2,1
2025-02-14,Jakarta,19,3,55987.0,52.699999999999996,4.533333333333334,634.0,4,2,1
2025-02-14,Jakarta,20,3,56707.666666666664,40.53333333333333,4.566666666666666,697.0,4,2,0
2025-02-14,Jakarta,21,1,63794.0,53.1,4.4,728.0,4,2,0
2025-02-14,Medan,16,1,10000.0,22.3,4.6,169.0,4,2,1
2025-02-14,Semarang,8,1,31318.0,38.3,4.5,111.0,4,2,1
2025-02-14,Semarang,15,1,62413.0,48.9,4.5,179.0,4,2,0
2025-02-14,Semarang,19,1,24352.0,23.7,4.7,95.0,4,2,1
2025-02-14,Semarang,20,1,19119.0,6.2,4.6,187.0,4,2,0
2025-02-14,Surabaya,7,1,42451.0,46.4,4.7,205.0,4,2,1
2025-02-14,Surabaya,8,1,58130.0,27.5,4.8,159.0,4,2,1
2025-02-14,Surabaya,16,1,44681.0,38.9,4.5,173.0,4,2,1
2025-02-14,Surabaya,17,1,62431.0,10.7,4.9,161.0,4,2,1
2025-02-15,Bandung,5,1,30935.0,35.0,4.5,307.0,5,2,0
2025-02-15,Bandung,8,1,11315.0,10.6,4.5,257.0,5,2,1
2025-02-15,Bandung,12,2,33674.5,23.0,4.4,326.0,5,2,0
2025-02-15,Bandung,16,1,51921.0,40.6,4.6,267.0,5,2,1
2025-02-15,Bandung,17,1,32587.0,25.9,4.6,222.0,5,2,1
2025-02-15,Bandung,18,1,41322.0,21.4,4.9,222.0,5,2,1
2025-02-15,Bandung,21,1,30858.0,28.3,4.5,331.0,5,2,0
2025-02-15,Jakarta,6,1,108481.0,55.4,4.4,629.0,5,2,1
2025-02-15,Jakarta,7,1,80596.0,56.3,4.1,630.0,5,2,1
2025-02-15,Jakarta,8,3,48039.0,52.300000000000004,4.3,609.0,5,2,1
2025-02-15,Jakarta,9,2,25321.5,28.45,4.4,632.5,5,2,1
2025-02-15,Jakarta,15,1,49997.0,22.0,4.1,729.0,5,2,0
2025-02-15,Jakarta,16,1,96602.0,63.0,4.6,598.0,5,2,1
2025-02-15,Jakarta,17,2,28437.5,26.3,4.9,624.0,5,2,1
2025-02-15,Jakarta,19,1,33743.0,40.1,4.8,618.0,5,2,1
2025-02-15,Jakarta,23,1,56904.0,29.1,4.5,720.0,5,2,0
2025-02-15,Medan,9,1,54373.0,27.7,4.6,149.0,5,2,1
2025-02-15,Semarang,6,1,49451.0,39.2,4.7,95.0,5,2,1
2025-02-15,Surabaya,3,1,37601.0,32.7,4.5,261.0,5,2,0
2025-02-15,Surabaya,7,1,42461.0,41.2,4.5,202.0,5,2,1
2025-02-15,Surabaya,11,1,50997.0,35.1,4.3,242.0,5,2,0
2025-02-15,Surabaya,13,1,62966.0,30.9,4.6,286.0,5,2,0
2025-02-15,Surabaya,17,1,38183.0,31.4,4.6,202.0,5,2,1
2025-02-16,Bandung,5,1,49361.0,15.0,4.6,348.0,6,2,0
2025-02-16,Bandung,6,1,39010.0,47.1,4.5,221.0,6,2,1
2025-02-16,Bandung,16,1,43008.0,23.4,4.4,248.0,6,2,1
2025-02-16,Bandung,19,1,51007.0,32.7,4.7,251.0,6,2,1
2025-02-16,Bandung,22,1,14296.0,7.2,4.6,297.0,6,2,0
2025-02-16,Bandung,23,1,65462.0,26.0,4.7,338.0,6,2,0
2025-02-16,Jakarta,4,2,56862.0,39.5,4.6,677.0,6,2,0
2025-02-16,Jakarta,6,1,58540.0,54.3,4.4,639.0,6,2,1
2025-02-16,Jakarta,7,1,45813.0,30.5,4.7,620.0,6,2,1
2025-02-16,Jakarta,8,1,65828.0,25.6,4.6,643.0,6,2,1
2025-02-16,Jakarta,9,1,42922.0,33.4,4.6,607.0,6,2,1
2025-02-16,Jakarta,10,2,38372.5,24.6,4.6,711.5,6,2,0
2025-02-16,Jakarta,11,1,58609.0,53.3,4.1,678.0,6,2,0
2025-02-16,Jakarta,13,2,30625.0,8.95,4.65,716.5,6,2,0
2025-02-16,Jakarta,15,1,79865.0,55.2,4.4,680.0,6,2,0
2025-02-16,Jakarta,17,1,115361.0,60.2,4.6,621.0,6,2,1
2025-02-16,Jakarta,18,1,42666.0,39.3,4.5,616.0,6,2,1
2025-02-16,Jakarta,19,2,43725.5,38.3,4.6,622.0,6,2,1
2025-02-16,Jakarta,20,2,63426.0,48.1,4.45,701.5,6,2,0
2025-02-16,Medan,6,1,43122.0,27.5,4.4,163.0,6,2,1
2025-02-16,Medan,7,1,10000.0,5.0,5.0,145.0,6,2,1
2025-02-16,Medan,9,1,36620.0,42.1,4.6,125.0,6,2,1
2025-02-16,Medan,18,1,59092.0,39.9,4.7,169.0,6,2,1
2025-02-16,Medan,23,1,17977.0,26.0,4.8,219.0,6,2,0
2025-02-16,Semarang,9,1,63444.0,47.7,4.4,94.0,6,2,1
2025-02-16,Semarang,12,1,44613.0,14.7,4.7,152.0,6,2,0
2025-02-16,Semarang,19,1,44575.0,50.7,4.1,116.0,6,2,1
2025-02-16,Surabaya,13,1,50603.0,37.5,4.7,242.0,6,2,0
2025-02-16,Surabaya,14,1,88096.0,45.1,5.0,290.0,6,2,0
2025-02-16,Surabaya,17,1,90822.0,42.3,4.5,153.0,6,2,1
2025-02-17,Bandung,6,1,49473.0,18.0,5.0,266.0,0,2,1
2025-02-17,Bandung,8,1,32035.0,30.9,4.6,265.0,0,2,1
2025-02-17,Bandung,11,1,40847.0,34.5,4.3,292.0,0,2,0
2025-02-17,Bandung,13,1,57937.0,37.0,5.0,297.0,0,2,0
2025-02-17,Bandung,16,1,39488.0,35.1,4.6,234.0,0,2,1
2025-02-17,Bandung,17,1,32715.0,13.1,4.7,232.0,0,2,1
2025-02-17,Bandung,20,1,42389.0,31.8,5.0,304.0,0,2,0
2025-02-17,Jakarta,5,1,19079.0,22.9,5.0,670.0,0,2,0
2025-02-17,Jakarta,7,1,37300.0,25.5,4.6,600.0,0,2,1
2025-02-17,Jakarta,10,1,94804.0,39.4,4.0,720.0,0,2,0
2025-02-17,Jakarta,16,1,53261.0,37.0,4.7,629.0,0,2,1
2025-02-17,Jakarta,17,2,54529.0,49.150000000000006,4.449999999999999,609.5,0,2,1
2025-02-17,Jakarta,18,2,35465.5,38.15,4.4,635.0,0,2,1
2025-02-17,Medan,7,2,55614.0,41.45,4.35,122.0,0,2,1
2025-02-17,Medan,9,1,32963.0,30.5,4.5,158.0,0,2,1
2025-02-17,Medan,17,1,20728.0,47.6,5.0,144.0,0,2,1
2025-02-17,Medan,22,1,25834.0,5.0,4.8,193.0,0,2,0
2025-02-17,Medan,23,1,25666.0,36.2,4.8,228.0,0,2,0
2025-02-17,Semarang,7,1,68292.0,47.6,4.5,97.0,0,2,1
2025-02-17,Semarang,15,1,53746.0,19.0,4.6,158.0,0,2,0
2025-02-17,Semarang,17,1,65175.0,71.5,4.6,80.0,0,2,1
2025-02-17,Surabaya,8,1,64969.0,41.6,4.5,208.0,0,2,1
2025-02-17,Surabaya,10,2,48913.5,20.9,4.7,247.5,0,2,0
2025-02-17,Surabaya,15,1,34456.0,16.0,4.4,275.0,0,2,0
2025-02-17,Surabaya,20,1,64114.0,23.1,4.9,244.0,0,2,0
2025-02-18,Bandung,5,1,63812.0,44.4,4.8,291.0,1,2,0
2025-02-18,Bandung,6,1,55683.0,27.2,5.0,238.0,1,2,1
2025-02-18,Bandung,8,1,46982.0,32.1,4.7,252.0,1,2,1
2025-02-18,Bandung,11,2,49796.5,31.349999999999998,4.55,302.0,1,2,0
2025-02-18,Bandung,14,1,52367.0,48.1,4.7,343.0,1,2,0
2025-02-18,Bandung,19,1,46892.0,39.0,4.2,246.0,1,2,1
2025-02-18,Bandung,22,1,37359.0,27.3,4.9,315.0,1,2,0
2025-02-18,Jakarta,6,2,42951.0,32.15,4.85,629.5,1,2,1
2025-02-18,Jakarta,8,2,39396.5,41.15,4.300000000000001,637.5,1,2,1
2025-02-18,Jakarta,9,1,32469.0,42.6,4.7,645.0,1,2,1
2025-02-18,Jakarta,10,1,42919.0,44.0,4.5,687.0,1,2,0
2025-02-18,Jakarta,13,1,33968.0,30.2,4.5,709.0,1,2,0
2025-02-18,Jakarta,14,1,40079.0,9.2,4.6,698.0,1,2,0
2025-02-18,Jakarta,16,1,34866.0,11.6,4.3,629.0,1,2,1
2025-02-18,Jakarta,17,1,21498.0,26.9,5.0,597.0,1,2,1
2025-02-18,Jakarta,18,1,20834.0,46.8,4.6,645.0,1,2,1
2025-02-18,Jakarta,19,2,55975.5,49.0,4.4,622.5,1,2,1
2025-02-18,Jakarta,20,1,40272.0,26.8,4.7,721.0,1,2,0
2025-02-18,Jakarta,21,1,27994.0,21.5,4.7,712.0,1,2,0
2025-02-18,Medan,16,1,44272.0,34.8,4.7,146.0,1,2,1
2025-02-18,Medan,18,2,47389.0,29.200000000000003,4.85,133.5,1,2,1
2025-02-18,Surabaya,9,1,14683.0,33.4,4.8,173.0,1,2,1
2025-02-18,Surabaya,11,1,29981.0,5.0,4.4,289.0,1,2,0
2025-02-18,Surabaya,12,1,10000.0,28.3,4.5,246.0,1,2,0
2025-02-18,Surabaya,15,2,32293.5,14.4,4.65,273.0,1,2,0
2025-02-18,Surabaya,17,1,38532.0,52.4,4.7,163.0,1,2,1
2025-02-18,Surabaya,18,2,44637.0,35.85,4.5,182.0,1,2,1
2025-02-19,Bandung,0,1,31368.0,46.6,4.1,333.0,2,2,0
2025-02-19,Bandung,7,1,55831.0,57.0,4.4,215.0,2,2,1
2025-02-19,Bandung,18,2,49629.5,48.599999999999994,4.35,233.0,2,2,1
2025-02-19,Bandung,20,1,60929.0,44.4,4.4,295.0,2,2,0
2025-02-19,Jakarta,6,1,35398.0,25.2,4.7,633.0,2,2,1
2025-02-19,Jakarta,8,1,27930.0,35.2,4.4,649.0,2,2,1
2025-02-19,Jakarta,9,1,45283.0,53.1,4.3,602.0,2,2,1
2025-02-19,Jakarta,12,1,45663.0,18.1,4.4,695.0,2,2,0
2025-02-19,Jakarta,16,1,48334.0,51.0,4.4,602.0,2,2,1
2025-02-19,Jakarta,17,1,77558.0,64.0,4.5,642.0,2,2,1
2025-02-19,Jakarta,19,1,10000.0,25.3,5.0,611.0,2,2,1
2025-02-19,Jakarta,20,1,41325.0,26.1,4.6,679.0,2,2,0
2025-02-19,Jakarta,22,1,54327.0,40.8,4.9,698.0,2,2,0
2025-02-19,Jakarta,23,1,76715.0,47.0,4.2,672.0,2,2,0
2025-02-19,Medan,10,1,65722.0,41.9,4.0,241.0,2,2,0
2025-02-19,Semarang,0,1,69747.0,51.9,4.2,186.0,2,2,0
2025-02-19,Semarang,14,2,40134.0,34.45,4.45,181.0,2,2,0
2025-02-19,Surabaya,6,2,48624.5,29.9,4.55,193.0,2,2,1
2025-02-19,Surabaya,11,1,40378.0,22.9,4.7,248.0,2,2,0
2025-02-19,Surabaya,15,1,33668.0,21.4,4.2,280.0,2,2,0
2025-02-19,Surabaya,17,1,40252.0,32.0,4.8,171.0,2,2,1
2025-02-19,Surabaya,18,2,30856.0,31.1,4.6,176.5,2,2,1
2025-02-20,Bandung,6,2,46919.0,38.95,4.75,253.0,3,2,1
2025-02-20,Bandung,7,1,32939.0,27.2,4.8,223.0,3,2,1
2025-02-20,Bandung,9,2,54224.5,44.0,4.45,214.0,3,2,1
2025-02-20,Bandung,16,1,10068.0,14.5,5.0,237.0,3,2,1
2025-02-20,Bandung,17,2,59309.0,35.3,4.2,237.0,3,2,1
2025-02-20,Bandung,18,3,43126.666666666664,35.13333333333333,4.7,223.33333333333334,3,2,1
2025-02-20,Bandung,22,1,69969.0,61.0,4.1,336.0,3,2,0
2025-02-20,Jakarta,6,1,62495.0,46.2,4.7,609.0,3,2,1
2025-02-20,Jakarta,7,1,70143.0,44.3,4.4,628.0,3,2,1
2025-02-20,Jakarta,9,1,80941.0,59.9,4.3,634.0,3,2,1
2025-02-20,Jakarta,10,3,45492.666666666664,45.03333333333333,4.366666666666667,701.3333333333334,3,2,0
2025-02-20,Jakarta,12,1,13720.0,22.3,4.6,722.0,3,2,0
2025-02-20,Jakarta,15,1,53722.0,22.1,4.6,681.0,3,2,0
2025-02-20,Jakarta,16,1,45903.0,31.0,4.6,599.0,3,2,1
2025-02-20,Jakarta,17,2,91908.0,62.95,4.25,610.0,3,2,1
2025-02-20,Jakarta,18,1,23414.0,18.0,4.7,647.0,3,2,1
2025-02-20,Jakarta,19,2,54698.5,47.2,4.35,606.0,3,2,1
2025-02-20,Medan,6,1,38618.0,54.3,4.6,162.0,3,2,1
2025-02-20,Semarang,8,1,38139.0,27.0,4.5,86.0,3,2,1
2025-02-20,Semarang,10,1,46111.0,26.9,5.0,202.0,3,2,0
2025-02-20,Semarang,13,1,53487.0,34.4,4.1,205.0,3,2,0
2025-02-20,Semarang,15,1,37973.0,25.4,4.6,206.0,3,2,0
2025-02-20,Semarang,17,1,45804.0,23.4,4.6,82.0,3,2,1
2025-02-20,Semarang,18,1,39700.0,45.5,4.6,94.0,3,2,1
2025-02-20,Semarang,19,2,48198.0,35.1,4.45,124.5,3,2,1
2025-02-20,Surabaya,10,1,53652.0,57.7,4.4,263.0,3,2,0
2025-02-20,Surabaya,16,1,54340.0,28.4,4.8,184.0,3,2,1
2025-02-21,Bandung,8,1,33055.0,40.2,5.0,237.0,4,2,1
2025-02-21,Bandung,10,1,44635.0,23.2,4.4,349.0,4,2,0
2025-02-21,Bandung,11,1,17794.0,8.6,4.5,329.0,4,2,0
2025-02-21,Bandung,12,1,35134.0,21.4,4.6,297.0,4,2,0
2025-02-21,Bandung,15,1,10000.0,5.0,4.0,347.0,4,2,0
2025-02-21,Bandung,16,1,39431.0,21.9,4.5,226.0,4,2,1
2025-02-21,Bandung,18,1,16025.0,13.5,4.9,252.0,4,2,1
2025-02-21,Bandung,19,1,65487.0,56.3,4.3,258.0,4,2,1
2025-02-21,Bandung,20,1,59310.0,21.9,4.4,329.0,4,2,0
2025-02-21,Bandung,23,1,58476.0,40.3,4.6,322.0,4,2,0
2025-02-21,Jakarta,7,1,23975.0,44.2,4.6,619.0,4,2,1
2025-02-21,Jakarta,9,1,68300.0,73.3,4.0,597.0,4,2,1
2025-02-21,Jakarta,13,1,57491.0,39.6,4.3,704.0,4,2,0
2025-02-21,Jakarta,14,1,35625.0,34.9,4.7,670.0,4,2,0
2025-02-21,Jakarta,17,1,50388.0,40.7,4.1,597.0,4,2,1
2025-02-21,Jakarta,18,1,53301.0,40.7,4.5,626.0,4,2,1
2025-02-21,Jakarta,19,2,58304.5,41.45,4.449999999999999,620.0,4,2,1
2025-02-21,Jakarta,20,1,37830.0,39.6,4.8,676.0,4,2,0
2025-02-21,Medan,19,1,38149.0,34.2,4.7,137.0,4,2,1
2025-02-21,Medan,20,1,37831.0,27.0,4.5,216.0,4,2,0
2025-02-21,Semarang,18,3,48892.0,39.833333333333336,4.466666666666667,100.33333333333333,4,2,1
2025-02-21,Surabaya,0,1,71116.0,19.7,4.6,255.0,4,2,0
2025-02-21,Surabaya,10,1,52458.0,39.4,4.7,284.0,4,2,0
2025-02-21,Surabaya,17,1,83749.0,39.0,4.3,156.0,4,2,1
2025-02-21,Surabaya,21,1,29274.0,24.6,4.8,246.0,4,2,0
2025-02-22,Bandung,11,1,79041.0,42.3,4.4,319.0,5,2,0
2025-02-22,Bandung,18,2,25111.0,33.3,4.4,244.5,5,2,1
2025-02-22,Bandung,22,1,72427.0,52.6,4.7,312.0,5,2,0
2025-02-22,Jakarta,6,1,20704.0,20.5,4.6,608.0,5,2,1
2025-02-22,Jakarta,9,1,68674.0,42.0,4.4,619.0,5,2,1
2025-02-22,Jakarta,11,1,35322.0,27.1,4.7,730.0,5,2,0
2025-02-22,Jakarta,13,1,42992.0,45.8,4.4,680.0,5,2,0
2025-02-22,Jakarta,19,2,46361.5,37.5,4.35,601.0,5,2,1
2025-02-22,Jakarta,22,1,70171.0,59.4,4.7,685.0,5,2,0
2025-02-22,Medan,7,1,75591.0,47.0,4.7,158.0,5,2,1
2025-02-22,Medan,8,1,56205.0,53.2,4.7,158.0,5,2,1
2025-02-22,Medan,10,1,16535.0,36.9,4.7,209.0,5,2,0
2025-02-22,Medan,13,1,60886.0,33.4,4.7,238.0,5,2,0
2025-02-22,Medan,14,1,67537.0,40.6,4.3,230.0,5,2,0
2025-02-22,Semarang,0,1,33919.0,13.9,4.5,200.0,5,2,0
2025-02-22,Semarang,15,2,31057.5,41.5,4.45,181.0,5,2,0
2025-02-22,Semarang,17,2,33680.0,29.849999999999998,4.75,93.0,5,2,1
2025-02-22,Semarang,19,1,52277.0,29.6,5.0,112.0,5,2,1
2025-02-22,Semarang,23,1,61419.0,34.2,4.9,189.0,5,2,0
2025-02-22,Surabaya,8,1,16783.0,28.5,4.5,183.0,5,2,1
2025-02-22,Surabaya,15,1,42409.0,29.5,4.7,271.0,5,2,0
2025-02-22,Surabaya,17,1,61106.0,58.3,4.3,154.0,5,2,1
2025-02-22,Surabaya,20,1,52945.0,14.4,4.7,264.0,5,2,0
2025-02-23,Bandung,5,1,20052.0,6.2,4.5,314.0,6,2,0
2025-02-23,Bandung,7,1,10000.0,8.8,4.5,223.0,6,2,1
2025-02-23,Bandung,16,1,60853.0,51.7,4.3,247.0,6,2,1
2025-02-23,Bandung,17,1,31236.0,27.9,4.8,260.0,6,2,1
2025-02-23,Jakarta,5,1,46325.0,44.4,4.1,716.0,6,2,0
2025-02-23,Jakarta,6,3,73216.33333333333,39.766666666666666,4.7,606.3333333333334,6,2,1
2025-02-23,Jakarta,7,1,89784.0,62.5,4.3,636.0,6,2,1
2025-02-23,Jakarta,8,2,27749.5,38.0,4.85,627.0,6,2,1
2025-02-23,Jakarta,17,2,70841.0,61.15,4.6,624.0,6,2,1
2025-02-23,Jakarta,18,1,53233.0,39.3,4.6,638.0,6,2,1
2025-02-23,Jakarta,19,2,57299.5,45.6,4.3,632.0,6,2,1
2025-02-23,Jakarta,20,2,66024.0,35.75,4.4,683.0,6,2,0
2025-02-23,Medan,8,1,26057.0,23.5,4.8,140.0,6,2,1
2025-02-23,Medan,11,1,47573.0,29.5,4.3,208.0,6,2,0
2025-02-23,Medan,13,2,45283.0,35.8,4.8,222.0,6,2,0
2025-02-23,Medan,19,1,74747.0,27.5,4.9,156.0,6,2,1
2025-02-23,Semarang,12,1,63037.0,31.7,4.2,155.0,6,2,0
2025-02-23,Semarang,18,1,10000.0,5.0,5.0,92.0,6,2,1
2025-02-23,Surabaya,1,1,38141.0,39.2,4.8,268.0,6,2,0
2025-02-23,Surabaya,8,1,40805.0,40.4,4.6,202.0,6,2,1
2025-02-23,Surabaya,11,1,29251.0,32.5,4.6,235.0,6,2,0
2025-02-23,Surabaya,18,1,52947.0,36.6,4.7,168.0,6,2,1
2025-02-23,Surabaya,22,1,33710.0,32.4,3.8,252.0,6,2,0
2025-02-24,Bandung,4,1,16666.0,12.4,5.0,324.0,0,2,0
2025-02-24,Bandung,12,1,21317.0,22.4,4.2,305.0,0,2,0
2025-02-24,Bandung,13,1,29908.0,36.5,4.6,294.0,0,2,0
2025-02-24,Bandung,14,1,41559.0,13.3,4.7,319.0,0,2,0
2025-02-24,Bandung,15,1,34522.0,26.8,4.6,306.0,0,2,0
2025-02-24,Bandung,16,1,80039.0,37.0,4.5,240.0,0,2,1
2025-02-24,Bandung,17,1,35272.0,48.4,4.7,220.0,0,2,1
2025-02-24,Bandung,18,1,14320.0,33.5,4.7,256.0,0,2,1
2025-02-24,Bandung,19,1,17857.0,8.7,4.5,244.0,0,2,1
2025-02-24,Bandung,20,1,41479.0,30.2,4.6,324.0,0,2,0
2025-02-24,Jakarta,8,1,30071.0,35.4,5.0,597.0,0,2,1
2025-02-24,Jakarta,9,1,44781.0,31.3,4.3,596.0,0,2,1
2025-02-24,Jakarta,10,2,48656.0,28.35,4.55,698.5,0,2,0
2025-02-24,Jakarta,13,2,80252.0,53.9,3.8,706.0,0,2,0
2025-02-24,Jakarta,15,1,37438.0,21.6,4.7,707.0,0,2,0
2025-02-24,Jakarta,17,1,51061.0,52.4,4.2,645.0,0,2,1
2025-02-24,Jakarta,22,1,66392.0,30.3,5.0,692.0,0,2,0
2025-02-24,Medan,6,1,49399.0,45.5,4.8,164.0,0,2,1
2025-02-24,Semarang,18,1,49912.0,60.9,4.4,92.0,0,2,1
2025-02-24,Surabaya,6,1,54561.0,43.9,4.2,183.0,0,2,1
2025-02-24,Surabaya,8,1,56894.0,41.9,4.4,165.0,0,2,1
2025-02-24,Surabaya,9,1,36346.0,40.9,4.0,201.0,0,2,1
2025-02-24,Surabaya,12,2,40274.0,36.1,4.6,260.5,0,2,0
2025-02-24,Surabaya,16,1,33961.0,30.1,4.4,172.0,0,2,1
2025-02-24,Surabaya,17,2,63737.5,50.95,4.4,177.5,0,2,1
2025-02-24,Surabaya,18,1,67713.0,56.1,4.0,161.0,0,2,1
2025-02-24,Surabaya,22,1,39841.0,37.2,4.6,289.0,0,2,0
2025-02-25,Bandung,6,1,70607.0,66.8,3.8,260.0,1,2,1
2025-02-25,Bandung,9,1,12986.0,5.0,4.5,252.0,1,2,1
2025-02-25,Bandung,21,1,27491.0,15.1,4.6,310.0,1,2,0
2025-02-25,Jakarta,5,1,59518.0,38.4,4.8,704.0,1,2,0
2025-02-25,Jakarta,6,1,56494.0,39.6,4.1,624.0,1,2,1
2025-02-25,Jakarta,7,1,43923.0,48.0,4.7,633.0,1,2,1
2025-02-25,Jakarta,9,1,98691.0,47.9,4.3,605.0,1,2,1
2025-02-25,Jakarta,12,1,44387.0,34.9,4.6,681.0,1,2,0
2025-02-25,Jakarta,14,1,92501.0,43.2,4.2,718.0,1,2,0
2025-02-25,Jakarta,15,1,62531.0,39.9,4.5,717.0,1,2,0
2025-02-25,Jakarta,16,1,55469.0,43.3,4.9,641.0,1,2,1
2025-02-25,Jakarta,18,1,83333.0,45.8,4.1,623.0,1,2,1
2025-02-25,Jakarta,19,1,72839.0,46.4,4.5,606.0,1,2,1
2025-02-25,Jakarta,20,2,30757.5,16.25,4.75,699.0,1,2,0
2025-02-25,Jakarta,21,1,49895.0,40.4,4.3,723.0,1,2,0
2025-02-25,Medan,14,1,35250.0,26.8,4.7,190.0,1,2,0
2025-02-25,Medan,16,1,65791.0,69.2,4.2,142.0,1,2,1
2025-02-25,Medan,21,1,10000.0,8.5,4.9,203.0,1,2,0
2025-02-25,Semarang,21,1,51959.0,15.6,4.5,192.0,1,2,0
2025-02-25,Surabaya,14,1,40109.0,21.6,4.8,283.0,1,2,0
2025-02-25,Surabaya,15,1,21140.0,18.7,4.9,233.0,1,2,0
2025-02-25,Surabaya,18,1,61933.0,49.5,4.4,181.0,1,2,1
2025-02-25,Surabaya,23,1,20386.0,12.3,4.7,256.0,1,2,0
2025-02-26,Bandung,6,1,70748.0,48.9,4.3,253.0,2,2,1
2025-02-26,Bandung,7,1,31899.0,35.4,4.2,257.0,2,2,1
2025-02-26,Bandung,14,1,30629.0,23.7,4.9,326.0,2,2,0
2025-02-26,Bandung,15,1,46708.0,28.4,4.2,339.0,2,2,0
2025-02-26,Bandung,17,1,26117.0,41.2,4.6,228.0,2,2,1
2025-02-26,Bandung,18,1,56248.0,36.0,5.0,259.0,2,2,1
2025-02-26,Bandung,22,1,102911.0,49.7,4.5,346.0,2,2,0
2025-02-26,Jakarta,6,1,25284.0,32.1,4.6,615.0,2,2,1
2025-02-26,Jakarta,10,2,50735.0,39.1,4.3,724.5,2,2,0
2025-02-26,Jakarta,15,1,38436.0,33.2,4.5,699.0,2,2,0
2025-02-26,Jakarta,16,1,58878.0,54.7,4.2,595.0,2,2,1
2025-02-26,Jakarta,17,2,51095.0,42.1,4.800000000000001,619.0,2,2,1
2025-02-26,Jakarta,18,1,72048.0,43.3,4.4,626.0,2,2,1
2025-02-26,Medan,1,1,62872.0,56.8,3.9,206.0,2,2,0
2025-02-26,Medan,3,1,85023.0,50.4,4.3,236.0,2,2,0
2025-02-26,Medan,9,2,41345.5,40.75,4.45,119.5,2,2,1
2025-02-26,Medan,14,1,48011.0,15.7,4.7,227.0,2,2,0
2025-02-26,Medan,22,2,43688.0,28.900000000000002,4.6,217.0,2,2,0
2025-02-26,Semarang,7,1,50591.0,23.6,4.7,99.0,2,2,1
2025-02-26,Semarang,15,1,55329.0,30.2,4.5,198.0,2,2,0
2025-02-26,Semarang,21,1,33754.0,16.3,4.4,205.0,2,2,0
2025-02-26,Surabaya,2,1,74217.0,36.0,4.6,288.0,2,2,0
2025-02-26,Surabaya,17,1,109852.0,76.4,4.0,200.0,2,2,1
2025-02-26,Surabaya,23,1,38554.0,21.8,4.4,240.0,2,2,0
2025-02-27,Bandung,8,1,57468.0,34.7,4.5,213.0,3,2,1
2025-02-27,Bandung,10,1,49667.0,43.9,4.9,347.0,3,2,0
2025-02-27,Bandung,11,1,54347.0,29.7,4.6,318.0,3,2,0
2025-02-27,Bandung,13,1,40221.0,18.6,4.6,347.0,3,2,0
2025-02-27,Bandung,16,3,47015.0,48.833333333333336,4.533333333333334,243.66666666666666,3,2,1
2025-02-27,Bandung,18,3,44132.666666666664,31.933333333333334,4.566666666666666,245.0,3,2,1
2025-02-27,Bandung,21,3,44124.333333333336,34.5,4.6000000000000005,308.6666666666667,3,2,0
2025-02-27,Jakarta,8,2,57805.5,47.55,4.15,623.0,3,2,1
2025-02-27,Jakarta,10,2,84488.5,44.900000000000006,4.75,705.0,3,2,0
2025-02-27,Jakarta,13,1,106277.0,47.8,4.4,684.0,3,2,0
2025-02-27,Jakarta,15,1,49699.0,35.6,4.6,678.0,3,2,0
2025-02-27,Jakarta,17,3,49100.333333333336,46.5,4.3999999999999995,623.0,3,2,1
2025-02-27,Jakarta,18,2,50595.5,45.95,4.25,613.5,3,2,1
2025-02-27,Jakarta,19,1,36156.0,43.1,4.6,620.0,3,2,1
2025-02-27,Jakarta,23,1,37058.0,16.1,4.9,714.0,3,2,0
2025-02-27,Medan,19,1,36490.0,47.9,4.6,129.0,3,2,1
2025-02-27,Medan,20,2,50620.0,27.1,4.5,216.5,3,2,0
2025-02-27,Medan,21,1,36296.0,32.3,4.7,230.0,3,2,0
2025-02-27,Medan,22,1,51643.0,43.7,4.3,201.0,3,2,0
2025-02-27,Semarang,7,1,36572.0,22.5,4.9,117.0,3,2,1
2025-02-27,Semarang,12,1,48871.0,33.9,5.0,195.0,3,2,0
2025-02-27,Semarang,17,1,10000.0,12.9,4.6,78.0,3,2,1
2025-02-28,Bandung,5,1,52401.0,31.7,4.8,347.0,4,2,0
2025-02-28,Bandung,10,1,46176.0,8.1,4.8,293.0,4,2,0
2025-02-28,Bandung,12,1,51193.0,40.0,4.3,291.0,4,2,0
2025-02-28,Bandung,15,1,17400.0,17.2,4.5,294.0,4,2,0
2025-02-28,Bandung,16,1,40268.0,49.6,4.6,257.0,4,2,1
2025-02-28,Bandung,18,2,54233.5,36.2,4.300000000000001,220.0,4,2,1
2025-02-28,Bandung,19,1,26150.0,21.3,5.0,260.0,4,2,1
2025-02-28,Jakarta,4,1,10000.0,9.8,4.9,673.0,4,2,0
2025-02-28,Jakarta,6,1,71837.0,49.3,4.9,609.0,4,2,1
2025-02-28,Jakarta,8,1,35993.0,38.8,4.5,614.0,4,2,1
2025-02-28,Jakarta,9,1,34079.0,26.3,4.7,641.0,4,2,1
2025-02-28,Jakarta,10,1,27012.0,15.1,4.8,710.0,4,2,0
2025-02-28,Jakarta,11,1,77056.0,34.2,4.6,705.0,4,2,0
2025-02-28,Jakarta,13,1,56855.0,33.2,4.4,709.0,4,2,0
2025-02-28,Jakarta,17,2,52898.5,36.65,4.75,637.0,4,2,1
2025-02-28,Jakarta,18,4,66893.5,54.45,4.3999999999999995,635.25,4,2,1
2025-02-28,Medan,6,1,56188.0,33.6,4.7,138.0,4,2,1
2025-02-28,Medan,14,2,21618.0,18.2,4.95,200.0,4,2,0
2025-02-28,Medan,18,1,41653.0,42.3,4.7,142.0,4,2,1
2025-02-28,Medan,19,1,64040.0,34.7,4.3,148.0,4,2,1
2025-02-28,Medan,21,1,46050.0,26.6,4.7,244.0,4,2,0
2025-02-28,Semarang,9,1,57521.0,60.3,4.5,102.0,4,2,1
2025-02-28,Semarang,17,1,54795.0,39.7,4.5,122.0,4,2,1
2025-02-28,Semarang,19,1,47364.0,32.3,4.6,100.0,4,2,1
2025-02-28,Surabaya,18,1,53345.0,46.5,4.8,195.0,4,2,1
2025-03-01,Bandung,1,1,46318.0,29.1,4.4,335.0,5,3,0
2025-03-01,Bandung,5,1,16277.0,5.0,4.7,350.0,5,3,0
2025-03-01,Bandung,12,1,49324.0,20.6,4.6,295.0,5,3,0
2025-03-01,Bandung,16,2,63965.0,49.099999999999994,4.45,241.0,5,3,1
2025-03-01,Bandung,17,1,47407.0,45.2,4.6,249.0,5,3,1
2025-03-01,Bandung,22,1,58320.0,48.7,4.6,324.0,5,3,0
2025-03-01,Jakarta,6,1,65986.0,40.0,4.4,631.0,5,3,1
2025-03-01,Jakarta,8,1,46206.0,36.4,4.5,648.0,5,3,1
2025-03-01,Jakarta,10,1,11913.0,5.0,4.8,682.0,5,3,0
2025-03-01,Jakarta,11,2,77085.0,43.15,4.7,679.5,5,3,0
2025-03-01,Jakarta,13,2,47709.5,32.1,4.55,696.5,5,3,0
2025-03-01,Jakarta,16,1,51825.0,55.1,4.3,603.0,5,3,1
2025-03-01,Jakarta,17,3,48008.333333333336,35.1,4.633333333333334,611.0,5,3,1
2025-03-01,Jakarta,19,4,51920.75,43.574999999999996,4.425,610.75,5,3,1
2025-03-01,Jakarta,20,1,28903.0,29.2,4.5,718.0,5,3,0
2025-03-01,Jakarta,22,1,35256.0,35.4,5.0,697.0,5,3,0
2025-03-01,Medan,6,1,42624.0,42.8,4.4,161.0,5,3,1
2025-03-01,Medan,9,3,58910.333333333336,52.26666666666667,4.233333333333333,141.33333333333334,5,3,1
2025-03-01,Medan,17,1,70051.0,62.7,4.4,162.0,5,3,1
2025-03-01,Medan,22,1,42964.0,19.2,4.4,221.0,5,3,0
2025-03-01,Semarang,8,1,82281.0,31.2,4.9,82.0,5,3,1
2025-03-01,Semarang,10,2,49859.5,28.3,4.55,206.5,5,3,0
2025-03-01,Semarang,13,1,34621.0,22.6,4.8,205.0,5,3,0
2025-03-01,Semarang,20,1,10000.0,5.0,4.6,175.0,5,3,0
2025-03-01,Surabaya,6,1,23855.0,33.6,4.7,157.0,5,3,1
2025-03-01,Surabaya,12,1,36942.0,35.4,4.9,264.0,5,3,0
2025-03-01,Surabaya,16,1,22521.0,37.6,4.6,172.0,5,3,1
2025-03-01,Surabaya,19,1,18924.0,26.8,5.0,206.0,5,3,1
2025-03-01,Surabaya,20,1,10000.0,9.9,4.8,280.0,5,3,0
2025-03-01,Surabaya,21,1,41743.0,43.0,4.5,241.0,5,3,0
2025-03-02,Bandung,8,1,43903.0,38.2,4.5,250.0,6,3,1
2025-03-02,Bandung,16,1,35072.0,39.5,4.5,216.0,6,3,1
2025-03-02,Bandung,17,1,53247.0,50.0,4.6,230.0,6,3,1
2025-03-02,Jakarta,7,2,45622.0,47.05,4.15,627.5,6,3,1
2025-03-02,Jakarta,9,1,37090.0,55.1,4.7,626.0,6,3,1
2025-03-02,Jakarta,10,1,45022.0,27.2,4.5,720.0,6,3,0
2025-03-02,Jakarta,14,1,60229.0,55.1,4.4,702.0,6,3,0
2025-03-02,Jakarta,16,1,44755.0,51.0,4.6,618.0,6,3,1
2025-03-02,Jakarta,17,2,56268.0,37.8,4.65,608.5,6,3,1
2025-03-02,Jakarta,18,2,76089.5,48.2,4.25,609.5,6,3,1
2025-03-02,Jakarta,20,1,73004.0,53.1,4.3,696.0,6,3,0
2025-03-02,Jakarta,22,1,45131.0,30.2,4.7,680.0,6,3,0
2025-03-02,Medan,9,4,56385.5,46.8,4.55,126.0,6,3,1
2025-03-02,Medan,12,1,74701.0,14.9,5.0,248.0,6,3,0
2025-03-02,Medan,19,2,37936.5,41.25,4.6,158.0,6,3,1
2025-03-02,Medan,23,1,31551.0,46.2,4.2,243.0,6,3,0
2025-03-02,Semarang,19,1,23278.0,31.4,4.9,98.0,6,3,1
2025-03-02,Surabaya,8,1,52118.0,46.6,4.2,193.0,6,3,1
2025-03-02,Surabaya,16,1,27767.0,40.7,4.7,164.0,6,3,1
2025-03-02,Surabaya,17,1,57177.0,66.6,4.6,157.0,6,3,1
2025-03-02,Surabaya,22,1,68903.0,41.0,4.4,269.0,6,3,0
2025-03-03,Bandung,7,1,35135.0,38.5,4.5,232.0,0,3,1
2025-03-03,Bandung,9,1,28369.0,33.6,5.0,266.0,0,3,1
2025-03-03,Bandung,10,1,44508.0,28.1,4.4,333.0,0,3,0
2025-03-03,Bandung,12,1,39876.0,37.6,5.0,296.0,0,3,0
2025-03-03,Bandung,17,3,67388.0,42.4,4.5,245.0,0,3,1
2025-03-03,Bandung,18,2,33631.0,31.95,4.05,241.5,0,3,1
2025-03-03,Bandung,22,1,53823.0,28.1,5.0,303.0,0,3,0
2025-03-03,Jakarta,0,1,85585.0,37.3,4.3,718.0,0,3,0
2025-03-03,Jakarta,7,1,56927.0,51.5,4.2,630.0,0,3,1
2025-03-03,Jakarta,8,2,52109.0,50.35,4.4,621.0,0,3,1
2025-03-03,Jakarta,12,1,52117.0,26.6,4.8,716.0,0,3,0
2025-03-03,Jakarta,13,3,47684.333333333336,32.63333333333333,4.8,713.0,0,3,0
2025-03-03,Jakarta,17,2,46897.0,35.7,4.300000000000001,643.5,0,3,1
2025-03-03,Jakarta,18,3,60513.333333333336,39.9,4.5,628.0,0,3,1
2025-03-03,Jakarta,19,1,46948.0,38.4,4.8,624.0,0,3,1
2025-03-03,Jakarta,21,1,38955.0,43.3,3.8,708.0,0,3,0
2025-03-03,Medan,9,1,40938.0,45.0,4.8,167.0,0,3,1
2025-03-03,Medan,10,2,30036.5,11.05,4.75,208.0,0,3,0
2025-03-03,Medan,14,1,72423.0,42.4,4.1,217.0,0,3,0
2025-03-03,Medan,17,1,39268.0,35.0,4.8,149.0,0,3,1
2025-03-03,Medan,19,1,52591.0,46.6,4.4,112.0,0,3,1
2025-03-03,Medan,21,2,63224.5,39.25,4.699999999999999,238.0,0,3,0
2025-03-03,Semarang,2,1,29510.0,7.7,4.3,196.0,0,3,0
2025-03-03,Semarang,13,1,23924.0,14.9,5.0,157.0,0,3,0
2025-03-03,Semarang,21,1,35858.0,16.8,4.8,181.0,0,3,0
2025-03-03,Semarang,23,1,32289.0,30.0,4.6,194.0,0,3,0
2025-03-03,Surabaya,6,1,17518.0,23.1,4.6,164.0,0,3,1
2025-03-03,Surabaya,8,1,51044.0,52.0,4.0,162.0,0,3,1
2025-03-03,Surabaya,16,1,64116.0,36.4,5.0,179.0,0,3,1
2025-03-03,Surabaya,17,1,62714.0,54.4,4.3,181.0,0,3,1
2025-03-04,Bandung,0,1,50878.0,40.8,4.3,303.0,1,3,0
2025-03-04,Bandung,7,1,81963.0,45.0,4.4,210.0,1,3,1
2025-03-04,Bandung,11,1,38898.0,18.9,4.7,293.0,1,3,0
2025-03-04,Bandung,17,1,69480.0,45.3,4.4,212.0,1,3,1
2025-03-04,Bandung,18,2,43344.5,55.3,4.35,236.5,1,3,1
2025-03-04,Jakarta,6,2,56917.5,25.25,4.300000000000001,615.5,1,3,1
2025-03-04,Jakarta,8,2,34203.0,43.449999999999996,4.45,645.0,1,3,1
2025-03-04,Jakarta,10,1,64923.0,39.2,4.8,707.0,1,3,0
2025-03-04,Jakarta,13,1,33241.0,15.7,5.0,686.0,1,3,0
2025-03-04,Jakarta,14,1,52036.0,27.9,4.4,691.0,1,3,0
2025-03-04,Jakarta,15,1,44679.0,33.2,4.3,674.0,1,3,0
2025-03-04,Jakarta,16,2,34691.5,32.599999999999994,4.65,638.5,1,3,1
2025-03-04,Jakarta,17,3,49652.666666666664,51.93333333333334,4.266666666666667,627.6666666666666,1,3,1
2025-03-04,Jakarta,18,3,51982.666666666664,44.53333333333333,4.433333333333334,641.6666666666666,1,3,1
2025-03-04,Jakarta,19,2,48564.5,43.400000000000006,4.4,632.5,1,3,1
2025-03-04,Jakarta,20,1,54166.0,39.2,4.7,722.0,1,3,0
2025-03-04,Jakarta,21,1,63389.0,55.3,4.7,704.0,1,3,0
2025-03-04,Semarang,7,1,35408.0,34.9,4.9,118.0,1,3,1
2025-03-04,Semarang,10,1,60291.0,41.1,4.3,160.0,1,3,0
2025-03-04,Surabaya,8,2,38839.5,31.75,4.9,186.5,1,3,1
2025-03-04,Surabaya,9,1,66793.0,57.0,4.0,187.0,1,3,1
2025-03-04,Surabaya,11,1,83603.0,55.4,4.3,258.0,1,3,0
2025-03-04,Surabaya,12,1,54088.0,35.2,4.4,247.0,1,3,0
2025-03-04,Surabaya,14,1,44245.0,36.7,4.6,247.0,1,3,0
2025-03-04,Surabaya,17,1,56806.0,40.2,4.5,196.0,1,3,1
2025-03-04,Surabaya,20,1,34387.0,49.7,4.4,258.0,1,3,0
2025-03-04,Surabaya,22,1,53841.0,38.6,4.5,257.0,1,3,0
2025-03-05,Bandung,7,2,82017.5,57.85,4.35,245.5,2,3,1
2025-03-05,Bandung,9,1,29149.0,25.9,4.9,224.0,2,3,1
2025-03-05,Bandung,11,1,24031.0,39.2,4.2,339.0,2,3,0
2025-03-05,Bandung,12,1,51195.0,17.1,4.2,344.0,2,3,0
2025-03-05,Bandung,15,1,14854.0,15.4,4.9,328.0,2,3,0
2025-03-05,Bandung,16,1,24133.0,18.8,4.9,248.0,2,3,1
2025-03-05,Jakarta,5,1,29225.0,17.1,4.6,706.0,2,3,0
2025-03-05,Jakarta,6,1,65342.0,37.7,4.6,626.0,2,3,1
2025-03-05,Jakarta,7,1,35875.0,57.7,4.9,593.0,2,3,1
2025-03-05,Jakarta,10,1,58643.0,15.1,4.9,714.0,2,3,0
2025-03-05,Jakarta,15,1,59868.0,54.4,4.2,727.0,2,3,0
2025-03-05,Jakarta,16,1,61804.0,42.8,4.5,626.0,2,3,1
2025-03-05,Jakarta,17,3,32636.0,35.53333333333334,4.5,606.6666666666666,2,3,1
2025-03-05,Jakarta,18,2,55172.5,48.0,4.25,630.0,2,3,1
2025-03-05,Jakarta,19,3,58314.666666666664,49.9,4.433333333333334,632.6666666666666,2,3,1
2025-03-05,Medan,8,2,43355.0,32.2,4.449999999999999,137.0,2,3,1
2025-03-05,Medan,15,1,31946.0,19.0,4.8,218.0,2,3,0
2025-03-05,Medan,17,1,10000.0,7.8,4.5,131.0,2,3,1
2025-03-05,Medan,19,1,42785.0,41.3,4.8,157.0,2,3,1
2025-03-05,Semarang,18,2,58349.0,52.15,4.3,121.5,2,3,1
2025-03-05,Surabaya,7,1,53342.0,58.1,4.0,164.0,2,3,1
2025-03-05,Surabaya,15,1,32224.0,28.1,4.7,280.0,2,3,0
2025-03-05,Surabaya,17,2,65621.5,34.0,4.2,196.0,2,3,1
2025-03-05,Surabaya,19,1,39794.0,56.4,4.2,208.0,2,3,1
2025-03-06,Bandung,5,1,43679.0,20.6,5.0,324.0,3,3,0
2025-03-06,Bandung,8,2,36963.5,36.5,4.550000000000001,240.0,3,3,1
2025-03-06,Bandung,17,1,24475.0,23.7,4.6,238.0,3,3,1
2025-03-06,Bandung,19,2,52098.0,20.45,4.7,246.0,3,3,1
2025-03-06,Bandung,21,1,35377.0,29.5,4.7,301.0,3,3,0
2025-03-06,Jakarta,3,1,58128.0,19.5,4.9,729.0,3,3,0
2025-03-06,Jakarta,16,1,63351.0,68.5,3.9,594.0,3,3,1
2025-03-06,Jakarta,17,1,56788.0,48.5,4.0,611.0,3,3,1
2025-03-06,Jakarta,18,1,66422.0,51.7,4.3,607.0,3,3,1
2025-03-06,Jakarta,22,1,63281.0,31.0,4.6,718.0,3,3,0
2025-03-06,Medan,7,1,42612.0,41.5,4.0,167.0,3,3,1
2025-03-06,Medan,16,1,26914.0,42.4,4.3,170.0,3,3,1
2025-03-06,Medan,18,1,41961.0,32.6,4.7,116.0,3,3,1
2025-03-06,Semarang,16,1,64985.0,50.1,4.3,119.0,3,3,1
2025-03-06,Surabaya,17,1,54969.0,40.7,4.3,159.0,3,3,1
2025-03-06,Surabaya,19,1,41237.0,33.8,4.6,207.0,3,3,1
2025-03-06,Surabaya,20,1,64949.0,38.6,4.4,271.0,3,3,0
2025-03-07,Bandung,2,1,56060.0,21.9,4.6,332.0,4,3,0
2025-03-07,Bandung,15,1,47425.0,13.0,4.6,293.0,4,3,0
2025-03-07,Bandung,18,1,51119.0,25.2,4.7,266.0,4,3,1
2025-03-07,Bandung,23,2,86065.5,49.05,4.25,343.0,4,3,0
2025-03-07,Jakarta,6,1,36767.0,37.2,4.3,593.0,4,3,1
2025-03-07,Jakarta,7,1,44532.0,44.1,4.2,645.0,4,3,1
2025-03-07,Jakarta,8,1,74687.0,47.2,4.6,600.0,4,3,1
2025-03-07,Jakarta,12,1,50719.0,24.9,4.2,677.0,4,3,0
2025-03-07,Jakarta,14,1,44641.0,13.5,4.6,719.0,4,3,0
2025-03-07,Jakarta,16,2,44853.0,39.5,4.800000000000001,605.5,4,3,1
2025-03-07,Jakarta,17,2,58903.0,58.05,4.6,598.0,4,3,1
2025-03-07,Jakarta,19,2,78376.5,41.0,4.4,620.0,4,3,1
2025-03-07,Jakarta,20,1,84550.0,45.0,4.6,724.0,4,3,0
2025-03-07,Jakarta,22,1,39700.0,16.1,4.7,673.0,4,3,0
2025-03-07,Medan,8,1,80557.0,38.8,4.8,110.0,4,3,1
2025-03-07,Medan,10,1,77394.0,47.4,4.1,196.0,4,3,0
2025-03-07,Medan,17,1,37771.0,56.5,4.4,137.0,4,3,1
2025-03-07,Semarang,9,1,59347.0,43.9,4.6,87.0,4,3,1
2025-03-07,Semarang,15,1,41462.0,27.7,4.3,170.0,4,3,0
2025-03-07,Semarang,17,1,17689.0,15.3,4.6,80.0,4,3,1
2025-03-07,Semarang,23,2,55057.5,46.3,4.45,176.0,4,3,0
2025-03-07,Surabaya,9,1,91175.0,37.6,4.6,176.0,4,3,1
2025-03-07,Surabaya,20,1,23623.0,19.8,4.8,262.0,4,3,0
2025-03-07,Surabaya,21,1,26628.0,31.9,4.0,238.0,4,3,0
2025-03-08,Bandung,6,1,48048.0,22.3,4.6,261.0,5,3,1
2025-03-08,Bandung,12,1,56924.0,25.4,4.4,323.0,5,3,0
2025-03-08,Bandung,18,1,31718.0,16.2,4.5,241.0,5,3,1
2025-03-08,Bandung,22,1,50933.0,39.5,4.3,298.0,5,3,0
2025-03-08,Jakarta,3,1,99562.0,33.9,4.4,709.0,5,3,0
2025-03-08,Jakarta,6,1,32549.0,28.4,5.0,619.0,5,3,1
2025-03-08,Jakarta,11,1,42119.0,19.2,4.8,682.0,5,3,0
2025-03-08,Jakarta,14,1,94883.0,86.2,3.5,676.0,5,3,0
2025-03-08,Jakarta,15,1,62379.0,48.4,4.7,702.0,5,3,0
2025-03-08,Jakarta,17,3,65339.666666666664,55.4,4.1000000000000005,600.6666666666666,5,3,1
2025-03-08,Jakarta,18,3,33069.333333333336,26.2,4.566666666666666,630.0,5,3,1
2025-03-08,Jakarta,21,1,50971.0,32.4,5.0,671.0,5,3,0
2025-03-08,Medan,18,1,33045.0,35.5,4.5,127.0,5,3,1
2025-03-08,Semarang,5,1,32913.0,32.2,4.6,166.0,5,3,0
2025-03-08,Semarang,17,1,26075.0,18.4,4.5,75.0,5,3,1
2025-03-08,Surabaya,8,3,64194.666666666664,43.4,4.6000000000000005,170.0,5,3,1
2025-03-08,Surabaya,18,1,36071.0,39.5,4.8,154.0,5,3,1
2025-03-09,Bandung,1,1,96387.0,33.0,4.3,323.0,6,3,0
2025-03-09,Bandung,8,1,44782.0,50.6,4.6,260.0,6,3,1
2025-03-09,Bandung,11,1,39669.0,24.2,4.8,344.0,6,3,0
2025-03-09,Bandung,19,2,46946.0,34.9,4.7,258.0,6,3,1
2025-03-09,Bandung,23,1,42320.0,30.9,4.8,308.0,6,3,0
2025-03-09,Jakarta,4,1,30211.0,22.2,4.7,721.0,6,3,0
2025-03-09,Jakarta,9,1,88664.0,60.4,4.2,624.0,6,3,1
2025-03-09,Jakarta,12,1,56058.0,60.3,4.2,697.0,6,3,0
2025-03-09,Jakarta,15,3,58529.0,39.86666666666667,4.166666666666667,693.3333333333334,6,3,0
2025-03-09,Jakarta,16,2,58841.5,54.65,4.3,620.0,6,3,1
2025-03-09,Jakarta,17,1,55637.0,56.0,4.0,595.0,6,3,1
2025-03-09,Jakarta,20,1,35601.0,26.7,5.0,704.0,6,3,0
2025-03-09,Jakarta,21,1,48862.0,23.4,5.0,691.0,6,3,0
2025-03-09,Medan,7,2,47878.0,33.2,4.55,150.5,6,3,1
2025-03-09,Medan,14,1,48195.0,21.9,4.8,200.0,6,3,0
2025-03-09,Medan,16,1,41891.0,61.1,3.7,136.0,6,3,1
2025-03-09,Semarang,7,1,66981.0,39.5,4.3,124.0,6,3,1
2025-03-09,Semarang,17,1,27480.0,22.1,4.5,81.0,6,3,1
2025-03-09,Semarang,19,1,30965.0,31.6,4.1,92.0,6,3,1
2025-03-09,Surabaya,13,1,34259.0,28.8,5.0,236.0,6,3,0
2025-03-09,Surabaya,16,1,24402.0,16.0,4.6,170.0,6,3,1
2025-03-09,Surabaya,17,1,68984.0,59.5,4.0,156.0,6,3,1
2025-03-09,Surabaya,18,1,36730.0,16.7,4.4,192.0,6,3,1
2025-03-09,Surabaya,19,1,42354.0,37.4,4.4,186.0,6,3,1
2025-03-10,Bandung,6,2,54645.5,49.5,4.35,248.0,0,3,1
2025-03-10,Bandung,8,1,46572.0,23.3,4.7,265.0,0,3,1
2025-03-10,Bandung,10,2,62115.5,37.55,4.75,310.0,0,3,0
2025-03-10,Bandung,16,3,34176.0,30.46666666666667,4.466666666666667,236.33333333333334,0,3,1
2025-03-10,Bandung,17,2,37881.0,35.45,4.5,257.0,0,3,1
2025-03-10,Bandung,18,1,31316.0,46.7,4.3,224.0,0,3,1
2025-03-10,Bandung,21,1,31270.0,5.0,4.5,303.0,0,3,0
2025-03-10,Jakarta,13,1,59046.0,27.9,4.8,712.0,0,3,0
2025-03-10,Jakarta,16,3,52283.333333333336,37.03333333333333,4.6000000000000005,610.3333333333334,0,3,1
2025-03-10,Jakarta,17,1,55237.0,55.2,4.3,593.0,0,3,1
2025-03-10,Jakarta,20,1,58446.0,42.7,4.8,698.0,0,3,0
2025-03-10,Jakarta,22,1,69876.0,28.9,4.2,730.0,0,3,0
2025-03-10,Medan,14,1,46213.0,14.4,4.6,242.0,0,3,0
2025-03-10,Medan,17,2,46939.5,32.3,4.55,129.5,0,3,1
2025-03-10,Medan,19,2,46541.0,36.4,4.5,131.5,0,3,1
2025-03-10,Medan,20,1,68532.0,28.3,4.9,212.0,0,3,0
2025-03-10,Semarang,16,1,18449.0,6.7,4.9,76.0,0,3,1
2025-03-10,Surabaya,10,1,52405.0,43.7,4.0,285.0,0,3,0
2025-03-10,Surabaya,20,1,106634.0,59.6,4.2,276.0,0,3,0
2025-03-11,Bandung,5,1,58696.0,38.5,4.5,304.0,1,3,0
2025-03-11,Bandung,6,1,63692.0,31.5,4.2,253.0,1,3,1
2025-03-11,Bandung,7,2,50428.0,43.849999999999994,4.5,257.0,1,3,1
2025-03-11,Bandung,9,1,46584.0,47.1,4.8,229.0,1,3,1
2025-03-11,Bandung,13,1,60513.0,49.5,3.8,340.0,1,3,0
2025-03-11,Bandung,16,2,41825.0,34.3,4.4,234.0,1,3,1
2025-03-11,Bandung,17,3,28693.333333333332,16.3,4.5,248.33333333333334,1,3,1
2025-03-11,Bandung,18,1,64082.0,35.5,4.7,211.0,1,3,1
2025-03-11,Bandung,22,1,47383.0,18.6,4.5,311.0,1,3,0
2025-03-11,Jakarta,10,2,53539.5,29.0,4.5,688.0,1,3,0
2025-03-11,Jakarta,13,1,57952.0,42.8,4.9,682.0,1,3,0
2025-03-11,Jakarta,16,3,52350.333333333336,44.666666666666664,4.233333333333333,626.0,1,3,1
2025-03-11,Jakarta,18,2,69660.0,45.45,4.95,633.0,1,3,1
2025-03-11,Jakarta,19,1,55624.0,43.3,4.4,642.0,1,3,1
2025-03-11,Jakarta,20,2,69844.5,45.35,4.5,693.0,1,3,0
2025-03-11,Medan,10,1,60683.0,57.8,4.3,226.0,1,3,0
2025-03-11,Medan,11,1,66296.0,38.0,4.7,247.0,1,3,0
2025-03-11,Medan,16,1,57396.0,46.9,4.8,142.0,1,3,1
2025-03-11,Medan,18,1,81203.0,67.0,3.8,150.0,1,3,1
2025-03-11,Medan,20,2,27497.0,28.549999999999997,4.65,212.0,1,3,0
2025-03-11,Medan,21,1,21938.0,24.7,4.7,196.0,1,3,0
2025-03-11,Semarang,10,1,43038.0,29.6,4.7,185.0,1,3,0
2025-03-11,Semarang,13,1,35212.0,32.2,4.3,163.0,1,3,0
2025-03-11,Semarang,15,1,44952.0,40.6,5.0,158.0,1,3,0
2025-03-11,Semarang,18,1,50282.0,44.1,4.6,125.0,1,3,1
2025-03-11,Surabaya,7,1,53213.0,44.8,5.0,182.0,1,3,1
2025-03-11,Surabaya,8,1,25763.0,32.5,4.4,153.0,1,3,1
2025-03-11,Surabaya,17,1,33407.0,21.3,4.6,188.0,1,3,1
2025-03-11,Surabaya,19,1,22599.0,26.2,4.6,183.0,1,3,1
2025-03-11,Surabaya,22,1,44393.0,38.0,4.7,261.0,1,3,0
2025-03-12,Bandung,16,2,53684.0,45.0,4.15,239.5,2,3,1
2025-03-12,Bandung,18,1,40801.0,32.7,5.0,266.0,2,3,1
2025-03-12,Jakarta,0,1,44646.0,32.1,4.1,691.0,2,3,0
2025-03-12,Jakarta,11,1,38279.0,34.2,5.0,704.0,2,3,0
2025-03-12,Jakarta,15,1,28301.0,5.0,4.9,698.0,2,3,0
2025-03-12,Jakarta,16,1,42352.0,39.3,4.4,621.0,2,3,1
2025-03-12,Jakarta,17,2,63173.5,52.5,4.5,639.0,2,3,1
2025-03-12,Jakarta,20,1,79704.0,63.6,4.2,689.0,2,3,0
2025-03-12,Medan,8,2,47834.0,33.75,4.65,147.0,2,3,1
2025-03-12,Medan,13,1,49292.0,33.2,4.5,209.0,2,3,0
2025-03-12,Medan,14,1,51046.0,41.9,4.6,234.0,2,3,0
2025-03-12,Semarang,11,1,48121.0,44.5,4.5,190.0,2,3,0
2025-03-12,Semarang,16,1,10000.0,24.6,4.7,81.0,2,3,1
2025-03-12,Semarang,23,1,28040.0,17.2,4.1,201.0,2,3,0
2025-03-12,Surabaya,8,1,59481.0,50.3,4.6,176.0,2,3,1
2025-03-12,Surabaya,15,1,64010.0,51.0,4.0,286.0,2,3,0
2025-03-12,Surabaya,16,1,40028.0,19.2,5.0,195.0,2,3,1
2025-03-12,Surabaya,17,1,48862.0,43.4,4.6,156.0,2,3,1
2025-03-13,Bandung,6,1,21744.0,17.5,4.7,219.0,3,3,1
2025-03-13,Bandung,8,2,37982.0,26.75,4.45,238.5,3,3,1
2025-03-13,Bandung,15,1,71774.0,38.1,4.6,310.0,3,3,0
2025-03-13,Bandung,19,1,69204.0,56.2,4.4,267.0,3,3,1
2025-03-13,Jakarta,1,2,62400.0,46.65,4.55,703.5,3,3,0
2025-03-13,Jakarta,4,1,24321.0,29.5,5.0,696.0,3,3,0
2025-03-13,Jakarta,5,1,32804.0,32.2,4.5,706.0,3,3,0
2025-03-13,Jakarta,8,1,50853.0,42.5,4.4,621.0,3,3,1
2025-03-13,Jakarta,10,1,30760.0,9.2,4.4,712.0,3,3,0
2025-03-13,Jakarta,14,2,50149.0,23.7,4.800000000000001,681.0,3,3,0
2025-03-13,Jakarta,15,1,88084.0,53.9,4.3,679.0,3,3,0
2025-03-13,Jakarta,17,1,32964.0,41.6,4.7,639.0,3,3,1
2025-03-13,Jakarta,18,1,57809.0,55.3,4.5,598.0,3,3,1
2025-03-13,Jakarta,19,1,43944.0,34.8,4.8,607.0,3,3,1
2025-03-13,Jakarta,21,2,36880.0,38.15,4.45,679.0,3,3,0
2025-03-13,Jakarta,22,2,61379.5,43.400000000000006,4.65,704.0,3,3,0
2025-03-13,Medan,7,1,22733.0,28.2,4.9,133.0,3,3,1
2025-03-13,Medan,10,1,41615.0,35.1,4.4,212.0,3,3,0
2025-03-13,Medan,17,1,42493.0,43.9,4.3,166.0,3,3,1
2025-03-13,Medan,19,1,33741.0,35.9,4.3,151.0,3,3,1
2025-03-13,Semarang,17,1,13054.0,22.0,4.6,116.0,3,3,1
2025-03-13,Semarang,18,2,58863.0,54.6,4.45,71.0,3,3,1
2025-03-13,Surabaya,8,1,87523.0,50.3,4.7,155.0,3,3,1
2025-03-13,Surabaya,15,1,41741.0,29.9,4.4,234.0,3,3,0
2025-03-13,Surabaya,18,1,86819.0,52.9,4.0,151.0,3,3,1
2025-03-13,Surabaya,20,1,10000.0,28.4,5.0,259.0,3,3,0
2025-03-14,Bandung,8,2,52464.0,47.35,4.550000000000001,241.0,4,3,1
2025-03-14,Bandung,9,1,76247.0,36.1,4.5,269.0,4,3,1
2025-03-14,Bandung,14,1,46719.0,27.5,4.7,335.0,4,3,0
2025-03-14,Bandung,17,2,30731.5,28.950000000000003,4.6,249.0,4,3,1
2025-03-14,Bandung,18,3,47400.666666666664,37.36666666666667,4.533333333333333,238.66666666666666,4,3,1
2025-03-14,Bandung,23,1,16086.0,5.0,5.0,341.0,4,3,0
2025-03-14,Jakarta,4,1,43900.0,19.6,4.7,671.0,4,3,0
2025-03-14,Jakarta,13,1,60343.0,35.8,4.3,683.0,4,3,0
2025-03-14,Jakarta,19,1,52899.0,34.0,4.8,645.0,4,3,1
2025-03-14,Medan,8,1,76306.0,40.0,4.7,154.0,4,3,1
2025-03-14,Medan,10,1,54398.0,40.3,4.1,193.0,4,3,0
2025-03-14,Medan,15,1,44917.0,31.1,4.3,222.0,4,3,0
2025-03-14,Medan,17,1,35220.0,41.4,4.5,148.0,4,3,1
2025-03-14,Medan,18,1,43542.0,38.3,4.3,160.0,4,3,1
2025-03-14,Semarang,5,2,26652.0,20.4,4.5,179.0,4,3,0
2025-03-14,Surabaya,17,1,39980.0,39.8,5.0,154.0,4,3,1
2025-03-14,Surabaya,18,1,35769.0,35.7,4.6,208.0,4,3,1
2025-03-14,Surabaya,19,1,46519.0,56.0,4.5,168.0,4,3,1
2025-03-14,Surabaya,20,1,65566.0,29.2,4.7,275.0,4,3,0
2025-03-15,Bandung,7,1,57017.0,43.8,4.0,264.0,5,3,1
2025-03-15,Bandung,16,2,25058.0,24.85,4.3,249.0,5,3,1
2025-03-15,Bandung,18,1,56017.0,27.7,4.7,234.0,5,3,1
2025-03-15,Jakarta,6,2,42864.5,37.9,4.6,630.0,5,3,1
2025-03-15,Jakarta,7,1,86377.0,44.0,4.6,615.0,5,3,1
2025-03-15,Jakarta,8,1,39950.0,28.7,4.8,626.0,5,3,1
2025-03-15,Jakarta,10,1,69604.0,23.2,4.4,674.0,5,3,0
2025-03-15,Jakarta,12,2,45539.5,31.75,4.5,698.0,5,3,0
2025-03-15,Jakarta,13,2,61818.5,43.099999999999994,4.4,713.0,5,3,0
2025-03-15,Jakarta,14,1,32333.0,37.0,4.7,697.0,5,3,0
2025-03-15,Jakarta,15,1,52242.0,40.9,4.7,673.0,5,3,0
2025-03-15,Jakarta,18,3,41446.0,49.86666666666667,4.666666666666667,639.3333333333334,5,3,1
2025-03-15,Jakarta,20,3,37318.666666666664,25.233333333333334,4.733333333333333,708.6666666666666,5,3,0
2025-03-15,Jakarta,21,1,66399.0,36.3,4.9,723.0,5,3,0
2025-03-15,Jakarta,22,2,53788.0,44.599999999999994,4.35,713.0,5,3,0
2025-03-15,Medan,7,1,33370.0,42.2,4.1,160.0,5,3,1
2025-03-15,Medan,11,1,29960.0,5.0,5.0,219.0,5,3,0
2025-03-15,Medan,13,1,35061.0,14.5,5.0,193.0,5,3,0
2025-03-15,Medan,14,1,32964.0,24.2,4.8,205.0,5,3,0
2025-03-15,Semarang,6,1,36513.0,38.5,4.7,100.0,5,3,1
2025-03-15,Surabaya,7,1,10000.0,18.3,4.8,177.0,5,3,1
2025-03-15,Surabaya,16,1,53753.0,43.4,4.4,152.0,5,3,1
2025-03-15,Surabaya,19,1,40754.0,25.0,4.4,152.0,5,3,1
2025-03-16,Bandung,7,3,36557.666666666664,39.699999999999996,4.733333333333333,257.3333333333333,6,3,1
2025-03-16,Bandung,8,1,21764.0,36.0,4.4,243.0,6,3,1
2025-03-16,Bandung,9,1,10000.0,11.0,4.1,226.0,6,3,1
2025-03-16,Bandung,10,1,34344.0,22.5,4.1,317.0,6,3,0
2025-03-16,Bandung,19,1,80568.0,54.1,4.1,217.0,6,3,1
2025-03-16,Jakarta,4,1,39085.0,29.8,4.4,728.0,6,3,0
2025-03-16,Jakarta,7,1,43361.0,64.0,4.3,614.0,6,3,1
2025-03-16,Jakarta,8,2,46328.5,47.3,4.5,612.5,6,3,1
2025-03-16,Jakarta,9,2,59844.0,49.8,4.5,617.5,6,3,1
2025-03-16,Jakarta,11,1,48743.0,35.7,4.6,690.0,6,3,0
2025-03-16,Jakarta,14,1,49998.0,27.0,4.8,716.0,6,3,0
2025-03-16,Jakarta,15,1,54440.0,41.3,4.7,712.0,6,3,0
2025-03-16,Jakarta,16,5,46244.4,42.8,4.26,621.0,6,3,1
2025-03-16,Jakarta,19,2,31393.5,37.45,4.5,604.5,6,3,1
2025-03-16,Jakarta,20,1,49975.0,35.0,4.7,713.0,6,3,0
2025-03-16,Jakarta,22,1,55573.0,22.4,4.6,675.0,6,3,0
2025-03-16,Medan,8,1,53755.0,36.2,4.0,131.0,6,3,1
2025-03-16,Medan,17,1,21198.0,27.6,5.0,117.0,6,3,1
2025-03-16,Semarang,8,1,14653.0,30.2,4.7,121.0,6,3,1
2025-03-16,Semarang,9,1,14089.0,9.5,5.0,102.0,6,3,1
2025-03-16,Semarang,12,1,65214.0,54.3,4.4,159.0,6,3,0
2025-03-16,Semarang,14,1,44536.0,20.1,4.7,186.0,6,3,0
2025-03-16,Surabaya,6,1,42488.0,38.9,4.5,193.0,6,3,1
2025-03-16,Surabaya,8,2,76483.5,50.4,4.35,174.0,6,3,1
2025-03-16,Surabaya,20,1,35193.0,24.5,4.9,264.0,6,3,0
2025-03-17,Bandung,5,1,10000.0,5.0,4.7,348.0,0,3,0
2025-03-17,Bandung,6,1,21408.0,20.2,4.8,237.0,0,3,1
2025-03-17,Bandung,11,1,42344.0,36.3,4.4,325.0,0,3,0
2025-03-17,Bandung,14,1,32564.0,41.2,4.6,300.0,0,3,0
2025-03-17,Bandung,17,3,57099.333333333336,45.199999999999996,4.533333333333334,229.33333333333334,0,3,1
2025-03-17,Bandung,19,2,42945.0,44.95,4.7,243.5,0,3,1
2025-03-17,Jakarta,6,1,42825.0,61.0,4.0,612.0,0,3,1
2025-03-17,Jakarta,7,2,46644.0,38.25,4.2,640.0,0,3,1
2025-03-17,Jakarta,11,1,128291.0,76.9,3.9,703.0,0,3,0
2025-03-17,Jakarta,16,1,32580.0,33.7,4.3,608.0,0,3,1
2025-03-17,Jakarta,17,2,41619.5,43.5,4.6,619.0,0,3,1
2025-03-17,Jakarta,18,1,45534.0,37.6,4.3,639.0,0,3,1
2025-03-17,Jakarta,20,2,77783.0,41.5,4.4,683.0,0,3,0
2025-03-17,Medan,22,1,59185.0,24.8,5.0,197.0,0,3,0
2025-03-17,Semarang,4,1,16653.0,24.8,4.6,182.0,0,3,0
2025-03-17,Semarang,16,1,20539.0,28.9,4.8,127.0,0,3,1
2025-03-17,Semarang,23,1,16296.0,18.0,4.9,208.0,0,3,0
2025-03-17,Surabaya,7,1,82527.0,55.2,4.5,174.0,0,3,1
2025-03-17,Surabaya,18,1,19547.0,24.1,4.5,189.0,0,3,1
2025-03-18,Bandung,17,1,91121.0,53.2,4.4,240.0,1,3,1
2025-03-18,Jakarta,4,1,72119.0,29.5,5.0,726.0,1,3,0
2025-03-18,Jakarta,7,1,47823.0,47.9,4.3,634.0,1,3,1
2025-03-18,Jakarta,8,1,40025.0,46.0,4.4,613.0,1,3,1
2025-03-18,Jakarta,10,1,36114.0,42.6,4.2,676.0,1,3,0
2025-03-18,Jakarta,11,3,41642.333333333336,29.03333333333333,4.533333333333333,690.3333333333334,1,3,0
2025-03-18,Jakarta,13,3,59526.666666666664,36.0,4.3,711.6666666666666,1,3,0
2025-03-18,Jakarta,14,1,91300.0,61.7,4.4,694.0,1,3,0
2025-03-18,Jakarta,15,1,31040.0,30.1,4.4,691.0,1,3,0
2025-03-18,Jakarta,18,1,55827.0,44.1,4.5,600.0,1,3,1
2025-03-18,Jakarta,22,1,42773.0,19.5,4.5,711.0,1,3,0
2025-03-18,Medan,14,2,36476.0,29.4,4.8,226.0,1,3,0
2025-03-18,Medan,15,1,57425.0,30.6,4.8,245.0,1,3,0
2025-03-18,Medan,17,1,36142.0,32.5,4.3,152.0,1,3,1
2025-03-18,Medan,18,1,67269.0,41.2,4.5,146.0,1,3,1
2025-03-18,Medan,23,1,14836.0,21.2,4.5,201.0,1,3,0
2025-03-18,Semarang,8,1,47085.0,43.9,4.8,111.0,1,3,1
2025-03-18,Semarang,11,1,71769.0,64.2,4.1,205.0,1,3,0
2025-03-18,Semarang,17,1,30254.0,43.5,4.4,107.0,1,3,1
2025-03-19,Bandung,9,1,49263.0,52.8,4.7,235.0,2,3,1
2025-03-19,Bandung,16,2,46058.5,52.900000000000006,4.35,238.5,2,3,1
2025-03-19,Bandung,17,1,64552.0,43.2,4.5,218.0,2,3,1
2025-03-19,Bandung,18,1,49960.0,31.2,4.7,254.0,2,3,1
2025-03-19,Bandung,19,1,27355.0,40.6,4.5,213.0,2,3,1
2025-03-19,Jakarta,6,1,57892.0,39.9,4.8,624.0,2,3,1
2025-03-19,Jakarta,7,1,21188.0,34.1,4.5,603.0,2,3,1
2025-03-19,Jakarta,8,2,43964.5,47.25,4.6,620.0,2,3,1
2025-03-19,Jakarta,10,1,34638.0,23.2,4.5,709.0,2,3,0
2025-03-19,Jakarta,12,1,38267.0,37.3,4.4,709.0,2,3,0
2025-03-19,Jakarta,14,1,40433.0,35.4,4.1,672.0,2,3,0
2025-03-19,Jakarta,17,2,50717.5,44.45,4.6,627.0,2,3,1
2025-03-19,Jakarta,18,3,42444.0,33.4,4.566666666666666,625.3333333333334,2,3,1
2025-03-19,Jakarta,19,1,44469.0,26.1,4.3,616.0,2,3,1
2025-03-19,Medan,17,1,116388.0,47.8,4.6,153.0,2,3,1
2025-03-19,Semarang,7,1,27820.0,12.8,5.0,78.0,2,3,1
2025-03-19,Semarang,14,1,17437.0,6.6,4.7,152.0,2,3,0
2025-03-19,Semarang,18,1,61743.0,37.5,4.6,97.0,2,3,1
2025-03-19,Surabaya,6,1,99705.0,43.4,4.5,196.0,2,3,1
2025-03-19,Surabaya,8,1,53398.0,42.0,4.4,162.0,2,3,1
2025-03-19,Surabaya,16,1,52546.0,52.1,4.2,176.0,2,3,1
2025-03-19,Surabaya,17,1,44287.0,37.6,4.4,176.0,2,3,1
2025-03-20,Bandung,0,1,37457.0,20.4,5.0,294.0,3,3,0
2025-03-20,Bandung,8,1,31415.0,27.9,4.8,210.0,3,3,1
2025-03-20,Bandung,9,1,56541.0,39.0,4.4,261.0,3,3,1
2025-03-20,Bandung,10,1,64166.0,47.4,4.8,320.0,3,3,0
2025-03-20,Bandung,16,1,47294.0,34.7,4.3,264.0,3,3,1
2025-03-20,Bandung,17,1,71758.0,56.9,4.7,230.0,3,3,1
2025-03-20,Bandung,18,1,54158.0,24.1,4.9,214.0,3,3,1
2025-03-20,Bandung,22,1,53940.0,37.3,4.8,333.0,3,3,0
2025-03-20,Jakarta,9,1,49761.0,25.0,4.9,600.0,3,3,1
2025-03-20,Jakarta,10,1,87910.0,37.8,4.4,704.0,3,3,0
2025-03-20,Jakarta,17,2,63137.5,41.5,4.3,639.0,3,3,1
2025-03-20,Jakarta,18,1,92476.0,58.5,4.1,642.0,3,3,1
2025-03-20,Jakarta,22,1,96964.0,49.5,4.2,696.0,3,3,0
2025-03-20,Medan,5,2,20661.0,12.65,4.449999999999999,233.0,3,3,0
2025-03-20,Medan,20,1,17803.0,24.0,4.6,229.0,3,3,0
2025-03-20,Medan,22,1,42223.0,23.4,4.7,238.0,3,3,0
2025-03-20,Semarang,13,1,11770.0,6.0,4.5,206.0,3,3,0
2025-03-20,Semarang,18,1,84853.0,36.5,4.3,96.0,3,3,1
2025-03-20,Surabaya,5,1,70243.0,54.4,4.4,237.0,3,3,0
2025-03-20,Surabaya,6,2,46316.5,30.6,4.75,156.5,3,3,1
2025-03-20,Surabaya,7,1,78599.0,55.8,4.1,197.0,3,3,1
2025-03-20,Surabaya,8,1,78968.0,48.1,4.6,188.0,3,3,1
2025-03-20,Surabaya,19,1,26067.0,21.3,4.5,159.0,3,3,1
2025-03-21,Bandung,9,1,53351.0,29.8,4.6,210.0,4,3,1
2025-03-21,Jakarta,4,1,43528.0,35.0,4.1,689.0,4,3,0
2025-03-21,Jakarta,6,1,20495.0,32.0,4.2,606.0,4,3,1
2025-03-21,Jakarta,7,2,51049.5,37.2,4.65,613.0,4,3,1
2025-03-21,Jakarta,9,1,82002.0,60.9,4.4,643.0,4,3,1
2025-03-21,Jakarta,11,2,45916.5,37.05,4.5,694.5,4,3,0
2025-03-21,Jakarta,13,1,12371.0,8.3,5.0,670.0,4,3,0
2025-03-21,Jakarta,15,2,63319.5,38.55,4.65,705.5,4,3,0
2025-03-21,Jakarta,19,1,73248.0,60.7,3.9,635.0,4,3,1
2025-03-21,Jakarta,20,2,20370.0,19.7,4.5,678.0,4,3,0
2025-03-21,Jakarta,21,1,83570.0,43.7,4.4,717.0,4,3,0
2025-03-21,Medan,9,1,25251.0,25.6,5.0,144.0,4,3,1
2025-03-21,Medan,11,1,57790.0,38.0,4.8,233.0,4,3,0
2025-03-21,Medan,14,1,10000.0,5.0,4.3,214.0,4,3,0
2025-03-21,Medan,18,1,42551.0,25.9,4.9,130.0,4,3,1
2025-03-21,Semarang,8,1,35977.0,31.4,4.7,78.0,4,3,1
2025-03-21,Semarang,9,1,20798.0,23.8,4.9,85.0,4,3,1
2025-03-21,Semarang,13,1,45824.0,17.4,4.8,153.0,4,3,0
2025-03-21,Surabaya,18,2,53092.5,57.8,4.55,201.0,4,3,1
2025-03-21,Surabaya,19,1,52716.0,37.9,4.3,207.0,4,3,1
2025-03-21,Surabaya,23,2,28830.5,18.55,4.65,242.0,4,3,0
2025-03-22,Bandung,6,1,29759.0,52.0,4.6,234.0,5,3,1
2025-03-22,Bandung,15,2,84355.0,39.0,4.55,293.0,5,3,0
2025-03-22,Bandung,17,2,50138.5,38.85,4.5,252.0,5,3,1
2025-03-22,Jakarta,7,1,29249.0,16.6,5.0,623.0,5,3,1
2025-03-22,Jakarta,8,2,45759.5,40.0,4.25,617.5,5,3,1
2025-03-22,Jakarta,9,1,58112.0,34.7,4.2,604.0,5,3,1
2025-03-22,Jakarta,15,2,78153.5,47.2,4.6,695.5,5,3,0
2025-03-22,Jakarta,19,1,50784.0,46.2,4.4,628.0,5,3,1
2025-03-22,Jakarta,21,2,52559.5,38.800000000000004,4.449999999999999,700.0,5,3,0
2025-03-22,Jakarta,22,1,71910.0,36.3,5.0,727.0,5,3,0
2025-03-22,Semarang,16,2,67399.5,46.099999999999994,4.7,86.0,5,3,1
2025-03-22,Semarang,17,1,22742.0,33.5,4.6,111.0,5,3,1
2025-03-22,Semarang,21,1,42765.0,27.8,4.6,174.0,5,3,0
2025-03-22,Surabaya,14,1,43401.0,27.8,4.3,237.0,5,3,0
2025-03-22,Surabaya,17,1,51893.0,11.8,4.7,203.0,5,3,1
2025-03-22,Surabaya,19,1,57707.0,34.1,4.3,181.0,5,3,1
2025-03-23,Bandung,16,1,61264.0,56.4,4.8,226.0,6,3,1
2025-03-23,Bandung,17,2,39421.0,32.0,4.55,250.5,6,3,1
2025-03-23,Bandung,19,1,31473.0,31.2,4.7,243.0,6,3,1
2025-03-23,Bandung,22,1,35908.0,25.6,4.3,297.0,6,3,0
2025-03-23,Jakarta,4,1,70667.0,35.4,4.4,675.0,6,3,0
2025-03-23,Jakarta,5,1,42822.0,33.8,4.9,690.0,6,3,0
2025-03-23,Jakarta,6,1,52158.0,22.5,4.3,603.0,6,3,1
2025-03-23,Jakarta,7,1,10000.0,6.0,4.9,606.0,6,3,1
2025-03-23,Jakarta,12,1,18979.0,28.4,4.9,689.0,6,3,0
2025-03-23,Jakarta,17,1,39366.0,46.8,3.5,601.0,6,3,1
2025-03-23,Jakarta,18,2,33413.0,36.55,4.550000000000001,629.0,6,3,1
2025-03-23,Jakarta,19,1,25584.0,27.7,4.6,637.0,6,3,1
2025-03-23,Jakarta,20,1,51402.0,37.9,4.5,724.0,6,3,0
2025-03-23,Jakarta,22,1,52125.0,36.2,4.9,678.0,6,3,0
2025-03-23,Medan,7,1,19956.0,17.3,3.9,143.0,6,3,1
2025-03-23,Medan,8,1,45145.0,46.9,4.0,163.0,6,3,1
2025-03-23,Medan,9,1,30967.0,23.7,4.7,117.0,6,3,1
2025-03-23,Medan,11,1,61355.0,39.8,4.1,198.0,6,3,0
2025-03-23,Medan,13,1,58490.0,26.3,4.6,217.0,6,3,0
2025-03-23,Medan,17,1,52789.0,33.1,4.6,143.0,6,3,1
2025-03-23,Medan,18,1,20184.0,40.6,4.5,145.0,6,3,1
2025-03-23,Medan,19,1,26789.0,34.4,5.0,167.0,6,3,1
2025-03-23,Semarang,0,1,95226.0,44.0,4.7,202.0,6,3,0
2025-03-23,Semarang,9,1,37833.0,27.4,5.0,113.0,6,3,1
2025-03-23,Semarang,11,2,51510.0,23.5,4.8,177.5,6,3,0
2025-03-23,Semarang,13,1,15633.0,5.0,4.4,157.0,6,3,0
2025-03-23,Semarang,15,1,33928.0,21.8,4.8,177.0,6,3,0
2025-03-23,Surabaya,8,2,62709.0,50.0,4.65,193.5,6,3,1
2025-03-23,Surabaya,10,1,54150.0,44.7,4.6,283.0,6,3,0
2025-03-23,Surabaya,17,1,40543.0,37.4,4.6,195.0,6,3,1
2025-03-24,Bandung,6,1,41685.0,40.5,4.5,249.0,0,3,1
2025-03-24,Bandung,7,1,35031.0,17.1,5.0,250.0,0,3,1
2025-03-24,Bandung,17,1,76436.0,65.3,4.3,223.0,0,3,1
2025-03-24,Bandung,18,1,50891.0,46.2,4.2,269.0,0,3,1
2025-03-24,Jakarta,3,1,27261.0,24.6,4.9,680.0,0,3,0
2025-03-24,Jakarta,10,1,60447.0,51.8,4.3,711.0,0,3,0
2025-03-24,Jakarta,16,1,66397.0,56.1,4.4,605.0,0,3,1
2025-03-24,Jakarta,18,1,74910.0,66.6,4.1,637.0,0,3,1
2025-03-24,Jakarta,20,1,56462.0,36.5,4.9,717.0,0,3,0
2025-03-24,Medan,12,1,55307.0,45.2,4.3,205.0,0,3,0
2025-03-24,Medan,18,1,37030.0,41.6,4.1,133.0,0,3,1
2025-03-24,Semarang,9,1,38479.0,22.4,4.6,116.0,0,3,1
2025-03-24,Semarang,11,1,42014.0,13.5,4.7,202.0,0,3,0
2025-03-24,Surabaya,13,2,38348.5,40.3,4.75,259.5,0,3,0
2025-03-24,Surabaya,14,2,39525.5,17.7,4.65,252.5,0,3,0
2025-03-24,Surabaya,17,1,43084.0,43.1,4.2,183.0,0,3,1
2025-03-24,Surabaya,20,1,29350.0,25.0,5.0,240.0,0,3,0
2025-03-25,Bandung,7,1,54660.0,40.7,4.6,257.0,1,3,1
2025-03-25,Bandung,10,1,27388.0,8.5,4.4,299.0,1,3,0
2025-03-25,Bandung,16,1,56315.0,33.4,4.7,250.0,1,3,1
2025-03-25,Bandung,21,1,14462.0,24.5,4.6,326.0,1,3,0
2025-03-25,Jakarta,5,1,32127.0,7.9,4.9,706.0,1,3,0
2025-03-25,Jakarta,7,1,21151.0,28.6,4.4,614.0,1,3,1
2025-03-25,Jakarta,8,1,91842.0,41.5,4.2,638.0,1,3,1
2025-03-25,Jakarta,9,2,35361.0,35.25,4.550000000000001,625.0,1,3,1
2025-03-25,Jakarta,10,1,42678.0,14.5,5.0,682.0,1,3,0
2025-03-25,Jakarta,12,2,60113.5,46.15,4.550000000000001,707.5,1,3,0
2025-03-25,Jakarta,13,1,71208.0,64.2,4.4,726.0,1,3,0
2025-03-25,Jakarta,17,1,17817.0,12.0,4.7,605.0,1,3,1
2025-03-25,Jakarta,18,1,69589.0,49.2,4.3,607.0,1,3,1
2025-03-25,Jakarta,19,1,46927.0,55.0,4.3,642.0,1,3,1
2025-03-25,Jakarta,20,1,50687.0,29.9,4.6,678.0,1,3,0
2025-03-25,Jakarta,22,2,71429.5,42.4,4.6,675.0,1,3,0
2025-03-25,Medan,9,1,30568.0,36.6,4.5,154.0,1,3,1
2025-03-25,Medan,15,1,21800.0,9.8,4.9,237.0,1,3,0
2025-03-25,Medan,16,1,67861.0,54.2,4.3,142.0,1,3,1
2025-03-25,Medan,21,1,42732.0,34.4,4.6,212.0,1,3,0
2025-03-25,Semarang,14,1,41097.0,27.6,4.6,203.0,1,3,0
2025-03-25,Semarang,15,2,63963.0,39.65,4.2,191.0,1,3,0
2025-03-25,Surabaya,16,1,42058.0,45.6,4.5,190.0,1,3,1
2025-03-25,Surabaya,21,1,36168.0,5.0,5.0,289.0,1,3,0
2025-03-25,Surabaya,23,1,78591.0,42.2,4.6,248.0,1,3,0
2025-03-26,Bandung,6,1,90262.0,50.2,4.2,242.0,2,3,1
2025-03-26,Bandung,10,1,46078.0,30.5,4.5,345.0,2,3,0
2025-03-26,Bandung,17,2,45917.0,31.8,4.7,241.5,2,3,1
2025-03-26,Bandung,21,1,73831.0,40.7,4.7,300.0,2,3,0
2025-03-26,Bandung,23,1,56890.0,32.0,4.6,299.0,2,3,0
2025-03-26,Jakarta,0,2,66230.0,41.2,4.35,699.0,2,3,0
2025-03-26,Jakarta,7,2,57607.0,46.8,4.55,609.5,2,3,1
2025-03-26,Jakarta,8,2,60470.0,56.95,4.55,630.0,2,3,1
2025-03-26,Jakarta,9,1,63789.0,61.3,3.9,645.0,2,3,1
2025-03-26,Jakarta,10,1,55209.0,37.5,4.7,723.0,2,3,0
2025-03-26,Jakarta,11,2,36903.5,16.7,4.9,705.0,2,3,0
2025-03-26,Jakarta,12,1,39871.0,13.0,4.7,681.0,2,3,0
2025-03-26,Jakarta,16,1,37407.0,52.0,4.6,631.0,2,3,1
2025-03-26,Jakarta,17,1,31336.0,60.2,4.4,600.0,2,3,1
2025-03-26,Jakarta,19,2,37149.0,40.95,4.65,624.0,2,3,1
2025-03-26,Jakarta,22,1,26053.0,17.4,4.7,727.0,2,3,0
2025-03-26,Jakarta,23,1,34325.0,40.7,4.3,679.0,2,3,0
2025-03-26,Medan,22,1,45695.0,43.5,4.7,218.0,2,3,0
2025-03-26,Semarang,8,1,26838.0,30.2,4.3,73.0,2,3,1
2025-03-26,Semarang,19,1,36836.0,36.9,4.3,120.0,2,3,1
2025-03-26,Surabaya,7,1,47808.0,20.7,4.4,201.0,2,3,1
2025-03-26,Surabaya,8,1,100812.0,53.5,4.1,160.0,2,3,1
2025-03-26,Surabaya,15,1,67581.0,50.3,4.2,259.0,2,3,0
2025-03-26,Surabaya,20,1,44049.0,36.5,4.6,288.0,2,3,0
2025-03-26,Surabaya,23,1,80132.0,41.7,4.3,290.0,2,3,0
2025-03-27,Bandung,2,1,58822.0,47.7,4.3,310.0,3,3,0
2025-03-27,Bandung,16,2,32935.0,32.75,4.800000000000001,246.5,3,3,1
2025-03-27,Bandung,17,1,59605.0,55.4,4.3,224.0,3,3,1
2025-03-27,Bandung,18,1,30810.0,24.2,4.9,242.0,3,3,1
2025-03-27,Bandung,19,2,40006.0,43.3,4.5,223.0,3,3,1
2025-03-27,Bandung,20,1,10000.0,5.0,4.6,337.0,3,3,0
2025-03-27,Jakarta,1,1,50435.0,32.5,4.4,684.0,3,3,0
2025-03-27,Jakarta,8,1,51569.0,47.4,4.6,615.0,3,3,1
2025-03-27,Jakarta,9,2,35217.0,41.7,4.6,639.0,3,3,1
2025-03-27,Jakarta,10,1,56970.0,35.1,4.6,681.0,3,3,0
2025-03-27,Jakarta,12,1,72366.0,40.9,4.6,689.0,3,3,0
2025-03-27,Jakarta,13,1,79195.0,46.2,4.8,715.0,3,3,0
2025-03-27,Jakarta,15,3,69690.33333333333,48.03333333333333,4.3,709.0,3,3,0
2025-03-27,Jakarta,16,2,44453.0,48.15,4.55,622.5,3,3,1
2025-03-27,Jakarta,17,1,64306.0,53.3,4.6,628.0,3,3,1
2025-03-27,Jakarta,18,3,40251.0,35.9,4.666666666666667,605.3333333333334,3,3,1
2025-03-27,Jakarta,19,2,44413.0,41.75,4.55,601.5,3,3,1
2025-03-27,Medan,1,1,49771.0,36.3,4.5,194.0,3,3,0
2025-03-27,Medan,8,3,39642.666666666664,25.333333333333332,4.866666666666666,151.33333333333334,3,3,1
2025-03-27,Medan,14,1,83806.0,55.5,3.7,246.0,3,3,0
2025-03-27,Medan,18,1,68822.0,44.3,4.6,134.0,3,3,1
2025-03-27,Medan,20,1,45303.0,25.7,4.8,196.0,3,3,0
2025-03-27,Semarang,21,1,78485.0,25.2,4.3,191.0,3,3,0
2025-03-27,Semarang,22,1,51345.0,31.0,4.4,166.0,3,3,0
2025-03-27,Surabaya,3,1,60279.0,52.6,3.9,288.0,3,3,0
2025-03-27,Surabaya,5,1,45176.0,21.9,4.7,282.0,3,3,0
2025-03-27,Surabaya,15,1,30599.0,16.7,4.6,268.0,3,3,0
2025-03-27,Surabaya,19,1,71441.0,43.4,4.6,167.0,3,3,1
2025-03-27,Surabaya,20,1,32579.0,32.4,4.8,239.0,3,3,0
2025-03-28,Bandung,6,1,43615.0,33.0,4.6,219.0,4,3,1
2025-03-28,Bandung,8,3,48520.666666666664,38.13333333333333,4.3999999999999995,242.66666666666666,4,3,1
2025-03-28,Bandung,10,1,33911.0,41.2,4.2,329.0,4,3,0
2025-03-28,Bandung,21,1,49040.0,31.2,4.6,332.0,4,3,0
2025-03-28,Jakarta,8,1,63063.0,46.8,4.4,598.0,4,3,1
2025-03-28,Jakarta,10,1,50330.0,38.7,4.6,713.0,4,3,0
2025-03-28,Jakarta,12,1,39258.0,45.1,4.4,704.0,4,3,0
2025-03-28,Jakarta,13,1,62889.0,45.6,4.7,704.0,4,3,0
2025-03-28,Jakarta,14,1,62679.0,29.3,4.1,692.0,4,3,0
2025-03-28,Jakarta,17,2,87129.0,55.550000000000004,4.15,629.5,4,3,1
2025-03-28,Jakarta,18,1,75404.0,57.4,4.0,636.0,4,3,1
2025-03-28,Jakarta,19,2,58772.5,33.1,4.6,599.5,4,3,1
2025-03-28,Jakarta,20,2,45902.5,37.5,4.6,717.5,4,3,0
2025-03-28,Jakarta,21,2,45134.0,42.3,4.300000000000001,728.0,4,3,0
2025-03-28,Jakarta,23,1,22953.0,19.3,4.5,717.0,4,3,0
2025-03-28,Medan,18,1,87472.0,68.0,4.1,151.0,4,3,1
2025-03-28,Medan,20,1,57776.0,18.4,5.0,209.0,4,3,0
2025-03-28,Semarang,19,1,75685.0,45.4,4.7,76.0,4,3,1
2025-03-28,Surabaya,7,1,53785.0,47.2,4.6,197.0,4,3,1
2025-03-28,Surabaya,9,1,38325.0,45.1,4.6,168.0,4,3,1
2025-03-28,Surabaya,12,1,90590.0,52.5,4.4,268.0,4,3,0
2025-03-28,Surabaya,14,1,92549.0,58.1,4.0,253.0,4,3,0
2025-03-28,Surabaya,15,3,50413.333333333336,33.4,4.8,275.0,4,3,0
2025-03-28,Surabaya,16,1,82997.0,54.9,4.4,173.0,4,3,1
2025-03-28,Surabaya,17,1,51030.0,25.8,4.7,158.0,4,3,1
2025-03-29,Bandung,9,2,53731.5,45.3,4.6,227.5,5,3,1
2025-03-29,Bandung,12,1,21837.0,14.6,4.9,315.0,5,3,0
2025-03-29,Bandung,16,1,67905.0,49.7,4.5,220.0,5,3,1
2025-03-29,Bandung,17,2,93819.5,57.849999999999994,4.05,252.5,5,3,1
2025-03-29,Jakarta,6,1,37152.0,42.1,4.3,625.0,5,3,1
2025-03-29,Jakarta,8,1,90419.0,56.2,4.8,625.0,5,3,1
2025-03-29,Jakarta,9,3,58780.666666666664,45.6,4.333333333333333,615.3333333333334,5,3,1
2025-03-29,Jakarta,11,1,42831.0,19.0,4.9,673.0,5,3,0
2025-03-29,Jakarta,12,1,51697.0,35.0,4.7,722.0,5,3,0
2025-03-29,Jakarta,13,1,47771.0,21.1,4.4,730.0,5,3,0
2025-03-29,Jakarta,18,2,52344.0,40.400000000000006,4.6,627.5,5,3,1
2025-03-29,Jakarta,19,2,59746.0,43.75,4.199999999999999,630.0,5,3,1
2025-03-29,Jakarta,20,1,20539.0,21.5,4.4,704.0,5,3,0
2025-03-29,Jakarta,22,1,105870.0,61.3,4.2,718.0,5,3,0
2025-03-29,Medan,6,1,43690.0,49.8,4.3,116.0,5,3,1
2025-03-29,Medan,8,2,54146.0,38.3,4.25,135.5,5,3,1
2025-03-29,Medan,9,1,27761.0,27.2,4.5,141.0,5,3,1
2025-03-29,Medan,11,1,25386.0,28.2,4.7,194.0,5,3,0
2025-03-29,Semarang,12,1,40962.0,57.3,3.9,194.0,5,3,0
2025-03-29,Semarang,19,1,22077.0,18.3,4.4,77.0,5,3,1
2025-03-29,Surabaya,7,1,39512.0,41.1,4.1,204.0,5,3,1
2025-03-29,Surabaya,11,1,31023.0,30.1,4.6,239.0,5,3,0
2025-03-29,Surabaya,15,1,53770.0,36.6,4.5,281.0,5,3,0
2025-03-29,Surabaya,18,1,64832.0,40.3,4.4,206.0,5,3,1
2025-03-30,Bandung,13,1,51293.0,47.0,4.5,343.0,6,3,0
2025-03-30,Bandung,15,1,26204.0,38.6,4.4,349.0,6,3,0
2025-03-30,Bandung,16,1,39365.0,38.7,4.7,238.0,6,3,1
2025-03-30,Bandung,17,2,73863.5,51.900000000000006,4.5,245.5,6,3,1
2025-03-30,Bandung,20,1,58977.0,28.5,4.7,335.0,6,3,0
2025-03-30,Bandung,23,1,52133.0,24.0,4.4,311.0,6,3,0
2025-03-30,Jakarta,6,1,49443.0,40.5,4.6,595.0,6,3,1
2025-03-30,Jakarta,7,1,91638.0,33.9,5.0,626.0,6,3,1
2025-03-30,Jakarta,9,3,80140.66666666667,43.300000000000004,4.666666666666667,614.6666666666666,6,3,1
2025-03-30,Jakarta,11,1,64371.0,29.5,4.7,687.0,6,3,0
2025-03-30,Jakarta,13,1,42778.0,40.2,4.4,699.0,6,3,0
2025-03-30,Jakarta,15,1,11331.0,6.4,4.8,682.0,6,3,0
2025-03-30,Jakarta,16,2,51307.0,50.400000000000006,4.3,614.0,6,3,1
2025-03-30,Jakarta,17,3,35147.0,36.0,4.6000000000000005,628.6666666666666,6,3,1
2025-03-30,Jakarta,18,2,74931.0,45.75,4.25,618.0,6,3,1
2025-03-30,Jakarta,20,3,35506.666666666664,31.633333333333336,4.366666666666666,701.6666666666666,6,3,0
2025-03-30,Medan,14,1,29006.0,22.8,4.9,228.0,6,3,0
2025-03-30,Medan,17,1,50817.0,35.0,4.2,122.0,6,3,1
2025-03-30,Medan,21,1,54046.0,26.7,4.9,241.0,6,3,0
2025-03-30,Medan,23,1,49335.0,10.2,4.7,210.0,6,3,0
2025-03-30,Semarang,7,1,14606.0,30.1,4.3,122.0,6,3,1
2025-03-30,Semarang,9,1,38652.0,38.9,4.7,89.0,6,3,1
2025-03-30,Semarang,12,1,18636.0,8.8,4.6,168.0,6,3,0
2025-03-30,Semarang,14,1,56071.0,39.6,4.5,178.0,6,3,0
2025-03-30,Surabaya,6,1,37405.0,33.1,4.7,181.0,6,3,1
2025-03-30,Surabaya,12,1,16836.0,15.8,3.9,266.0,6,3,0
2025-03-30,Surabaya,15,1,10995.0,17.8,5.0,284.0,6,3,0
2025-03-30,Surabaya,17,1,26319.0,25.7,4.6,154.0,6,3,1
2025-03-30,Surabaya,18,1,41328.0,36.7,4.8,161.0,6,3,1
2025-03-30,Surabaya,19,1,45560.0,51.8,4.3,209.0,6,3,1
2025-03-30,Surabaya,20,1,58065.0,29.3,4.4,242.0,6,3,0
2025-03-31,Bandung,6,1,44330.0,22.1,5.0,219.0,0,3,1
2025-03-31,Bandung,14,1,19964.0,5.0,4.4,342.0,0,3,0
2025-03-31,Bandung,15,1,48153.0,33.7,4.4,295.0,0,3,0
2025-03-31,Bandung,19,2,34781.0,30.5,4.65,238.5,0,3,1
2025-03-31,Bandung,20,1,27979.0,10.3,4.8,316.0,0,3,0
2025-03-31,Jakarta,6,2,66831.5,57.45,4.6,597.5,0,3,1
2025-03-31,Jakarta,7,1,76927.0,53.1,4.9,591.0,0,3,1
2025-03-31,Jakarta,8,1,27596.0,34.2,4.6,607.0,0,3,1
2025-03-31,Jakarta,12,1,30853.0,9.6,4.3,690.0,0,3,0
2025-03-31,Jakarta,13,1,48017.0,46.6,4.1,675.0,0,3,0
2025-03-31,Jakarta,16,1,30601.0,15.0,4.8,604.0,0,3,1
2025-03-31,Jakarta,17,1,69807.0,34.1,4.9,611.0,0,3,1
2025-03-31,Jakarta,18,2,53802.0,25.95,4.4,634.5,0,3,1
2025-03-31,Jakarta,20,2,37495.5,24.35,4.8,685.0,0,3,0
2025-03-31,Jakarta,22,1,65529.0,49.4,4.2,679.0,0,3,0
2025-03-31,Medan,6,1,35740.0,29.9,4.9,111.0,0,3,1
2025-03-31,Medan,8,1,35848.0,37.6,4.4,111.0,0,3,1
2025-03-31,Medan,10,1,43785.0,50.6,4.4,210.0,0,3,0
2025-03-31,Medan,12,2,43402.5,35.95,4.6,199.0,0,3,0
2025-03-31,Medan,14,1,43083.0,19.6,4.5,190.0,0,3,0
2025-03-31,Medan,19,1,38444.0,27.7,5.0,129.0,0,3,1
2025-03-31,Semarang,4,1,32868.0,6.7,4.6,160.0,0,3,0
2025-03-31,Semarang,6,1,54351.0,36.2,4.7,70.0,0,3,1
2025-03-31,Semarang,19,1,32762.0,28.3,4.5,118.0,0,3,1
2025-03-31,Semarang,22,1,27024.0,28.5,4.3,198.0,0,3,0
2025-03-31,Surabaya,10,2,38879.0,19.6,4.9,277.0,0,3,0
2025-03-31,Surabaya,14,1,30202.0,23.3,4.7,259.0,0,3,0
2025-03-31,Surabaya,15,1,43341.0,34.9,4.3,273.0,0,3,0
2025-03-31,Surabaya,16,1,25285.0,34.2,4.8,173.0,0,3,1
2025-03-31,Surabaya,18,1,36690.0,28.2,4.6,206.0,0,3,1
2025-03-31,Surabaya,22,1,44678.0,22.8,4.7,251.0,0,3,0
