trip_id,date,hour,city,service,payment_method,fare,distance_km,duration_minute,rating,available_fleet,demand_city_hour,status,customer_id,driver_id,vehicle_id
TRIP00001,2025-02-21,18,Bandung,Bluebird,Cash,16025.0,1.17,13.5,4.9,252,1,Completed,CUST0055,DRV0839,VH0011
TRIP00002,2025-01-15,10,Surabaya,Bluebird,Debit/Credit,65388.0,15.08,71.8,4.2,239,1,Completed,CUST0448,DRV0393,VH1044
TRIP00003,2025-03-13,15,Jakarta,Bluebird Van,Cash,88084.0,15.31,53.9,4.3,679,1,Completed,CUST0297,DRV0109,VH0279
TRIP00004,2025-03-02,19,Medan,Bluebird,Debit/Credit,41870.0,8.07,41.7,4.3,165,2,Completed,CUST0622,DRV0359,VH0895
TRIP00005,2025-01-21,14,Surabaya,Bluebird,QRIS,16716.0,4.19,19.8,4.7,235,1,Completed,CUST0373,DRV0956,VH0333
TRIP00006,2025-03-24,12,Medan,Bluebird Van,QRIS,55307.0,10.39,45.2,4.3,205,1,Completed,CUST0735,DRV0935,VH1425
TRIP00007,2025-03-28,15,Surabaya,Bluebird,E-Wallet,62995.0,7.68,27.6,4.7,289,3,Completed,CUST0469,DRV0318,VH0778
TRIP00008,2025-03-16,19,Jakarta,Bluebird,E-Wallet,47114.0,8.16,55.2,4.4,615,2,Completed,CUST0760,DRV0341,VH0744
TRIP00009,2025-03-16,11,Jakarta,Bluebird,Cash,48743.0,11.18,35.7,4.6,690,1,Completed,CUST0136,DRV0349,VH0038
TRIP00010,2025-03-29,8,Jakarta,Golden Bird,Debit/Credit,90419.0,9.5,56.2,4.8,625,1,Completed,CUST0246,DRV0027,VH0974
TRIP00011,2025-01-24,18,Semarang,Bluebird,QRIS,11149.0,3.24,29.5,4.6,127,2,Completed,CUST0070,DRV0638,VH1107
TRIP00012,2025-01-03,19,Surabaya,Bluebird Van,QRIS,38076.0,7.03,49.4,4.7,190,1,Completed,CUST0481,DRV0401,VH0032
TRIP00013,2025-01-22,7,Surabaya,Silver Bird,E-Wallet,67245.0,9.98,36.8,4.6,191,1,Completed,CUST0530,DRV0316,VH1078
TRIP00014,2025-02-22,9,Jakarta,Bluebird,QRIS,68674.0,10.03,42.0,4.4,619,1,Completed,CUST0490,DRV0368,VH0737
TRIP00015,2025-01-02,7,Jakarta,Bluebird,E-Wallet,46418.0,9.29,55.6,4.3,594,2,Completed,CUST0503,DRV0343,VH0619
TRIP00016,2025-03-29,11,Surabaya,Bluebird,Cash,31023.0,10.8,30.1,4.6,239,1,Completed,CUST0698,DRV0693,VH0985
TRIP00017,2025-01-30,14,Bandung,Bluebird,Debit/Credit,46514.0,5.91,12.4,4.8,337,1,Completed,CUST0117,DRV0904,VH0910
TRIP00018,2025-02-07,18,Jakarta,Silver Bird,Debit/Credit,66351.0,9.04,40.7,4.3,620,1,Completed,CUST0257,DRV1097,VH0045
TRIP00019,2025-01-02,17,Bandung,Bluebird Van,Cash,10000.0,1.0,13.3,4.3,220,2,Completed,CUST0790,DRV1146,VH0630
TRIP00020,2025-03-05,17,Jakarta,Bluebird,QRIS,36578.0,7.15,47.7,4.6,627,3,Completed,CUST0607,DRV0186,VH0294
TRIP00021,2025-03-01,11,Jakarta,Bluebird,E-Wallet,60607.0,10.79,41.9,4.7,676,2,Completed,CUST0428,DRV0836,VH1149
TRIP00022,2025-01-21,19,Bandung,Bluebird,Debit/Credit,38109.0,5.83,27.1,4.9,268,1,Completed,CUST0115,DRV0319,VH0344
TRIP00023,2025-02-02,15,Jakarta,Bluebird,QRIS,57514.0,7.1,30.6,4.7,681,2,Completed,CUST0494,DRV0955,VH1001
TRIP00024,2025-03-17,23,Semarang,Bluebird,QRIS,16296.0,3.68,18.0,4.9,208,1,Completed,CUST0062,DRV0594,VH0892
TRIP00025,2025-02-27,17,Jakarta,Bluebird,Cash,58960.0,11.51,57.1,4.5,634,3,Completed,CUST0787,DRV0992,VH0423
TRIP00026,2025-01-22,7,Jakarta,Bluebird,Cash,45649.0,10.15,47.4,4.6,638,3,Completed,CUST0497,DRV0793,VH0167
TRIP00027,2025-03-30,17,Jakarta,Bluebird,QRIS,40792.0,10.98,38.2,4.3,630,3,Completed,CUST0636,DRV0353,VH0269
TRIP00028,2025-02-18,11,Surabaya,Bluebird,Cash,29981.0,2.82,5.0,4.4,289,1,Completed,CUST0080,DRV0355,VH1218
TRIP00029,2025-02-28,18,Bandung,Silver Bird,E-Wallet,58335.0,6.52,44.0,4.4,217,2,Completed,CUST0659,DRV0106,VH0930
TRIP00030,2025-02-11,6,Bandung,Silver Bird,Debit/Credit,54294.0,6.16,33.9,4.6,237,1,Completed,CUST0485,DRV0418,VH1148
TRIP00031,2025-03-01,8,Jakarta,Bluebird,E-Wallet,46206.0,7.66,36.4,4.5,648,1,Completed,CUST0022,DRV0642,VH1295
TRIP00032,2025-03-21,20,Jakarta,Bluebird,Debit/Credit,30740.0,6.65,34.4,4.1,685,2,Completed,CUST0595,DRV0205,VH1082
TRIP00033,2025-01-15,9,Bandung,Bluebird,E-Wallet,24571.0,5.96,23.9,5.0,262,1,Completed,CUST0324,DRV0565,VH0880
TRIP00034,2025-03-03,19,Medan,Bluebird,Debit/Credit,52591.0,10.05,46.6,4.4,112,1,Completed,CUST0517,DRV0189,VH0059
TRIP00035,2025-03-03,10,Medan,Bluebird,Debit/Credit,28180.0,1.76,8.0,4.7,226,2,Completed,CUST0261,DRV0543,VH0450
TRIP00036,2025-02-16,17,Jakarta,Silver Bird,E-Wallet,115361.0,13.83,60.2,4.6,621,1,Completed,CUST0792,DRV0258,VH0217
TRIP00037,2025-03-03,18,Bandung,Bluebird,Debit/Credit,53289.0,8.45,42.5,3.9,230,2,Completed,CUST0129,DRV0453,VH0244
TRIP00038,2025-02-20,15,Semarang,Bluebird,Cash,37973.0,6.67,25.4,4.6,206,1,Completed,CUST0626,DRV0078,VH0103
TRIP00039,2025-02-24,10,Jakarta,Bluebird,Debit/Credit,59944.0,11.22,35.1,4.5,724,2,Completed,CUST0284,DRV1047,VH0517
TRIP00040,2025-03-05,8,Medan,Bluebird,E-Wallet,22618.0,3.14,21.8,4.6,154,2,Completed,CUST0047,DRV0503,VH0264
TRIP00041,2025-01-03,5,Jakarta,Bluebird,E-Wallet,26734.0,6.51,16.7,4.7,687,1,Completed,CUST0188,DRV0185,VH0241
TRIP00042,2025-02-20,10,Semarang,Bluebird Van,Debit/Credit,46111.0,6.44,26.9,5.0,202,1,Completed,CUST0019,DRV0547,VH0861
TRIP00043,2025-01-07,17,Surabaya,Bluebird,Debit/Credit,47682.0,12.1,66.0,4.4,197,1,Completed,CUST0599,DRV0049,VH0734
TRIP00044,2025-01-21,21,Semarang,Bluebird,E-Wallet,36397.0,6.66,24.7,4.9,206,1,Completed,CUST0654,DRV0168,VH1253
TRIP00045,2025-03-14,20,Surabaya,Bluebird,Cash,65566.0,9.35,29.2,4.7,275,1,Completed,CUST0763,DRV0021,VH1476
TRIP00046,2025-02-08,18,Jakarta,Bluebird Van,Debit/Credit,55652.0,6.73,34.0,4.2,600,2,Completed,CUST0008,DRV0392,VH0931
TRIP00047,2025-01-18,19,Semarang,Bluebird,QRIS,35287.0,8.26,35.2,4.1,130,1,Completed,CUST0037,DRV0903,VH0455
TRIP00048,2025-01-04,17,Jakarta,Bluebird,Debit/Credit,,,,,639,4,Cancelled,CUST0598,DRV1129,VH0986
TRIP00049,2025-03-30,9,Jakarta,Golden Bird,Debit/Credit,88028.0,11.49,52.9,4.5,597,3,Completed,CUST0072,DRV0229,VH0544
TRIP00050,2025-03-01,21,Surabaya,Bluebird,Cash,41743.0,7.76,43.0,4.5,241,1,Completed,CUST0381,DRV0352,VH0865
TRIP00051,2025-01-14,17,Surabaya,Bluebird,Cash,62540.0,10.03,56.3,4.3,200,1,Completed,CUST0266,DRV0225,VH0374
TRIP00052,2025-01-09,16,Semarang,Bluebird,Debit/Credit,52209.0,8.53,41.0,4.4,121,1,Completed,CUST0067,DRV0234,VH1048
TRIP00053,2025-03-31,7,Jakarta,Bluebird,Cash,76927.0,10.02,53.1,4.9,591,1,Completed,CUST0653,DRV0266,VH1330
TRIP00054,2025-02-22,14,Medan,Bluebird,Cash,67537.0,10.84,40.6,4.3,230,1,Completed,CUST0064,DRV0858,VH0374
TRIP00055,2025-01-02,14,Surabaya,Bluebird,E-Wallet,59673.0,11.31,45.5,4.7,251,1,Completed,CUST0030,DRV0314,VH1211
TRIP00056,2025-03-25,20,Jakarta,Bluebird,QRIS,50687.0,8.12,29.9,4.6,678,1,Completed,CUST0557,DRV0499,VH0961
TRIP00057,2025-03-01,16,Jakarta,Bluebird,QRIS,51825.0,10.43,55.1,4.3,603,1,Completed,CUST0646,DRV0877,VH0640
TRIP00058,2025-03-12,12,Jakarta,Bluebird,E-Wallet,,,,,684,1,Cancelled,CUST0016,DRV0211,VH0112
TRIP00059,2025-02-13,22,Jakarta,Bluebird,Cash,46697.0,5.73,28.5,5.0,680,1,Completed,CUST0278,DRV0099,VH0493
TRIP00060,2025-01-08,7,Semarang,Bluebird,QRIS,44847.0,5.99,38.4,4.5,130,1,Completed,CUST0731,DRV0345,VH0294
TRIP00061,2025-02-16,13,Surabaya,Bluebird Van,Debit/Credit,50603.0,7.77,37.5,4.7,242,1,Completed,CUST0277,DRV0904,VH0422
TRIP00062,2025-02-04,5,Surabaya,Bluebird,Debit/Credit,24725.0,3.02,15.9,4.8,285,1,Completed,CUST0221,DRV0524,VH0149
TRIP00063,2025-03-19,18,Semarang,Bluebird,E-Wallet,61743.0,9.38,37.5,4.6,97,1,Completed,CUST0193,DRV0118,VH0151
TRIP00064,2025-03-22,21,Jakarta,Bluebird,E-Wallet,21764.0,1.0,15.9,4.8,694,2,Completed,CUST0670,DRV0600,VH1198
TRIP00065,2025-02-05,10,Medan,Bluebird,Debit/Credit,61621.0,15.64,75.2,3.9,226,1,Completed,CUST0024,DRV0856,VH1221
TRIP00066,2025-02-19,20,Bandung,Bluebird,Cash,60929.0,11.51,44.4,4.4,295,1,Completed,CUST0141,DRV0209,VH1279
TRIP00067,2025-01-04,10,Medan,Bluebird,Cash,36220.0,6.72,24.3,4.6,244,1,Completed,CUST0734,DRV0481,VH1438
TRIP00068,2025-01-02,21,Jakarta,Bluebird,QRIS,56809.0,8.53,38.4,4.8,706,2,Completed,CUST0026,DRV0923,VH0168
TRIP00069,2025-01-06,18,Semarang,Bluebird,Cash,52463.0,7.71,42.7,4.5,102,1,Completed,CUST0098,DRV0329,VH1106
TRIP00070,2025-02-23,19,Jakarta,Silver Bird,Debit/Credit,68198.0,6.73,33.5,4.3,614,2,Completed,CUST0276,DRV0417,VH0070
TRIP00071,2025-01-04,2,Jakarta,Bluebird,Debit/Credit,36865.0,9.08,27.6,4.5,719,1,Completed,CUST0573,DRV1107,VH0426
TRIP00072,2025-02-23,22,Surabaya,Bluebird,Cash,33710.0,7.57,32.4,3.8,252,1,Completed,CUST0243,DRV0254,VH1426
TRIP00073,2025-03-04,18,Jakarta,Bluebird,E-Wallet,55487.0,8.22,44.7,4.3,649,3,Completed,CUST0433,DRV0945,VH0525
TRIP00074,2025-01-18,10,Bandung,Bluebird,Cash,35506.0,7.54,35.2,4.6,345,1,Completed,CUST0009,DRV0005,VH0212
TRIP00075,2025-03-31,19,Bandung,Bluebird,QRIS,10000.0,3.06,22.7,4.7,217,2,Completed,CUST0272,DRV0303,VH0102
TRIP00076,2025-02-13,10,Surabaya,Bluebird,Debit/Credit,49242.0,8.12,30.6,5.0,246,1,Completed,CUST0772,DRV0980,VH1362
TRIP00077,2025-02-03,20,Jakarta,Bluebird,QRIS,42185.0,8.99,42.9,4.6,700,1,Completed,CUST0032,DRV0607,VH0333
TRIP00078,2025-03-15,7,Jakarta,Silver Bird,QRIS,86377.0,8.89,44.0,4.6,615,1,Completed,CUST0605,DRV0964,VH0205
TRIP00079,2025-03-03,18,Jakarta,Golden Bird,Cash,73508.0,7.85,36.1,4.2,644,3,Completed,CUST0479,DRV0736,VH0229
TRIP00080,2025-01-14,16,Bandung,Bluebird,QRIS,55366.0,10.41,48.4,4.3,266,1,Completed,CUST0128,DRV0390,VH1213
TRIP00081,2025-02-17,7,Jakarta,Bluebird,Debit/Credit,37300.0,7.44,25.5,4.6,600,1,Completed,CUST0749,DRV0850,VH1123
TRIP00082,2025-01-15,9,Jakarta,Golden Bird,E-Wallet,95890.0,9.18,43.4,4.3,619,3,Completed,CUST0017,DRV0819,VH1435
TRIP00083,2025-03-13,1,Jakarta,Bluebird,QRIS,65863.0,12.39,54.4,4.1,680,2,Completed,CUST0553,DRV0012,VH0954
TRIP00084,2025-03-19,14,Jakarta,Bluebird,QRIS,40433.0,8.26,35.4,4.1,672,1,Completed,CUST0473,DRV0337,VH0460
TRIP00085,2025-03-28,10,Bandung,Bluebird,Debit/Credit,33911.0,7.64,41.2,4.2,329,1,Completed,CUST0301,DRV0607,VH1218
TRIP00086,2025-03-03,17,Medan,Bluebird,E-Wallet,39268.0,7.21,35.0,4.8,149,1,Completed,CUST0784,DRV0129,VH0555
TRIP00087,2025-02-09,10,Jakarta,Bluebird,Cash,51727.0,12.21,52.3,4.3,726,1,Completed,CUST0788,DRV0011,VH0890
TRIP00088,2025-03-26,10,Bandung,Bluebird,QRIS,46078.0,6.23,30.5,4.5,345,1,Completed,CUST0042,DRV0490,VH0636
TRIP00089,2025-03-21,18,Surabaya,Bluebird,E-Wallet,41872.0,11.85,71.8,4.1,202,2,Completed,CUST0778,DRV0272,VH1044
TRIP00090,2025-03-23,5,Jakarta,Bluebird,Debit/Credit,42822.0,8.19,33.8,4.9,690,1,Completed,CUST0052,DRV0881,VH0931
TRIP00091,2025-02-22,20,Surabaya,Silver Bird,Cash,52945.0,5.42,14.4,4.7,264,1,Completed,CUST0188,DRV1116,VH0311
TRIP00092,2025-01-24,20,Jakarta,Bluebird,Debit/Credit,57743.0,10.54,48.1,4.6,697,2,Completed,CUST0151,DRV0009,VH0842
TRIP00093,2025-01-26,17,Bandung,Bluebird,Cash,28014.0,6.09,45.4,4.2,231,3,Completed,CUST0244,DRV0887,VH0680
TRIP00094,2025-03-30,16,Jakarta,Bluebird,QRIS,60151.0,10.36,47.2,4.3,631,2,Completed,CUST0491,DRV1147,VH0996
TRIP00095,2025-03-01,20,Surabaya,Bluebird,QRIS,10000.0,1.0,9.9,4.8,280,1,Completed,CUST0127,DRV0776,VH0079
TRIP00096,2025-02-10,8,Surabaya,Silver Bird,E-Wallet,62831.0,8.02,48.7,4.9,195,2,Completed,CUST0717,DRV0281,VH1194
TRIP00097,2025-01-29,6,Jakarta,Bluebird,QRIS,46134.0,7.12,43.6,4.8,607,1,Completed,CUST0409,DRV0458,VH0246
TRIP00098,2025-01-15,9,Jakarta,Bluebird,Cash,36462.0,5.31,30.1,4.8,612,3,Completed,CUST0612,DRV0936,VH0783
TRIP00099,2025-02-14,19,Semarang,Bluebird,Cash,24352.0,5.14,23.7,4.7,95,1,Completed,CUST0344,DRV0451,VH0472
TRIP00100,2025-03-06,5,Bandung,Bluebird,E-Wallet,43679.0,5.28,20.6,5.0,324,1,Completed,CUST0591,DRV0791,VH1123
TRIP00101,2025-03-30,16,Bandung,Bluebird,Cash,39365.0,6.86,38.7,4.7,238,1,Completed,CUST0695,DRV0812,VH0322
TRIP00102,2025-03-12,23,Semarang,Bluebird,QRIS,28040.0,2.7,17.2,4.1,201,1,Completed,CUST0098,DRV0056,VH0141
TRIP00103,2025-01-09,20,Surabaya,Bluebird,Cash,62776.0,8.95,38.1,4.3,275,1,Completed,CUST0068,DRV0708,VH1133
TRIP00104,2025-03-29,16,Bandung,Bluebird,Debit/Credit,67905.0,11.1,49.7,4.5,220,1,Completed,CUST0028,DRV0379,VH0313
TRIP00105,2025-01-01,6,Medan,Bluebird,QRIS,56063.0,8.34,45.2,4.0,151,1,Completed,CUST0029,DRV1010,VH1145
TRIP00106,2025-01-08,19,Medan,Bluebird,QRIS,53626.0,9.93,53.7,4.1,165,1,Completed,CUST0634,DRV0023,VH0099
TRIP00107,2025-03-29,17,Bandung,Bluebird Van,QRIS,74444.0,10.28,51.8,4.2,255,2,Completed,CUST0212,DRV0772,VH0494
TRIP00108,2025-03-04,7,Bandung,Silver Bird,E-Wallet,81963.0,10.71,45.0,4.4,210,1,Completed,CUST0688,DRV0231,VH1168
TRIP00109,2025-01-11,7,Jakarta,Bluebird Van,Debit/Credit,,,,,605,1,Cancelled,CUST0617,DRV0210,VH0110
TRIP00110,2025-03-22,21,Semarang,Bluebird Van,Debit/Credit,42765.0,5.3,27.8,4.6,174,1,Completed,CUST0480,DRV1186,VH0484
TRIP00111,2025-01-08,17,Surabaya,Bluebird,E-Wallet,36676.0,5.84,21.7,4.9,187,1,Completed,CUST0072,DRV0866,VH0130
TRIP00112,2025-02-04,19,Jakarta,Bluebird,E-Wallet,61492.0,10.85,36.7,4.5,607,2,Completed,CUST0491,DRV1194,VH1424
TRIP00113,2025-02-04,20,Medan,Bluebird,QRIS,49086.0,9.62,49.0,4.3,205,1,Completed,CUST0110,DRV0899,VH0840
TRIP00114,2025-02-02,16,Bandung,Golden Bird,E-Wallet,73432.0,9.33,48.9,4.1,228,2,Completed,CUST0113,DRV0873,VH0506
TRIP00115,2025-01-05,15,Jakarta,Bluebird,Cash,76496.0,14.17,60.9,4.5,685,2,Completed,CUST0397,DRV0363,VH0769
TRIP00116,2025-02-10,14,Bandung,Bluebird Van,QRIS,35904.0,7.03,20.6,4.5,294,1,Completed,CUST0232,DRV0475,VH0210
TRIP00117,2025-01-28,10,Jakarta,Bluebird,E-Wallet,65642.0,9.78,44.3,4.2,696,1,Completed,CUST0043,DRV0195,VH0361
TRIP00118,2025-01-07,14,Medan,Silver Bird,Cash,39167.0,4.56,20.2,4.8,233,1,Completed,CUST0265,DRV0933,VH0154
TRIP00119,2025-03-14,18,Jakarta,Bluebird,Cash,,,,,595,1,Cancelled,CUST0046,DRV1036,VH0533
TRIP00120,2025-03-13,17,Medan,Bluebird,QRIS,42493.0,6.49,43.9,4.3,166,1,Completed,CUST0570,DRV0784,VH1384
TRIP00121,2025-01-12,20,Bandung,Silver Bird,Debit/Credit,56866.0,6.08,25.4,4.8,323,1,Completed,CUST0225,DRV1086,VH0310
TRIP00122,2025-02-03,14,Jakarta,Bluebird,QRIS,,,,,685,1,Cancelled,CUST0652,DRV0529,VH0474
TRIP00123,2025-02-02,17,Semarang,Silver Bird,Debit/Credit,51655.0,4.87,24.8,5.0,122,2,Completed,CUST0101,DRV0271,VH0736
TRIP00124,2025-02-17,17,Bandung,Bluebird,E-Wallet,32715.0,4.81,13.1,4.7,232,1,Completed,CUST0281,DRV0538,VH0636
TRIP00125,2025-01-23,16,Jakarta,Bluebird,Debit/Credit,32446.0,6.93,39.9,4.7,632,1,Completed,CUST0238,DRV0657,VH0876
TRIP00126,2025-03-03,18,Bandung,Bluebird,Cash,13973.0,2.9,21.4,4.2,253,2,Completed,CUST0601,DRV0065,VH0300
TRIP00127,2025-03-29,9,Medan,Bluebird,E-Wallet,27761.0,5.14,27.2,4.5,141,1,Completed,CUST0246,DRV0862,VH0341
TRIP00128,2025-02-06,15,Jakarta,Bluebird,Cash,,,,,712,1,Cancelled,CUST0691,DRV0490,VH1028
TRIP00129,2025-02-13,7,Jakarta,Bluebird,Cash,72276.0,10.71,41.2,4.3,612,3,Completed,CUST0743,DRV1092,VH0635
TRIP00130,2025-03-27,12,Jakarta,Bluebird,Cash,72366.0,11.28,40.9,4.6,689,1,Completed,CUST0099,DRV0362,VH0554
TRIP00131,2025-02-04,15,Jakarta,Bluebird,Debit/Credit,,,,,688,1,Cancelled,CUST0727,DRV0572,VH1193
TRIP00132,2025-03-06,17,Medan,Bluebird,Cash,,,,,138,1,Cancelled,CUST0200,DRV0995,VH0420
TRIP00133,2025-02-16,22,Bandung,Bluebird,Cash,14296.0,1.69,7.2,4.6,297,1,Completed,CUST0256,DRV0769,VH1304
TRIP00134,2025-03-19,17,Jakarta,Silver Bird,QRIS,50621.0,4.81,30.3,4.5,618,2,Completed,CUST0437,DRV1043,VH0737
TRIP00135,2025-01-03,18,Jakarta,Bluebird,QRIS,52765.0,6.09,29.9,4.9,607,1,Completed,CUST0494,DRV0545,VH0389
TRIP00136,2025-01-01,15,Jakarta,Bluebird,Debit/Credit,33783.0,7.09,22.2,5.0,674,1,Completed,CUST0436,DRV0979,VH1209
TRIP00137,2025-01-05,17,Semarang,Bluebird,E-Wallet,23194.0,5.9,43.4,4.5,81,1,Completed,CUST0707,DRV0932,VH1347
TRIP00138,2025-03-31,6,Jakarta,Bluebird,Debit/Credit,55264.0,7.16,53.5,4.6,599,3,Completed,CUST0024,DRV0091,VH0011
TRIP00139,2025-01-14,9,Semarang,Bluebird,Cash,23207.0,7.46,38.8,4.6,116,1,Completed,CUST0363,DRV0973,VH0608
TRIP00140,2025-01-27,12,Bandung,Bluebird Van,Cash,39381.0,7.11,23.1,4.9,326,1,Completed,CUST0270,DRV0238,VH0278
TRIP00141,2025-01-09,15,Jakarta,Golden Bird,E-Wallet,57293.0,6.33,35.6,4.3,686,3,Completed,CUST0790,DRV0462,VH1163
TRIP00142,2025-03-20,5,Medan,Bluebird,Cash,10000.0,1.0,5.0,4.6,221,2,Completed,CUST0738,DRV1048,VH1018
TRIP00143,2025-01-15,7,Bandung,Bluebird,E-Wallet,37407.0,4.02,21.7,4.8,264,2,Completed,CUST0228,DRV0851,VH1110
TRIP00144,2025-03-31,9,Surabaya,Golden Bird,Cash,,,,,153,1,Cancelled,CUST0128,DRV0921,VH0231
TRIP00145,2025-02-11,22,Semarang,Bluebird,E-Wallet,29310.0,6.06,16.1,4.5,180,1,Completed,CUST0543,DRV0907,VH1475
TRIP00146,2025-03-18,11,Jakarta,Bluebird,QRIS,43769.0,5.11,18.5,4.2,695,3,Completed,CUST0763,DRV0777,VH0138
TRIP00147,2025-02-20,15,Jakarta,Bluebird,QRIS,53722.0,7.03,22.1,4.6,681,1,Completed,CUST0058,DRV1030,VH0997
TRIP00148,2025-03-04,8,Surabaya,Bluebird,Debit/Credit,27691.0,4.61,26.5,4.9,167,2,Completed,CUST0325,DRV0570,VH0531
TRIP00149,2025-02-21,17,Jakarta,Bluebird Van,Debit/Credit,50388.0,8.12,40.7,4.1,597,1,Completed,CUST0659,DRV0612,VH1362
TRIP00150,2025-01-04,10,Jakarta,Bluebird,QRIS,54300.0,5.28,16.8,4.4,701,3,Completed,CUST0106,DRV0634,VH1180
TRIP00151,2025-01-23,8,Jakarta,Bluebird,Debit/Credit,41797.0,5.95,29.2,4.7,609,2,Completed,CUST0437,DRV1181,VH0607
TRIP00152,2025-01-15,15,Jakarta,Bluebird,Debit/Credit,31214.0,4.57,16.7,4.7,718,3,Completed,CUST0085,DRV0983,VH1041
TRIP00153,2025-02-12,0,Medan,Silver Bird,Cash,,,,,229,1,Cancelled,CUST0002,DRV0463,VH0792
TRIP00154,2025-01-29,0,Jakarta,Golden Bird,Cash,59730.0,5.9,22.6,4.4,682,1,Completed,CUST0437,DRV0663,VH1285
TRIP00155,2025-02-05,8,Bandung,Bluebird,QRIS,45740.0,9.72,52.7,4.3,268,1,Completed,CUST0451,DRV0990,VH1184
TRIP00156,2025-01-13,5,Bandung,Bluebird,Cash,45148.0,8.22,37.0,4.9,312,1,Completed,CUST0565,DRV0431,VH1333
TRIP00157,2025-02-01,7,Bandung,Bluebird,Debit/Credit,48584.0,6.79,39.2,4.2,212,2,Completed,CUST0441,DRV0878,VH0081
TRIP00158,2025-03-12,11,Jakarta,Golden Bird,Cash,38279.0,6.11,34.2,5.0,704,1,Completed,CUST0222,DRV0425,VH0697
TRIP00159,2025-02-28,19,Medan,Silver Bird,QRIS,64040.0,8.64,34.7,4.3,148,1,Completed,CUST0025,DRV0105,VH0213
TRIP00160,2025-03-27,16,Jakarta,Bluebird,Cash,68282.0,10.57,47.0,4.6,639,2,Completed,CUST0035,DRV0252,VH1451
TRIP00161,2025-01-28,15,Surabaya,Bluebird,QRIS,40130.0,8.43,46.1,4.4,250,1,Completed,CUST0669,DRV0645,VH1366
TRIP00162,2025-03-07,10,Medan,Bluebird,Cash,77394.0,12.31,47.4,4.1,196,1,Completed,CUST0343,DRV1123,VH1383
TRIP00163,2025-02-11,21,Bandung,Bluebird,Cash,,,,,343,2,Cancelled,CUST0366,DRV0178,VH0206
TRIP00164,2025-02-14,13,Bandung,Bluebird,Cash,50227.0,9.74,37.5,4.7,315,1,Completed,CUST0657,DRV1156,VH1360
TRIP00165,2025-03-03,7,Bandung,Bluebird,E-Wallet,35135.0,7.4,38.5,4.5,232,1,Completed,CUST0336,DRV0720,VH1285
TRIP00166,2025-02-26,17,Jakarta,Bluebird,Cash,51405.0,10.53,31.8,4.9,621,2,Completed,CUST0433,DRV1081,VH0900
TRIP00167,2025-01-06,7,Medan,Bluebird,Debit/Credit,57619.0,5.11,37.8,4.9,111,1,Completed,CUST0457,DRV0892,VH0748
TRIP00168,2025-01-28,11,Medan,Bluebird,Cash,54060.0,6.12,19.5,4.4,228,1,Completed,CUST0790,DRV0409,VH1267
TRIP00169,2025-01-28,15,Jakarta,Bluebird,Cash,51319.0,9.55,40.5,4.2,671,2,Completed,CUST0479,DRV0954,VH0877
TRIP00170,2025-02-13,20,Bandung,Bluebird,QRIS,37447.0,8.03,30.5,4.3,328,1,Completed,CUST0398,DRV0262,VH0582
TRIP00171,2025-03-25,15,Semarang,Bluebird,QRIS,45946.0,8.32,24.3,4.5,195,2,Completed,CUST0343,DRV0742,VH0395
TRIP00172,2025-01-30,18,Semarang,Bluebird,E-Wallet,54868.0,10.1,40.9,4.8,84,1,Completed,CUST0789,DRV0654,VH0337
TRIP00173,2025-03-03,23,Bandung,Bluebird,E-Wallet,,,,,305,1,Cancelled,CUST0691,DRV0575,VH0799
TRIP00174,2025-03-16,7,Bandung,Bluebird,Debit/Credit,27344.0,4.08,31.9,4.5,265,3,Completed,CUST0280,DRV0118,VH0781
TRIP00175,2025-03-30,9,Jakarta,Golden Bird,Debit/Credit,93277.0,9.19,43.7,4.5,615,3,Completed,CUST0352,DRV0971,VH0279
TRIP00176,2025-03-03,13,Semarang,Silver Bird,QRIS,23924.0,4.63,14.9,5.0,157,1,Completed,CUST0197,DRV0308,VH0249
TRIP00177,2025-01-01,13,Jakarta,Golden Bird,QRIS,155296.0,18.63,68.0,4.7,685,2,Completed,CUST0225,DRV0490,VH0833
TRIP00178,2025-01-27,13,Bandung,Bluebird,E-Wallet,59513.0,8.55,42.6,4.6,310,2,Completed,CUST0047,DRV0757,VH1054
TRIP00179,2025-03-03,21,Jakarta,Bluebird,Debit/Credit,38955.0,8.27,43.3,3.8,708,1,Completed,CUST0185,DRV0648,VH0912
TRIP00180,2025-03-18,18,Jakarta,Bluebird,Debit/Credit,55827.0,6.95,44.1,4.5,600,1,Completed,CUST0162,DRV0608,VH0939
TRIP00181,2025-01-03,17,Jakarta,Bluebird,Cash,32455.0,7.06,39.7,4.8,613,1,Completed,CUST0643,DRV0737,VH1155
TRIP00182,2025-03-11,10,Semarang,Bluebird,Cash,43038.0,6.89,29.6,4.7,185,1,Completed,CUST0295,DRV0024,VH0524
TRIP00183,2025-03-13,19,Jakarta,Bluebird,E-Wallet,43944.0,8.84,34.8,4.8,607,1,Completed,CUST0092,DRV0753,VH0460
TRIP00184,2025-01-27,22,Bandung,Golden Bird,QRIS,51725.0,5.63,20.8,4.8,312,2,Completed,CUST0587,DRV1001,VH0395
TRIP00185,2025-01-09,19,Jakarta,Bluebird,QRIS,35851.0,7.68,33.9,4.3,602,1,Completed,CUST0650,DRV0349,VH0413
TRIP00186,2025-03-03,0,Jakarta,Bluebird Van,Cash,85585.0,12.53,37.3,4.3,718,1,Completed,CUST0168,DRV0025,VH0117
TRIP00187,2025-02-06,17,Bandung,Golden Bird,E-Wallet,,,,,253,2,Cancelled,CUST0258,DRV1015,VH1173
TRIP00188,2025-02-20,6,Bandung,Bluebird,Cash,41724.0,7.76,34.2,4.9,259,2,Completed,CUST0750,DRV0599,VH0109
TRIP00189,2025-02-13,9,Jakarta,Silver Bird,E-Wallet,,,,,631,1,Cancelled,CUST0557,DRV0801,VH0236
TRIP00190,2025-01-24,6,Jakarta,Bluebird,Cash,56548.0,10.12,54.7,4.5,628,1,Completed,CUST0309,DRV0910,VH0826
TRIP00191,2025-03-20,17,Jakarta,Silver Bird,E-Wallet,99323.0,13.16,64.5,4.3,633,2,Completed,CUST0649,DRV0959,VH1451
TRIP00192,2025-02-28,18,Jakarta,Bluebird,Debit/Credit,61056.0,12.61,62.7,4.6,633,4,Completed,CUST0615,DRV1052,VH1010
TRIP00193,2025-02-01,7,Semarang,Silver Bird,Cash,87837.0,9.0,39.7,4.5,127,1,Completed,CUST0129,DRV0541,VH1204
TRIP00194,2025-03-29,12,Semarang,Bluebird,Debit/Credit,40962.0,11.07,57.3,3.9,194,1,Completed,CUST0673,DRV0491,VH0909
TRIP00195,2025-02-21,14,Jakarta,Bluebird Van,QRIS,35625.0,8.66,34.9,4.7,670,1,Completed,CUST0550,DRV0488,VH0396
TRIP00196,2025-03-03,12,Bandung,Bluebird,Cash,39876.0,8.88,37.6,5.0,296,1,Completed,CUST0569,DRV0791,VH0977
TRIP00197,2025-02-27,7,Semarang,Bluebird,E-Wallet,36572.0,4.76,22.5,4.9,117,2,Completed,CUST0161,DRV0172,VH0001
TRIP00198,2025-02-21,13,Jakarta,Silver Bird,QRIS,,,,,717,2,Cancelled,CUST0176,DRV0038,VH0008
TRIP00199,2025-01-12,18,Medan,Golden Bird,QRIS,86562.0,11.49,57.3,4.0,130,1,Completed,CUST0771,DRV0299,VH0144
TRIP00200,2025-02-08,6,Semarang,Bluebird,Cash,,,,,85,1,Cancelled,CUST0288,DRV1051,VH0275
TRIP00201,2025-01-02,6,Jakarta,Bluebird,QRIS,39081.0,5.92,26.2,5.0,637,1,Completed,CUST0405,DRV0648,VH0287
TRIP00202,2025-01-03,11,Jakarta,Bluebird,E-Wallet,50568.0,8.79,25.1,4.6,683,1,Completed,CUST0657,DRV0748,VH0490
TRIP00203,2025-02-25,21,Semarang,Bluebird Van,QRIS,51959.0,6.12,15.6,4.5,192,1,Completed,CUST0580,DRV1109,VH0633
TRIP00204,2025-03-22,17,Bandung,Silver Bird,E-Wallet,64601.0,8.95,52.2,4.3,260,2,Completed,CUST0340,DRV0926,VH0729
TRIP00205,2025-02-28,17,Jakarta,Silver Bird,E-Wallet,53778.0,7.14,32.3,4.5,632,2,Completed,CUST0268,DRV0013,VH0031
TRIP00206,2025-01-02,12,Jakarta,Bluebird,Cash,75836.0,13.66,52.3,4.8,671,2,Completed,CUST0218,DRV0259,VH0964
TRIP00207,2025-01-02,17,Bandung,Bluebird,Cash,10000.0,3.13,30.7,4.4,240,2,Completed,CUST0164,DRV0980,VH1476
TRIP00208,2025-02-23,1,Surabaya,Bluebird,E-Wallet,38141.0,11.76,39.2,4.8,268,1,Completed,CUST0691,DRV1124,VH0244
TRIP00209,2025-03-28,17,Surabaya,Golden Bird,QRIS,51030.0,5.71,25.8,4.7,158,1,Completed,CUST0391,DRV0616,VH0140
TRIP00210,2025-01-01,21,Semarang,Bluebird,Cash,24372.0,1.41,5.0,5.0,190,1,Completed,CUST0417,DRV0278,VH0401
TRIP00211,2025-01-19,17,Jakarta,Golden Bird,Cash,82751.0,9.21,56.2,4.7,603,1,Completed,CUST0048,DRV0954,VH0725
TRIP00212,2025-01-02,20,Bandung,Bluebird,Debit/Credit,44405.0,6.24,38.9,4.6,347,2,Completed,CUST0194,DRV1090,VH0982
TRIP00213,2025-02-22,18,Bandung,Bluebird,E-Wallet,10000.0,3.67,27.9,4.6,219,2,Completed,CUST0718,DRV0808,VH0164
TRIP00214,2025-02-13,7,Jakarta,Bluebird,Cash,,,,,637,3,Cancelled,CUST0084,DRV0656,VH0104
TRIP00215,2025-03-31,20,Jakarta,Bluebird,Cash,51960.0,8.47,29.8,4.6,693,2,Completed,CUST0613,DRV1141,VH0063
TRIP00216,2025-02-01,6,Semarang,Bluebird,E-Wallet,37331.0,9.73,60.6,3.9,119,2,Completed,CUST0667,DRV0783,VH0015
TRIP00217,2025-03-11,16,Medan,Bluebird,Debit/Credit,57396.0,9.25,46.9,4.8,142,1,Completed,CUST0047,DRV0499,VH0179
TRIP00218,2025-02-01,7,Bandung,Bluebird,Debit/Credit,38716.0,7.17,42.7,4.5,265,2,Completed,CUST0234,DRV0205,VH0441
TRIP00219,2025-03-09,1,Bandung,Silver Bird,Debit/Credit,96387.0,8.44,33.0,4.3,323,1,Completed,CUST0299,DRV0587,VH0525
TRIP00220,2025-02-24,13,Jakarta,Bluebird,QRIS,23434.0,8.42,31.8,4.1,689,2,Completed,CUST0147,DRV1104,VH0727
TRIP00221,2025-03-16,10,Bandung,Bluebird,Debit/Credit,34344.0,2.71,22.5,4.1,317,1,Completed,CUST0196,DRV1042,VH0311
TRIP00222,2025-02-25,15,Surabaya,Bluebird,QRIS,21140.0,3.74,18.7,4.9,233,1,Completed,CUST0022,DRV0614,VH0738
TRIP00223,2025-01-17,16,Bandung,Bluebird,Cash,20305.0,6.39,43.7,4.3,243,1,Completed,CUST0194,DRV1000,VH0130
TRIP00224,2025-02-07,5,Semarang,Silver Bird,Debit/Credit,47186.0,6.32,27.1,4.6,153,1,Completed,CUST0386,DRV0644,VH0968
TRIP00225,2025-01-24,7,Bandung,Bluebird,QRIS,52840.0,9.55,40.3,4.6,264,1,Completed,CUST0364,DRV0821,VH1490
TRIP00226,2025-03-10,16,Jakarta,Silver Bird,E-Wallet,90576.0,10.77,47.0,4.3,595,3,Completed,CUST0274,DRV0058,VH1287
TRIP00227,2025-03-11,11,Medan,Bluebird,QRIS,66296.0,9.32,38.0,4.7,247,1,Completed,CUST0384,DRV1136,VH1195
TRIP00228,2025-03-27,18,Jakarta,Bluebird,E-Wallet,56157.0,7.66,34.3,4.6,611,3,Completed,CUST0208,DRV0597,VH0927
TRIP00229,2025-01-11,17,Jakarta,Bluebird,E-Wallet,18094.0,4.36,17.7,4.7,593,1,Completed,CUST0275,DRV0315,VH1430
TRIP00230,2025-01-16,19,Jakarta,Bluebird,Cash,62184.0,9.74,55.4,3.9,639,2,Completed,CUST0729,DRV0162,VH1049
TRIP00231,2025-03-14,18,Bandung,Bluebird,E-Wallet,49807.0,8.58,38.5,4.3,214,3,Completed,CUST0496,DRV0324,VH1012
TRIP00232,2025-02-28,14,Medan,Silver Bird,QRIS,12739.0,1.0,5.0,4.9,200,2,Completed,CUST0539,DRV0718,VH0449
TRIP00233,2025-03-11,17,Bandung,Bluebird,E-Wallet,26231.0,4.5,28.1,4.5,254,3,Completed,CUST0527,DRV0580,VH0160
TRIP00234,2025-03-21,9,Medan,Bluebird,QRIS,25251.0,5.43,25.6,5.0,144,1,Completed,CUST0159,DRV0899,VH1241
TRIP00235,2025-01-03,10,Bandung,Bluebird,Debit/Credit,41019.0,7.36,39.6,5.0,308,2,Completed,CUST0726,DRV0760,VH0688
TRIP00236,2025-01-20,19,Jakarta,Bluebird,QRIS,27890.0,6.09,24.5,4.9,641,1,Completed,CUST0460,DRV0502,VH0848
TRIP00237,2025-02-28,14,Medan,Bluebird,Cash,30497.0,7.39,31.4,5.0,200,2,Completed,CUST0394,DRV0057,VH0490
TRIP00238,2025-02-05,19,Jakarta,Bluebird,Cash,,,,,600,2,Cancelled,CUST0439,DRV1189,VH0280
TRIP00239,2025-01-19,19,Jakarta,Bluebird,QRIS,49773.0,8.02,39.7,4.4,642,3,Completed,CUST0379,DRV1190,VH0081
TRIP00240,2025-03-31,20,Bandung,Bluebird,Debit/Credit,27979.0,4.85,10.3,4.8,316,1,Completed,CUST0164,DRV0297,VH1149
TRIP00241,2025-03-08,21,Jakarta,Bluebird,Debit/Credit,50971.0,6.58,32.4,5.0,671,1,Completed,CUST0639,DRV1028,VH0170
TRIP00242,2025-01-19,14,Jakarta,Golden Bird,Debit/Credit,49565.0,5.26,26.2,4.6,723,1,Completed,CUST0330,DRV0410,VH1114
TRIP00243,2025-01-20,10,Surabaya,Bluebird,QRIS,45274.0,9.14,31.8,4.4,276,1,Completed,CUST0570,DRV0807,VH0380
TRIP00244,2025-03-12,16,Bandung,Bluebird,QRIS,53058.0,8.71,47.8,4.1,263,2,Completed,CUST0147,DRV1130,VH0860
TRIP00245,2025-02-21,12,Bandung,Bluebird Van,Cash,35134.0,4.69,21.4,4.6,297,1,Completed,CUST0768,DRV0620,VH0111
TRIP00246,2025-02-02,17,Semarang,Bluebird,E-Wallet,58696.0,11.36,44.5,4.2,103,2,Completed,CUST0110,DRV0779,VH0164
TRIP00247,2025-02-09,18,Bandung,Bluebird,E-Wallet,10000.0,6.06,26.3,5.0,249,1,Completed,CUST0394,DRV0779,VH0415
TRIP00248,2025-02-08,18,Medan,Bluebird,QRIS,61154.0,12.09,64.3,4.3,165,2,Completed,CUST0561,DRV0566,VH0640
TRIP00249,2025-03-23,12,Jakarta,Bluebird,Cash,18979.0,6.57,28.4,4.9,689,1,Completed,CUST0182,DRV0998,VH0155
TRIP00250,2025-01-01,8,Bandung,Bluebird,Cash,10000.0,1.0,8.0,4.6,232,1,Completed,CUST0573,DRV0166,VH0194
TRIP00251,2025-01-11,14,Medan,Bluebird Van,Debit/Credit,44713.0,8.71,28.8,4.4,204,2,Completed,CUST0443,DRV0788,VH1500
TRIP00252,2025-02-26,7,Bandung,Bluebird,Debit/Credit,31899.0,7.75,35.4,4.2,257,1,Completed,CUST0747,DRV0666,VH0685
TRIP00253,2025-03-30,20,Surabaya,Silver Bird,E-Wallet,58065.0,8.1,29.3,4.4,242,1,Completed,CUST0754,DRV0128,VH0825
TRIP00254,2025-02-19,11,Jakarta,Bluebird,Cash,,,,,724,1,Cancelled,CUST0130,DRV0076,VH0021
TRIP00255,2025-01-23,8,Jakarta,Bluebird,Debit/Credit,51763.0,8.4,29.4,4.8,620,2,Completed,CUST0776,DRV0887,VH0823
TRIP00256,2025-01-31,4,Bandung,Bluebird,Debit/Credit,34745.0,5.47,29.9,4.8,338,1,Completed,CUST0403,DRV0782,VH1023
TRIP00257,2025-02-11,17,Jakarta,Golden Bird,QRIS,49690.0,7.59,45.2,4.1,635,1,Completed,CUST0505,DRV0434,VH0109
TRIP00258,2025-01-07,17,Medan,Bluebird Van,QRIS,65940.0,10.02,39.2,4.5,170,1,Completed,CUST0720,DRV0635,VH0399
TRIP00259,2025-01-16,11,Jakarta,Bluebird,Cash,51098.0,9.05,37.2,4.3,683,2,Completed,CUST0654,DRV0615,VH0930
TRIP00260,2025-03-31,6,Semarang,Bluebird Van,QRIS,54351.0,8.63,36.2,4.7,70,1,Completed,CUST0022,DRV0986,VH0872
TRIP00261,2025-03-01,13,Semarang,Bluebird,E-Wallet,34621.0,6.1,22.6,4.8,205,1,Completed,CUST0017,DRV0526,VH0129
TRIP00262,2025-01-02,10,Jakarta,Bluebird,QRIS,43024.0,7.47,27.5,4.4,696,1,Completed,CUST0634,DRV1157,VH0280
TRIP00263,2025-01-01,17,Jakarta,Bluebird,E-Wallet,38318.0,5.04,25.2,4.9,622,3,Completed,CUST0282,DRV0441,VH0427
TRIP00264,2025-02-17,17,Medan,Bluebird,Debit/Credit,20728.0,6.39,47.6,5.0,144,1,Completed,CUST0227,DRV0587,VH1051
TRIP00265,2025-01-12,12,Semarang,Bluebird,Cash,10857.0,1.0,5.0,4.9,203,2,Completed,CUST0420,DRV0391,VH0905
TRIP00266,2025-03-10,8,Bandung,Bluebird,Debit/Credit,46572.0,5.23,23.3,4.7,265,1,Completed,CUST0373,DRV0244,VH0344
TRIP00267,2025-02-06,23,Jakarta,Bluebird,QRIS,58642.0,8.25,27.7,4.6,684,1,Completed,CUST0301,DRV0768,VH1425
TRIP00268,2025-02-01,14,Bandung,Bluebird,QRIS,54876.0,8.69,42.1,4.4,294,2,Completed,CUST0286,DRV1170,VH0604
TRIP00269,2025-01-09,18,Surabaya,Bluebird,Cash,,,,,186,1,Cancelled,CUST0116,DRV0415,VH1319
TRIP00270,2025-01-19,7,Jakarta,Bluebird Van,QRIS,,,,,593,1,Cancelled,CUST0149,DRV0427,VH0196
TRIP00271,2025-02-17,15,Surabaya,Bluebird,Cash,34456.0,1.46,16.0,4.4,275,1,Completed,CUST0404,DRV0249,VH0893
TRIP00272,2025-03-21,4,Jakarta,Bluebird,Cash,43528.0,8.33,35.0,4.1,689,1,Completed,CUST0682,DRV1059,VH0733
TRIP00273,2025-01-03,15,Jakarta,Bluebird,QRIS,14184.0,3.46,15.2,4.8,708,4,Completed,CUST0090,DRV0839,VH0156
TRIP00274,2025-01-20,22,Jakarta,Bluebird,QRIS,27281.0,4.88,34.4,4.6,691,1,Completed,CUST0119,DRV0253,VH0440
TRIP00275,2025-01-24,12,Jakarta,Silver Bird,E-Wallet,93523.0,7.94,33.5,4.5,693,4,Completed,CUST0696,DRV0862,VH0101
TRIP00276,2025-02-23,5,Jakarta,Bluebird,QRIS,46325.0,12.33,44.4,4.1,716,1,Completed,CUST0776,DRV0819,VH0748
TRIP00277,2025-02-02,4,Bandung,Silver Bird,Debit/Credit,58910.0,8.11,30.5,4.7,300,1,Completed,CUST0739,DRV0862,VH0500
TRIP00278,2025-01-24,12,Jakarta,Bluebird,QRIS,31638.0,8.55,26.3,4.4,715,4,Completed,CUST0093,DRV0210,VH1309
TRIP00279,2025-03-16,8,Jakarta,Bluebird,Debit/Credit,46540.0,8.44,50.6,4.4,595,2,Completed,CUST0629,DRV0110,VH1093
TRIP00280,2025-03-13,4,Jakarta,Bluebird,Cash,24321.0,6.36,29.5,5.0,696,1,Completed,CUST0447,DRV0330,VH0386
TRIP00281,2025-02-05,18,Semarang,Bluebird,E-Wallet,30143.0,5.17,36.6,4.7,79,1,Completed,CUST0312,DRV0142,VH1476
TRIP00282,2025-02-07,14,Jakarta,Bluebird,QRIS,31553.0,9.78,47.6,4.1,708,2,Completed,CUST0318,DRV0676,VH0138
TRIP00283,2025-03-25,10,Bandung,Bluebird,E-Wallet,27388.0,2.84,8.5,4.4,299,1,Completed,CUST0121,DRV0087,VH0248
TRIP00284,2025-03-30,20,Bandung,Bluebird,QRIS,58977.0,8.78,28.5,4.7,335,1,Completed,CUST0317,DRV0140,VH0103
TRIP00285,2025-01-25,7,Semarang,Bluebird,Cash,29370.0,5.63,30.2,4.3,95,1,Completed,CUST0138,DRV0674,VH0510
TRIP00286,2025-01-18,22,Jakarta,Bluebird Van,Debit/Credit,68916.0,10.98,37.8,4.0,706,1,Completed,CUST0743,DRV0026,VH1399
TRIP00287,2025-03-23,10,Surabaya,Bluebird,Cash,54150.0,10.88,44.7,4.6,283,1,Completed,CUST0660,DRV0646,VH0727
TRIP00288,2025-03-07,20,Surabaya,Bluebird,QRIS,23623.0,2.98,19.8,4.8,262,1,Completed,CUST0284,DRV0911,VH1179
TRIP00289,2025-02-23,17,Bandung,Bluebird,Cash,31236.0,5.26,27.9,4.8,260,1,Completed,CUST0654,DRV0362,VH0087
TRIP00290,2025-02-04,19,Jakarta,Bluebird,Debit/Credit,42180.0,5.93,32.8,4.7,649,2,Completed,CUST0520,DRV0360,VH0880
TRIP00291,2025-03-21,23,Surabaya,Bluebird,E-Wallet,32338.0,2.56,9.6,4.7,237,2,Completed,CUST0505,DRV0996,VH0931
TRIP00292,2025-03-02,10,Jakarta,Golden Bird,QRIS,45022.0,5.4,27.2,4.5,720,1,Completed,CUST0391,DRV0077,VH1233
TRIP00293,2025-02-10,22,Bandung,Bluebird Van,E-Wallet,85127.0,14.32,52.6,4.5,338,1,Completed,CUST0005,DRV0095,VH1007
TRIP00294,2025-02-02,12,Surabaya,Bluebird,QRIS,60285.0,9.83,23.9,5.0,280,1,Completed,CUST0769,DRV0957,VH1202
TRIP00295,2025-03-09,12,Jakarta,Bluebird,QRIS,56058.0,14.25,60.3,4.2,697,1,Completed,CUST0367,DRV0997,VH1014
TRIP00296,2025-02-02,11,Medan,Bluebird,E-Wallet,32250.0,9.99,46.9,4.2,237,1,Completed,CUST0492,DRV0218,VH0258
TRIP00297,2025-01-14,16,Jakarta,Bluebird,E-Wallet,38224.0,6.27,36.2,4.3,625,4,Completed,CUST0758,DRV0368,VH0273
TRIP00298,2025-01-21,8,Medan,Bluebird,E-Wallet,41268.0,6.35,28.9,4.4,149,3,Completed,CUST0466,DRV0052,VH0863
TRIP00299,2025-02-17,16,Bandung,Bluebird,QRIS,39488.0,8.77,35.1,4.6,234,1,Completed,CUST0235,DRV0687,VH0848
TRIP00300,2025-01-20,16,Jakarta,Bluebird,QRIS,45396.0,9.81,50.7,3.9,625,2,Completed,CUST0362,DRV0825,VH1048
TRIP00301,2025-01-08,18,Jakarta,Bluebird,Cash,30509.0,6.77,36.1,4.7,602,3,Completed,CUST0522,DRV0033,VH0825
TRIP00302,2025-01-07,19,Semarang,Bluebird,QRIS,10092.0,2.27,16.2,4.9,129,1,Completed,CUST0242,DRV0872,VH0595
TRIP00303,2025-03-08,14,Jakarta,Bluebird,QRIS,94883.0,18.36,86.2,3.5,676,1,Completed,CUST0442,DRV0644,VH0400
TRIP00304,2025-01-17,10,Jakarta,Bluebird,E-Wallet,31939.0,8.08,25.7,4.4,670,1,Completed,CUST0188,DRV0425,VH0353
TRIP00305,2025-02-02,9,Jakarta,Bluebird,E-Wallet,38681.0,7.52,50.5,4.4,598,2,Completed,CUST0404,DRV0787,VH0804
TRIP00306,2025-02-17,8,Surabaya,Golden Bird,QRIS,64969.0,8.34,41.6,4.5,208,1,Completed,CUST0427,DRV1031,VH1325
TRIP00307,2025-03-17,6,Bandung,Bluebird,Cash,21408.0,6.27,20.2,4.8,237,1,Completed,CUST0413,DRV0495,VH0010
TRIP00308,2025-02-28,11,Jakarta,Silver Bird,E-Wallet,77056.0,8.87,34.2,4.6,705,1,Completed,CUST0514,DRV0739,VH1067
TRIP00309,2025-03-27,9,Jakarta,Bluebird,Cash,56950.0,12.36,64.2,4.5,635,3,Completed,CUST0154,DRV0767,VH1075
TRIP00310,2025-01-22,22,Jakarta,Bluebird,Debit/Credit,,,,,699,1,Cancelled,CUST0203,DRV0696,VH0719
TRIP00311,2025-01-30,16,Jakarta,Bluebird,Cash,15462.0,5.01,17.7,4.5,598,3,Completed,CUST0217,DRV0199,VH0107
TRIP00312,2025-02-07,11,Jakarta,Bluebird,QRIS,36067.0,8.02,30.9,4.4,699,1,Completed,CUST0482,DRV0715,VH0771
TRIP00313,2025-02-20,16,Surabaya,Bluebird Van,E-Wallet,54340.0,6.61,28.4,4.8,184,1,Completed,CUST0315,DRV0435,VH1259
TRIP00314,2025-02-23,7,Jakarta,Bluebird,Cash,89784.0,12.77,62.5,4.3,636,1,Completed,CUST0617,DRV1160,VH0490
TRIP00315,2025-01-08,14,Jakarta,Bluebird,QRIS,40881.0,12.01,53.5,4.5,696,1,Completed,CUST0001,DRV0288,VH0675
TRIP00316,2025-01-27,17,Jakarta,Bluebird,QRIS,44915.0,8.82,35.9,4.7,618,1,Completed,CUST0766,DRV0719,VH0475
TRIP00317,2025-01-27,15,Semarang,Bluebird Van,E-Wallet,31283.0,2.96,6.9,4.2,154,1,Completed,CUST0503,DRV0567,VH0581
TRIP00318,2025-01-21,13,Semarang,Bluebird,E-Wallet,16255.0,3.12,17.8,4.4,150,1,Completed,CUST0799,DRV0811,VH0847
TRIP00319,2025-01-30,23,Medan,Bluebird Van,Cash,60326.0,7.55,24.2,4.4,232,1,Completed,CUST0278,DRV0408,VH1316
TRIP00320,2025-01-28,20,Jakarta,Bluebird Van,Cash,53699.0,9.51,30.5,4.4,720,1,Completed,CUST0194,DRV0917,VH0460
TRIP00321,2025-03-05,17,Jakarta,Bluebird,Debit/Credit,42272.0,7.38,29.3,4.5,594,3,Completed,CUST0769,DRV0910,VH0425
TRIP00322,2025-03-10,16,Jakarta,Silver Bird,QRIS,51848.0,7.06,38.7,4.8,643,3,Completed,CUST0762,DRV0717,VH0329
TRIP00323,2025-03-02,17,Jakarta,Bluebird Van,Debit/Credit,59564.0,6.72,37.0,4.9,618,2,Completed,CUST0248,DRV0825,VH1209
TRIP00324,2025-02-17,8,Bandung,Bluebird,Cash,32035.0,6.93,30.9,4.6,265,1,Completed,CUST0088,DRV1026,VH0767
TRIP00325,2025-01-19,13,Medan,Bluebird,Cash,10000.0,1.0,5.0,4.6,206,1,Completed,CUST0434,DRV0185,VH0506
TRIP00326,2025-01-04,5,Medan,Bluebird,Debit/Credit,36517.0,4.2,27.5,4.5,240,1,Completed,CUST0420,DRV0674,VH0628
TRIP00327,2025-02-04,15,Medan,Bluebird,Cash,22886.0,5.62,15.7,4.7,238,1,Completed,CUST0253,DRV0602,VH0478
TRIP00328,2025-03-05,16,Jakarta,Bluebird,E-Wallet,61804.0,12.12,42.8,4.5,626,1,Completed,CUST0429,DRV0763,VH0014
TRIP00329,2025-02-18,9,Surabaya,Bluebird,Cash,14683.0,5.56,33.4,4.8,173,1,Completed,CUST0164,DRV0022,VH0890
TRIP00330,2025-01-17,22,Jakarta,Bluebird,Cash,36993.0,9.04,35.4,4.8,721,2,Completed,CUST0495,DRV0212,VH0727
TRIP00331,2025-02-13,21,Jakarta,Bluebird,E-Wallet,52295.0,9.18,31.7,4.0,730,2,Completed,CUST0162,DRV0477,VH1117
TRIP00332,2025-01-30,18,Surabaya,Bluebird,QRIS,,,,,176,4,Cancelled,CUST0507,DRV0466,VH1011
TRIP00333,2025-02-15,16,Jakarta,Golden Bird,Debit/Credit,96602.0,12.29,63.0,4.6,598,1,Completed,CUST0265,DRV0989,VH0746
TRIP00334,2025-01-06,20,Jakarta,Bluebird,Cash,49750.0,8.33,17.9,4.6,723,1,Completed,CUST0110,DRV0172,VH0180
TRIP00335,2025-02-06,7,Jakarta,Bluebird,Debit/Credit,33609.0,7.07,31.7,4.9,627,2,Completed,CUST0719,DRV0675,VH0566
TRIP00336,2025-01-24,19,Surabaya,Bluebird,Debit/Credit,43071.0,6.01,48.3,4.3,208,1,Completed,CUST0319,DRV0797,VH0305
TRIP00337,2025-02-15,7,Surabaya,Bluebird,QRIS,42461.0,7.28,41.2,4.5,202,1,Completed,CUST0132,DRV0244,VH0475
TRIP00338,2025-02-22,19,Jakarta,Bluebird Van,E-Wallet,54307.0,7.2,41.5,4.2,602,2,Completed,CUST0133,DRV0421,VH0899
TRIP00339,2025-03-01,9,Medan,Bluebird,Debit/Credit,60798.0,9.16,52.9,4.1,135,3,Completed,CUST0394,DRV0379,VH0524
TRIP00340,2025-03-04,20,Jakarta,Bluebird,QRIS,54166.0,9.76,39.2,4.7,722,1,Completed,CUST0620,DRV0341,VH1135
TRIP00341,2025-03-26,21,Bandung,Bluebird Van,Debit/Credit,73831.0,8.78,40.7,4.7,300,1,Completed,CUST0684,DRV0954,VH1439
TRIP00342,2025-02-01,7,Surabaya,Bluebird Van,Debit/Credit,,,,,204,1,Cancelled,CUST0552,DRV0671,VH0421
TRIP00343,2025-03-28,14,Surabaya,Silver Bird,Cash,92549.0,13.59,58.1,4.0,253,1,Completed,CUST0035,DRV0123,VH0411
TRIP00344,2025-02-02,23,Semarang,Silver Bird,QRIS,70686.0,7.17,26.4,4.7,204,1,Completed,CUST0571,DRV0872,VH0681
TRIP00345,2025-03-08,15,Jakarta,Bluebird,QRIS,62379.0,11.8,48.4,4.7,702,1,Completed,CUST0705,DRV0434,VH0616
TRIP00346,2025-01-18,20,Surabaya,Bluebird,QRIS,,,,,278,1,Cancelled,CUST0722,DRV0188,VH0523
TRIP00347,2025-01-25,16,Bandung,Bluebird,Debit/Credit,57192.0,10.56,50.3,4.3,267,2,Completed,CUST0372,DRV1038,VH0329
TRIP00348,2025-02-23,12,Semarang,Bluebird,QRIS,63037.0,9.98,31.7,4.2,155,1,Completed,CUST0031,DRV0070,VH0272
TRIP00349,2025-02-27,10,Jakarta,Silver Bird,E-Wallet,89490.0,11.53,40.6,4.7,704,2,Completed,CUST0174,DRV0651,VH0014
TRIP00350,2025-03-08,8,Surabaya,Bluebird,QRIS,62828.0,8.28,39.1,4.5,165,3,Completed,CUST0390,DRV0837,VH0175
TRIP00351,2025-02-15,18,Bandung,Bluebird,QRIS,41322.0,4.99,21.4,4.9,222,1,Completed,CUST0710,DRV0591,VH0158
TRIP00352,2025-01-24,12,Jakarta,Bluebird Van,E-Wallet,39702.0,4.32,13.7,4.8,713,4,Completed,CUST0106,DRV0318,VH0622
TRIP00353,2025-02-01,15,Bandung,Bluebird,QRIS,28323.0,6.88,26.4,4.5,346,2,Completed,CUST0275,DRV0437,VH0234
TRIP00354,2025-02-16,15,Jakarta,Bluebird Van,QRIS,79865.0,13.1,55.2,4.4,680,1,Completed,CUST0096,DRV1170,VH0141
TRIP00355,2025-03-27,16,Bandung,Bluebird Van,Cash,44593.0,6.07,38.9,4.9,232,2,Completed,CUST0682,DRV0227,VH0119
TRIP00356,2025-01-23,20,Medan,Bluebird,QRIS,58364.0,9.86,36.2,4.5,191,1,Completed,CUST0030,DRV0180,VH0382
TRIP00357,2025-03-07,23,Bandung,Bluebird,Cash,56352.0,9.53,47.5,4.2,349,2,Completed,CUST0794,DRV0536,VH0689
TRIP00358,2025-01-27,13,Surabaya,Bluebird,E-Wallet,41440.0,7.15,35.2,4.2,259,1,Completed,CUST0161,DRV1123,VH1434
TRIP00359,2025-01-02,19,Bandung,Bluebird,QRIS,,,,,228,3,Cancelled,CUST0306,DRV0270,VH0049
TRIP00360,2025-03-31,18,Jakarta,Bluebird,E-Wallet,20505.0,1.0,13.1,4.6,629,2,Completed,CUST0623,DRV0946,VH1394
TRIP00361,2025-01-17,16,Jakarta,Bluebird,Debit/Credit,21183.0,4.83,29.6,4.8,634,4,Completed,CUST0724,DRV1118,VH1357
TRIP00362,2025-02-02,22,Bandung,Bluebird Van,QRIS,51049.0,4.25,25.3,4.4,335,2,Completed,CUST0196,DRV0659,VH0149
TRIP00363,2025-01-09,8,Jakarta,Bluebird,QRIS,14500.0,6.04,40.7,4.9,636,2,Completed,CUST0608,DRV0285,VH0157
TRIP00364,2025-02-12,7,Jakarta,Silver Bird,E-Wallet,86899.0,9.51,55.4,4.0,638,1,Completed,CUST0338,DRV1046,VH0604
TRIP00365,2025-02-17,20,Bandung,Bluebird,E-Wallet,42389.0,7.87,31.8,5.0,304,1,Completed,CUST0138,DRV0002,VH0152
TRIP00366,2025-02-08,14,Jakarta,Bluebird,Cash,60650.0,9.68,42.6,4.9,722,2,Completed,CUST0790,DRV0103,VH1485
TRIP00367,2025-02-11,19,Jakarta,Bluebird Van,QRIS,70197.0,10.29,58.6,4.3,631,3,Completed,CUST0447,DRV1060,VH0376
TRIP00368,2025-01-26,20,Bandung,Bluebird,QRIS,30305.0,4.15,12.2,4.3,322,1,Completed,CUST0310,DRV0274,VH0682
TRIP00369,2025-02-19,6,Jakarta,Bluebird,Cash,35398.0,4.85,25.2,4.7,633,1,Completed,CUST0179,DRV1075,VH0596
TRIP00370,2025-01-25,20,Semarang,Bluebird,Debit/Credit,51448.0,7.99,32.1,4.5,190,1,Completed,CUST0337,DRV1167,VH1449
TRIP00371,2025-01-24,14,Medan,Bluebird,E-Wallet,29835.0,5.61,28.7,4.3,244,2,Completed,CUST0234,DRV0896,VH1072
TRIP00372,2025-01-13,15,Surabaya,Bluebird,QRIS,33495.0,3.29,19.6,4.8,234,3,Completed,CUST0249,DRV0017,VH1359
TRIP00373,2025-03-01,17,Jakarta,Bluebird,Debit/Credit,47218.0,11.41,52.0,4.2,611,3,Completed,CUST0132,DRV0436,VH0589
TRIP00374,2025-01-07,21,Medan,Bluebird,Debit/Credit,59214.0,11.69,36.2,4.4,216,1,Completed,CUST0249,DRV0858,VH1023
TRIP00375,2025-02-26,3,Medan,Bluebird Van,QRIS,85023.0,12.17,50.4,4.3,236,1,Completed,CUST0455,DRV0686,VH0776
TRIP00376,2025-02-05,15,Surabaya,Bluebird Van,Cash,67210.0,8.56,27.8,4.5,264,1,Completed,CUST0499,DRV1156,VH1493
TRIP00377,2025-02-14,18,Jakarta,Bluebird,Debit/Credit,58242.0,10.38,39.1,5.0,608,3,Completed,CUST0063,DRV0263,VH1269
TRIP00378,2025-01-20,18,Surabaya,Golden Bird,E-Wallet,96837.0,12.11,47.6,4.3,188,1,Completed,CUST0392,DRV0394,VH0632
TRIP00379,2025-03-06,18,Medan,Bluebird,Debit/Credit,41961.0,5.58,32.6,4.7,116,1,Completed,CUST0257,DRV0208,VH0262
TRIP00380,2025-01-08,7,Bandung,Bluebird,Cash,46725.0,10.33,58.8,4.3,248,3,Completed,CUST0248,DRV0808,VH0842
TRIP00381,2025-01-16,10,Surabaya,Bluebird,Cash,,,,,263,1,Cancelled,CUST0264,DRV0465,VH1274
TRIP00382,2025-01-14,12,Bandung,Bluebird,Cash,50035.0,9.74,40.4,4.6,323,1,Completed,CUST0467,DRV0358,VH1076
TRIP00383,2025-03-17,19,Bandung,Bluebird,Debit/Credit,26112.0,7.56,46.5,4.7,236,2,Completed,CUST0361,DRV1168,VH0489
TRIP00384,2025-03-28,10,Jakarta,Bluebird,Debit/Credit,50330.0,12.39,38.7,4.6,713,1,Completed,CUST0393,DRV0354,VH1166
TRIP00385,2025-01-15,8,Surabaya,Bluebird,Cash,46717.0,8.67,46.3,4.5,154,1,Completed,CUST0179,DRV0376,VH1396
TRIP00386,2025-03-07,22,Jakarta,Silver Bird,E-Wallet,39700.0,4.05,16.1,4.7,673,1,Completed,CUST0506,DRV0989,VH0251
TRIP00387,2025-02-01,0,Bandung,Bluebird,Debit/Credit,77545.0,11.36,49.4,4.4,296,1,Completed,CUST0499,DRV0018,VH0314
TRIP00388,2025-03-28,23,Jakarta,Bluebird,Debit/Credit,22953.0,5.66,19.3,4.5,717,1,Completed,CUST0677,DRV0716,VH1249
TRIP00389,2025-03-04,17,Bandung,Bluebird Van,E-Wallet,69480.0,10.76,45.3,4.4,212,1,Completed,CUST0603,DRV0485,VH1080
TRIP00390,2025-03-27,19,Jakarta,Bluebird,Cash,33795.0,8.23,41.9,4.6,610,2,Completed,CUST0704,DRV1026,VH1363
TRIP00391,2025-02-20,10,Surabaya,Bluebird,E-Wallet,53652.0,11.53,57.7,4.4,263,1,Completed,CUST0292,DRV0950,VH0753
TRIP00392,2025-01-25,2,Medan,Silver Bird,Cash,97851.0,10.9,49.6,4.4,238,1,Completed,CUST0588,DRV0376,VH1007
TRIP00393,2025-02-27,18,Jakarta,Bluebird,QRIS,39734.0,9.79,43.6,4.4,598,2,Completed,CUST0099,DRV0914,VH0164
TRIP00394,2025-03-04,19,Jakarta,Bluebird,E-Wallet,57999.0,10.03,38.7,4.5,650,2,Completed,CUST0607,DRV0566,VH1465
TRIP00395,2025-03-03,18,Jakarta,Bluebird,E-Wallet,54940.0,9.77,35.3,4.4,609,3,Completed,CUST0181,DRV1190,VH0975
TRIP00396,2025-01-22,7,Medan,Golden Bird,QRIS,24967.0,1.46,23.1,4.8,149,1,Completed,CUST0403,DRV0865,VH0133
TRIP00397,2025-02-27,18,Bandung,Bluebird,Debit/Credit,45799.0,7.35,30.7,4.6,270,3,Completed,CUST0666,DRV1116,VH0081
TRIP00398,2025-02-27,18,Bandung,Golden Bird,Debit/Credit,29147.0,3.65,20.3,4.7,221,3,Completed,CUST0374,DRV0612,VH0350
TRIP00399,2025-03-27,17,Jakarta,Bluebird,E-Wallet,64306.0,9.01,53.3,4.6,628,1,Completed,CUST0624,DRV1063,VH0134
TRIP00400,2025-02-18,18,Surabaya,Bluebird,Cash,47899.0,4.57,15.0,4.5,195,2,Completed,CUST0683,DRV0436,VH0975
TRIP00401,2025-02-21,19,Medan,Silver Bird,E-Wallet,38149.0,3.95,34.2,4.7,137,1,Completed,CUST0253,DRV0648,VH1076
TRIP00402,2025-02-11,17,Medan,Bluebird,QRIS,86164.0,12.31,55.5,4.3,157,1,Completed,CUST0122,DRV0362,VH0494
TRIP00403,2025-03-11,7,Surabaya,Bluebird,QRIS,53213.0,11.21,44.8,5.0,182,1,Completed,CUST0442,DRV0562,VH0202
TRIP00404,2025-01-15,15,Jakarta,Bluebird,QRIS,49511.0,8.49,32.2,4.6,679,3,Completed,CUST0717,DRV0083,VH0710
TRIP00405,2025-02-23,6,Jakarta,Silver Bird,QRIS,83796.0,9.05,39.1,4.7,600,3,Completed,CUST0245,DRV1051,VH0618
TRIP00406,2025-03-01,13,Jakarta,Bluebird,E-Wallet,37778.0,7.76,34.1,4.6,676,2,Completed,CUST0639,DRV0021,VH0756
TRIP00407,2025-01-08,13,Jakarta,Bluebird,QRIS,39088.0,10.21,36.3,4.2,687,1,Completed,CUST0491,DRV1069,VH0973
TRIP00408,2025-02-22,6,Jakarta,Bluebird,E-Wallet,20704.0,6.47,20.5,4.6,608,1,Completed,CUST0046,DRV0954,VH1038
TRIP00409,2025-03-01,11,Jakarta,Bluebird Van,Cash,93563.0,11.48,44.4,4.7,683,2,Completed,CUST0452,DRV0694,VH1409
TRIP00410,2025-01-05,7,Jakarta,Bluebird,Debit/Credit,36992.0,7.74,29.5,4.5,606,1,Completed,CUST0296,DRV0798,VH1225
TRIP00411,2025-03-09,19,Semarang,Bluebird,E-Wallet,30965.0,5.54,31.6,4.1,92,1,Completed,CUST0748,DRV0479,VH0165
TRIP00412,2025-01-06,22,Bandung,Bluebird,Debit/Credit,28273.0,7.07,20.0,4.7,308,1,Completed,CUST0141,DRV0863,VH0561
TRIP00413,2025-02-16,6,Medan,Bluebird,Debit/Credit,43122.0,5.73,27.5,4.4,163,1,Completed,CUST0633,DRV0656,VH1157
TRIP00414,2025-02-24,22,Surabaya,Bluebird,Debit/Credit,39841.0,8.99,37.2,4.6,289,1,Completed,CUST0521,DRV0763,VH0582
TRIP00415,2025-02-09,16,Jakarta,Bluebird,E-Wallet,33714.0,6.89,34.1,5.0,634,1,Completed,CUST0066,DRV0618,VH0119
TRIP00416,2025-02-21,10,Surabaya,Bluebird,E-Wallet,52458.0,9.41,39.4,4.7,284,1,Completed,CUST0483,DRV0711,VH0693
TRIP00417,2025-01-16,6,Jakarta,Silver Bird,Cash,78165.0,12.15,61.4,4.6,592,2,Completed,CUST0309,DRV0337,VH1207
TRIP00418,2025-01-13,15,Surabaya,Golden Bird,E-Wallet,,,,,263,3,Cancelled,CUST0460,DRV1172,VH1482
TRIP00419,2025-01-30,19,Jakarta,Bluebird,QRIS,57895.0,8.11,40.0,4.5,614,2,Completed,CUST0593,DRV0768,VH0335
TRIP00420,2025-01-19,18,Semarang,Golden Bird,Cash,77170.0,8.18,17.4,4.4,110,1,Completed,CUST0772,DRV0819,VH0637
TRIP00421,2025-01-17,5,Jakarta,Bluebird,E-Wallet,41222.0,7.19,30.5,4.5,700,1,Completed,CUST0398,DRV0385,VH0231
TRIP00422,2025-03-04,6,Jakarta,Golden Bird,QRIS,87168.0,9.89,45.5,4.2,628,2,Completed,CUST0469,DRV1125,VH0311
TRIP00423,2025-01-19,13,Semarang,Bluebird,E-Wallet,41530.0,8.47,27.0,4.3,163,1,Completed,CUST0617,DRV1138,VH0003
TRIP00424,2025-02-27,10,Jakarta,Bluebird,Cash,79487.0,11.75,49.2,4.8,706,2,Completed,CUST0392,DRV1021,VH0685
TRIP00425,2025-02-24,9,Surabaya,Bluebird Van,Cash,36346.0,6.18,40.9,4.0,201,1,Completed,CUST0097,DRV1078,VH0081
TRIP00426,2025-03-31,10,Surabaya,Golden Bird,QRIS,53640.0,5.17,17.3,5.0,276,2,Completed,CUST0190,DRV0592,VH1299
TRIP00427,2025-03-31,19,Medan,Bluebird,Cash,38444.0,6.58,27.7,5.0,129,1,Completed,CUST0195,DRV0831,VH0388
TRIP00428,2025-03-03,21,Semarang,Bluebird,Debit/Credit,35858.0,3.9,16.8,4.8,181,1,Completed,CUST0334,DRV1082,VH0827
TRIP00429,2025-01-23,13,Semarang,Bluebird,Cash,56539.0,8.49,24.6,4.4,182,1,Completed,CUST0083,DRV0503,VH1369
TRIP00430,2025-01-09,21,Jakarta,Bluebird,QRIS,30223.0,5.01,15.4,4.3,721,2,Completed,CUST0251,DRV0189,VH0219
TRIP00431,2025-01-12,11,Medan,Bluebird,Cash,74257.0,14.5,66.6,4.1,220,1,Completed,CUST0070,DRV0870,VH0652
TRIP00432,2025-01-01,15,Surabaya,Bluebird,QRIS,,,,,236,1,Cancelled,CUST0292,DRV0579,VH0063
TRIP00433,2025-02-27,9,Surabaya,Golden Bird,E-Wallet,,,,,154,1,Cancelled,CUST0340,DRV1193,VH0440
TRIP00434,2025-01-01,17,Jakarta,Bluebird,Cash,40840.0,11.1,39.8,4.3,646,3,Completed,CUST0385,DRV0799,VH1051
TRIP00435,2025-02-03,23,Surabaya,Bluebird,Debit/Credit,16236.0,3.09,13.5,5.0,233,1,Completed,CUST0700,DRV0131,VH0708
TRIP00436,2025-02-17,17,Semarang,Bluebird,E-Wallet,65175.0,14.37,71.5,4.6,80,1,Completed,CUST0458,DRV0678,VH1405
TRIP00437,2025-03-30,12,Semarang,Bluebird,Debit/Credit,18636.0,5.03,8.8,4.6,168,1,Completed,CUST0141,DRV0949,VH1272
TRIP00438,2025-01-01,17,Bandung,Bluebird,E-Wallet,45048.0,6.64,37.7,4.6,247,1,Completed,CUST0140,DRV0152,VH1178
TRIP00439,2025-01-16,7,Jakarta,Bluebird,Cash,21620.0,2.93,29.0,4.3,609,2,Completed,CUST0075,DRV0922,VH0210
TRIP00440,2025-03-02,20,Jakarta,Silver Bird,Cash,73004.0,9.96,53.1,4.3,696,1,Completed,CUST0100,DRV1129,VH1046
TRIP00441,2025-03-05,15,Medan,Golden Bird,E-Wallet,31946.0,4.18,19.0,4.8,218,1,Completed,CUST0657,DRV1116,VH1043
TRIP00442,2025-03-04,14,Surabaya,Bluebird,Debit/Credit,44245.0,8.3,36.7,4.6,247,1,Completed,CUST0175,DRV0713,VH0509
TRIP00443,2025-03-10,16,Bandung,Bluebird,Debit/Credit,10000.0,5.37,14.5,4.6,246,3,Completed,CUST0733,DRV0805,VH0674
TRIP00444,2025-01-22,17,Jakarta,Bluebird,Debit/Credit,30031.0,5.27,43.8,4.4,650,1,Completed,CUST0323,DRV0432,VH0651
TRIP00445,2025-03-08,6,Bandung,Golden Bird,QRIS,48048.0,4.59,22.3,4.6,261,1,Completed,CUST0477,DRV0028,VH0888
TRIP00446,2025-03-17,17,Bandung,Silver Bird,Cash,63354.0,7.68,32.2,4.5,256,3,Completed,CUST0010,DRV0355,VH1453
TRIP00447,2025-01-26,9,Semarang,Bluebird,E-Wallet,10000.0,2.96,18.1,4.8,122,1,Completed,CUST0046,DRV0678,VH0037
TRIP00448,2025-01-16,18,Surabaya,Bluebird,Debit/Credit,35973.0,5.75,41.6,4.0,209,1,Completed,CUST0629,DRV0136,VH0407
TRIP00449,2025-02-20,19,Jakarta,Golden Bird,QRIS,78862.0,10.49,65.4,4.2,614,2,Completed,CUST0516,DRV1092,VH0424
TRIP00450,2025-03-27,19,Bandung,Bluebird,E-Wallet,64558.0,14.81,68.1,4.3,229,2,Completed,CUST0313,DRV0154,VH0683
TRIP00451,2025-02-26,16,Jakarta,Bluebird,QRIS,58878.0,9.93,54.7,4.2,595,1,Completed,CUST0238,DRV0326,VH0338
TRIP00452,2025-01-29,15,Semarang,Bluebird Van,QRIS,,,,,185,1,Cancelled,CUST0031,DRV0816,VH1295
TRIP00453,2025-03-19,7,Jakarta,Silver Bird,E-Wallet,,,,,638,2,Cancelled,CUST0510,DRV1120,VH0919
TRIP00454,2025-03-10,18,Bandung,Bluebird,E-Wallet,31316.0,7.09,46.7,4.3,224,1,Completed,CUST0130,DRV0108,VH0767
TRIP00455,2025-02-16,9,Jakarta,Bluebird,QRIS,42922.0,7.45,33.4,4.6,607,1,Completed,CUST0753,DRV1070,VH0652
TRIP00456,2025-03-03,15,Surabaya,Bluebird,Cash,,,,,267,1,Cancelled,CUST0385,DRV0454,VH0948
TRIP00457,2025-03-10,10,Surabaya,Bluebird,Cash,52405.0,8.65,43.7,4.0,285,1,Completed,CUST0593,DRV0323,VH1486
TRIP00458,2025-03-17,7,Surabaya,Bluebird,Debit/Credit,82527.0,10.72,55.2,4.5,174,1,Completed,CUST0025,DRV0285,VH1339
TRIP00459,2025-01-16,17,Jakarta,Bluebird,QRIS,34355.0,7.56,51.0,4.3,609,1,Completed,CUST0261,DRV1107,VH1082
TRIP00460,2025-03-31,6,Jakarta,Bluebird,E-Wallet,,,,,611,3,Cancelled,CUST0560,DRV0650,VH0376
TRIP00461,2025-03-31,18,Jakarta,Golden Bird,E-Wallet,87099.0,8.0,38.8,4.2,640,2,Completed,CUST0398,DRV0749,VH1480
TRIP00462,2025-02-17,10,Surabaya,Bluebird,E-Wallet,45749.0,5.09,14.7,4.5,241,2,Completed,CUST0564,DRV0449,VH0407
TRIP00463,2025-03-26,0,Jakarta,Bluebird,QRIS,54128.0,15.03,47.1,4.4,710,2,Completed,CUST0330,DRV0321,VH1409
TRIP00464,2025-02-08,15,Bandung,Bluebird,E-Wallet,15545.0,1.53,21.8,4.8,329,1,Completed,CUST0149,DRV1169,VH0056
TRIP00465,2025-02-02,5,Medan,Bluebird,QRIS,46549.0,5.28,18.0,4.2,249,1,Completed,CUST0409,DRV0278,VH1483
TRIP00466,2025-01-23,9,Medan,Bluebird,Cash,,,,,156,1,Cancelled,CUST0611,DRV0612,VH0475
TRIP00467,2025-01-10,18,Bandung,Bluebird,Cash,78474.0,14.52,60.9,4.4,242,1,Completed,CUST0579,DRV1038,VH0017
TRIP00468,2025-03-10,6,Bandung,Golden Bird,QRIS,99291.0,12.42,68.4,3.9,238,2,Completed,CUST0722,DRV0414,VH0433
TRIP00469,2025-02-03,19,Jakarta,Bluebird,E-Wallet,,,,,591,2,Cancelled,CUST0760,DRV0494,VH0237
TRIP00470,2025-02-21,0,Surabaya,Bluebird Van,Cash,71116.0,7.01,19.7,4.6,255,1,Completed,CUST0119,DRV0047,VH0307
TRIP00471,2025-01-10,9,Medan,Bluebird Van,Cash,97980.0,14.78,65.7,4.0,166,1,Completed,CUST0434,DRV0656,VH0433
TRIP00472,2025-01-19,18,Jakarta,Bluebird,E-Wallet,41842.0,9.61,42.7,4.6,621,1,Completed,CUST0228,DRV0769,VH0024
TRIP00473,2025-02-27,10,Bandung,Bluebird,Cash,49667.0,9.93,43.9,4.9,347,1,Completed,CUST0615,DRV0432,VH1324
TRIP00474,2025-01-01,7,Medan,Bluebird Van,E-Wallet,57567.0,8.04,39.8,4.6,112,1,Completed,CUST0240,DRV0956,VH1262
TRIP00475,2025-03-10,12,Medan,Bluebird Van,QRIS,,,,,219,1,Cancelled,CUST0232,DRV0377,VH1014
TRIP00476,2025-01-04,9,Jakarta,Bluebird,Cash,33286.0,7.74,36.9,5.0,608,1,Completed,CUST0290,DRV1108,VH0681
TRIP00477,2025-01-16,19,Bandung,Bluebird,E-Wallet,30249.0,6.37,28.8,4.4,219,1,Completed,CUST0154,DRV1048,VH0952
TRIP00478,2025-01-24,10,Jakarta,Bluebird,Cash,36890.0,10.33,37.2,4.8,694,1,Completed,CUST0682,DRV0909,VH1312
TRIP00479,2025-03-21,19,Jakarta,Bluebird Van,Debit/Credit,73248.0,9.6,60.7,3.9,635,1,Completed,CUST0159,DRV0325,VH0415
TRIP00480,2025-01-02,20,Semarang,Bluebird,Cash,34437.0,6.71,28.4,4.8,168,1,Completed,CUST0625,DRV0316,VH0753
TRIP00481,2025-02-01,14,Medan,Bluebird,Cash,65392.0,12.03,34.2,4.6,247,1,Completed,CUST0563,DRV0221,VH1424
TRIP00482,2025-03-25,21,Surabaya,Golden Bird,Cash,36168.0,1.0,5.0,5.0,289,1,Completed,CUST0476,DRV0214,VH0416
TRIP00483,2025-01-24,12,Jakarta,Bluebird,Cash,54328.0,10.03,40.8,4.8,712,4,Completed,CUST0548,DRV0845,VH0876
TRIP00484,2025-01-12,22,Medan,Bluebird,Cash,49365.0,9.65,51.5,4.5,210,1,Completed,CUST0013,DRV1109,VH0810
TRIP00485,2025-02-19,7,Bandung,Bluebird,Debit/Credit,55831.0,10.44,57.0,4.4,215,1,Completed,CUST0507,DRV0385,VH0890
TRIP00486,2025-02-04,18,Jakarta,Golden Bird,QRIS,74441.0,8.31,34.8,4.7,640,3,Completed,CUST0218,DRV1028,VH1275
TRIP00487,2025-02-02,15,Bandung,Bluebird,QRIS,54228.0,7.62,47.4,4.4,303,1,Completed,CUST0755,DRV1138,VH0677
TRIP00488,2025-02-02,12,Jakarta,Bluebird,QRIS,61386.0,11.46,45.6,4.4,727,1,Completed,CUST0735,DRV0877,VH0400
TRIP00489,2025-03-02,17,Surabaya,Bluebird,E-Wallet,57177.0,12.47,66.6,4.6,157,1,Completed,CUST0720,DRV0653,VH0853
TRIP00490,2025-02-20,18,Bandung,Bluebird,E-Wallet,45708.0,6.1,24.3,5.0,211,3,Completed,CUST0781,DRV1191,VH0141
TRIP00491,2025-02-12,0,Jakarta,Bluebird,Debit/Credit,61295.0,9.3,20.4,4.7,723,2,Completed,CUST0222,DRV0287,VH0378
TRIP00492,2025-01-12,8,Jakarta,Bluebird,E-Wallet,53839.0,13.54,52.3,4.4,607,1,Completed,CUST0288,DRV0384,VH1144
TRIP00493,2025-03-08,18,Jakarta,Bluebird,QRIS,33487.0,2.13,5.0,4.7,646,3,Completed,CUST0524,DRV1018,VH1362
TRIP00494,2025-03-06,17,Jakarta,Silver Bird,QRIS,56788.0,6.43,48.5,4.0,611,1,Completed,CUST0487,DRV0847,VH0450
TRIP00495,2025-02-02,22,Bandung,Silver Bird,Debit/Credit,86962.0,11.4,47.1,4.4,346,2,Completed,CUST0699,DRV0517,VH0888
TRIP00496,2025-02-09,18,Medan,Bluebird,Debit/Credit,65420.0,10.78,44.6,4.9,139,1,Completed,CUST0681,DRV0127,VH1185
TRIP00497,2025-03-15,22,Jakarta,Bluebird,QRIS,46631.0,10.07,43.4,4.3,705,2,Completed,CUST0324,DRV1110,VH1129
TRIP00498,2025-02-12,18,Jakarta,Bluebird,QRIS,49287.0,7.15,37.9,5.0,617,1,Completed,CUST0618,DRV1069,VH0850
TRIP00499,2025-02-13,10,Bandung,Golden Bird,E-Wallet,41945.0,4.35,21.7,5.0,324,1,Completed,CUST0176,DRV0623,VH0092
TRIP00500,2025-01-29,7,Medan,Bluebird,E-Wallet,18889.0,5.73,39.4,4.6,111,1,Completed,CUST0041,DRV0290,VH0485
TRIP00501,2025-01-13,19,Jakarta,Bluebird,QRIS,55524.0,13.14,58.5,4.4,645,3,Completed,CUST0325,DRV0697,VH1443
TRIP00502,2025-01-12,17,Jakarta,Bluebird,Debit/Credit,43093.0,6.61,28.3,4.4,625,4,Completed,CUST0761,DRV0157,VH0421
TRIP00503,2025-02-15,5,Bandung,Bluebird,Cash,30935.0,7.3,35.0,4.5,307,1,Completed,CUST0267,DRV0406,VH0716
TRIP00504,2025-01-02,12,Jakarta,Bluebird,Cash,51933.0,6.24,30.6,5.0,712,2,Completed,CUST0734,DRV1146,VH0552
TRIP00505,2025-02-04,22,Jakarta,Bluebird,QRIS,68322.0,11.03,44.8,4.3,678,2,Completed,CUST0393,DRV0877,VH0904
TRIP00506,2025-03-28,15,Surabaya,Bluebird,QRIS,49768.0,6.38,40.8,4.8,257,3,Completed,CUST0113,DRV1047,VH1078
TRIP00507,2025-03-22,14,Surabaya,Bluebird,Cash,43401.0,7.71,27.8,4.3,237,1,Completed,CUST0284,DRV0197,VH0601
TRIP00508,2025-03-31,14,Bandung,Bluebird,E-Wallet,19964.0,1.95,5.0,4.4,342,1,Completed,CUST0790,DRV0479,VH1121
TRIP00509,2025-01-08,8,Surabaya,Bluebird,QRIS,10651.0,3.16,23.6,5.0,157,2,Completed,CUST0203,DRV0285,VH0185
TRIP00510,2025-01-26,12,Surabaya,Bluebird,Debit/Credit,53444.0,8.02,27.4,4.7,234,1,Completed,CUST0774,DRV0308,VH1457
TRIP00511,2025-03-15,12,Jakarta,Bluebird,Cash,32234.0,4.52,21.5,4.6,682,2,Completed,CUST0794,DRV0345,VH1495
TRIP00512,2025-03-31,6,Jakarta,Bluebird,Cash,78399.0,14.82,61.4,4.6,596,3,Completed,CUST0144,DRV1021,VH0965
TRIP00513,2025-02-03,18,Jakarta,Bluebird,E-Wallet,35859.0,2.32,14.5,5.0,610,2,Completed,CUST0243,DRV0991,VH1149
TRIP00514,2025-01-07,13,Jakarta,Bluebird,Debit/Credit,29170.0,6.1,37.6,4.8,698,1,Completed,CUST0782,DRV0398,VH1358
TRIP00515,2025-03-09,19,Surabaya,Bluebird,E-Wallet,42354.0,8.05,37.4,4.4,186,1,Completed,CUST0035,DRV0785,VH1288
TRIP00516,2025-02-27,20,Medan,Bluebird,E-Wallet,39787.0,6.4,20.0,4.6,234,2,Completed,CUST0053,DRV0796,VH0852
TRIP00517,2025-03-16,8,Semarang,Bluebird,QRIS,14653.0,3.49,30.2,4.7,121,1,Completed,CUST0503,DRV1139,VH0191
TRIP00518,2025-01-29,17,Surabaya,Golden Bird,QRIS,,,,,210,1,Cancelled,CUST0356,DRV0636,VH1245
TRIP00519,2025-02-05,15,Jakarta,Bluebird,E-Wallet,37708.0,5.53,17.3,4.6,717,1,Completed,CUST0150,DRV0450,VH0199
TRIP00520,2025-03-30,20,Jakarta,Bluebird,E-Wallet,38598.0,7.64,34.6,4.6,683,3,Completed,CUST0437,DRV0772,VH0344
TRIP00521,2025-01-21,8,Medan,Bluebird,Debit/Credit,79538.0,13.36,68.0,4.3,146,3,Completed,CUST0450,DRV0681,VH0174
TRIP00522,2025-02-05,17,Bandung,Bluebird,E-Wallet,24980.0,7.23,45.5,4.8,264,2,Completed,CUST0525,DRV0548,VH0217
TRIP00523,2025-01-10,17,Bandung,Bluebird,E-Wallet,65593.0,10.55,45.0,4.6,260,4,Completed,CUST0267,DRV0229,VH1230
TRIP00524,2025-03-14,10,Medan,Bluebird,QRIS,54398.0,9.02,40.3,4.1,193,1,Completed,CUST0609,DRV0244,VH1397
TRIP00525,2025-01-24,7,Surabaya,Bluebird,Debit/Credit,52074.0,11.34,50.1,4.3,205,1,Completed,CUST0086,DRV0065,VH0174
TRIP00526,2025-03-05,17,Medan,Bluebird,E-Wallet,10000.0,1.0,7.8,4.5,131,1,Completed,CUST0309,DRV0946,VH0078
TRIP00527,2025-02-18,18,Jakarta,Bluebird,Debit/Credit,20834.0,7.59,46.8,4.6,645,1,Completed,CUST0265,DRV1027,VH1347
TRIP00528,2025-02-05,10,Surabaya,Silver Bird,Cash,79419.0,11.92,43.8,4.7,240,1,Completed,CUST0492,DRV1061,VH0576
TRIP00529,2025-03-23,17,Medan,Bluebird Van,QRIS,52789.0,5.78,33.1,4.6,143,1,Completed,CUST0583,DRV1002,VH1408
TRIP00530,2025-01-24,13,Jakarta,Bluebird,Cash,67736.0,13.79,56.2,4.3,714,1,Completed,CUST0017,DRV0003,VH0841
TRIP00531,2025-01-23,18,Surabaya,Bluebird,Cash,74165.0,12.45,50.3,4.4,165,1,Completed,CUST0189,DRV0955,VH0437
TRIP00532,2025-03-03,8,Jakarta,Bluebird,E-Wallet,33288.0,7.09,43.1,4.5,598,3,Completed,CUST0522,DRV0143,VH0199
TRIP00533,2025-02-06,20,Semarang,Bluebird,Cash,,,,,165,1,Cancelled,CUST0166,DRV1080,VH0602
TRIP00534,2025-01-12,10,Jakarta,Bluebird,Cash,25303.0,5.46,7.9,4.4,708,2,Completed,CUST0551,DRV0061,VH1031
TRIP00535,2025-02-24,12,Bandung,Bluebird,QRIS,21317.0,5.11,22.4,4.2,305,1,Completed,CUST0345,DRV0068,VH1287
TRIP00536,2025-01-13,6,Jakarta,Bluebird,Debit/Credit,28569.0,4.8,21.8,5.0,620,2,Completed,CUST0219,DRV0079,VH1004
TRIP00537,2025-01-23,7,Surabaya,Bluebird,QRIS,42297.0,9.29,52.8,4.5,180,3,Completed,CUST0094,DRV0367,VH0634
TRIP00538,2025-03-30,15,Jakarta,Bluebird,Cash,11331.0,4.13,6.4,4.8,682,1,Completed,CUST0158,DRV0958,VH0628
TRIP00539,2025-01-30,9,Jakarta,Bluebird,Cash,51510.0,10.31,46.7,4.8,594,3,Completed,CUST0034,DRV0526,VH0525
TRIP00540,2025-01-17,19,Bandung,Silver Bird,Cash,69481.0,8.88,46.1,4.1,268,2,Completed,CUST0416,DRV0390,VH0963
TRIP00541,2025-03-03,2,Semarang,Bluebird,QRIS,29510.0,1.82,7.7,4.3,196,1,Completed,CUST0506,DRV0521,VH1044
TRIP00542,2025-03-25,12,Jakarta,Bluebird,Cash,74913.0,13.15,57.9,4.4,708,2,Completed,CUST0490,DRV0253,VH0254
TRIP00543,2025-03-30,11,Jakarta,Bluebird,E-Wallet,64371.0,10.04,29.5,4.7,687,1,Completed,CUST0524,DRV1119,VH0598
TRIP00544,2025-03-27,3,Surabaya,Bluebird,QRIS,60279.0,10.25,52.6,3.9,288,1,Completed,CUST0233,DRV0003,VH1204
TRIP00545,2025-01-13,7,Bandung,Bluebird,Cash,32622.0,4.72,30.6,4.7,229,2,Completed,CUST0599,DRV0696,VH1377
TRIP00546,2025-02-28,13,Semarang,Bluebird,Debit/Credit,,,,,204,1,Cancelled,CUST0605,DRV0046,VH0573
TRIP00547,2025-01-19,15,Jakarta,Bluebird,QRIS,61583.0,11.88,53.6,4.2,671,2,Completed,CUST0107,DRV0653,VH0893
TRIP00548,2025-02-18,13,Surabaya,Bluebird,Debit/Credit,,,,,269,1,Cancelled,CUST0193,DRV0525,VH0215
TRIP00549,2025-01-12,16,Jakarta,Bluebird,Cash,85967.0,14.51,57.1,3.7,619,1,Completed,CUST0468,DRV0418,VH1382
TRIP00550,2025-03-02,17,Jakarta,Bluebird,Debit/Credit,52972.0,8.63,38.6,4.4,599,2,Completed,CUST0522,DRV1002,VH0884
TRIP00551,2025-01-19,1,Surabaya,Bluebird,Debit/Credit,70510.0,11.42,56.8,4.1,271,1,Completed,CUST0637,DRV1067,VH0602
TRIP00552,2025-03-17,14,Bandung,Bluebird,E-Wallet,32564.0,7.88,41.2,4.6,300,1,Completed,CUST0787,DRV0896,VH0568
TRIP00553,2025-01-09,22,Surabaya,Bluebird,Cash,47704.0,9.76,34.7,4.5,282,2,Completed,CUST0279,DRV0696,VH1244
TRIP00554,2025-03-12,15,Jakarta,Bluebird,QRIS,28301.0,3.49,5.0,4.9,698,1,Completed,CUST0128,DRV0559,VH0606
TRIP00555,2025-01-28,17,Bandung,Bluebird Van,QRIS,,,,,262,1,Cancelled,CUST0341,DRV0931,VH0552
TRIP00556,2025-03-19,10,Jakarta,Bluebird,E-Wallet,34638.0,6.3,23.2,4.5,709,2,Completed,CUST0697,DRV0595,VH0337
TRIP00557,2025-02-21,18,Semarang,Bluebird,E-Wallet,26494.0,4.26,23.3,4.8,85,3,Completed,CUST0059,DRV1121,VH0319
TRIP00558,2025-03-24,18,Jakarta,Bluebird,Cash,74910.0,13.73,66.6,4.1,637,1,Completed,CUST0182,DRV0867,VH0466
TRIP00559,2025-01-16,16,Jakarta,Bluebird Van,Cash,42239.0,7.86,45.6,4.7,650,2,Completed,CUST0586,DRV1172,VH0729
TRIP00560,2025-03-10,22,Jakarta,Golden Bird,QRIS,69876.0,5.49,28.9,4.2,730,1,Completed,CUST0514,DRV0384,VH0900
TRIP00561,2025-01-12,7,Bandung,Bluebird,Cash,25665.0,5.92,34.8,4.8,237,2,Completed,CUST0243,DRV1096,VH1178
TRIP00562,2025-01-25,2,Jakarta,Bluebird,QRIS,10000.0,4.6,5.8,4.5,686,2,Completed,CUST0228,DRV0217,VH0351
TRIP00563,2025-02-21,18,Semarang,Bluebird,Cash,56831.0,11.1,50.0,4.2,107,3,Completed,CUST0560,DRV0833,VH1086
TRIP00564,2025-03-26,19,Jakarta,Bluebird,Debit/Credit,53548.0,6.41,49.8,4.7,639,2,Completed,CUST0518,DRV0806,VH1484
TRIP00565,2025-02-22,7,Medan,Silver Bird,E-Wallet,75591.0,9.09,47.0,4.7,158,1,Completed,CUST0555,DRV1057,VH0950
TRIP00566,2025-01-23,9,Jakarta,Bluebird,E-Wallet,70562.0,12.57,60.9,4.5,633,1,Completed,CUST0145,DRV0781,VH1264
TRIP00567,2025-01-16,2,Surabaya,Bluebird,QRIS,37364.0,6.5,28.5,5.0,244,1,Completed,CUST0127,DRV0216,VH0190
TRIP00568,2025-02-26,10,Semarang,Silver Bird,Debit/Credit,,,,,180,1,Cancelled,CUST0335,DRV0101,VH1170
TRIP00569,2025-02-08,18,Jakarta,Silver Bird,E-Wallet,31332.0,5.41,13.0,4.5,650,2,Completed,CUST0758,DRV0470,VH1316
TRIP00570,2025-02-22,15,Semarang,Bluebird,Cash,47208.0,14.14,54.9,4.4,156,2,Completed,CUST0408,DRV0180,VH1084
TRIP00571,2025-02-11,11,Bandung,Bluebird,Debit/Credit,,,,,349,1,Cancelled,CUST0121,DRV0639,VH1497
TRIP00572,2025-02-27,12,Semarang,Bluebird,QRIS,48871.0,6.22,33.9,5.0,195,1,Completed,CUST0744,DRV0377,VH0687
TRIP00573,2025-02-08,0,Surabaya,Golden Bird,Cash,58591.0,5.68,23.1,5.0,259,1,Completed,CUST0701,DRV0681,VH0073
TRIP00574,2025-01-14,10,Jakarta,Golden Bird,QRIS,78981.0,8.16,21.1,4.7,705,2,Completed,CUST0285,DRV0817,VH1263
TRIP00575,2025-01-05,17,Jakarta,Bluebird,Cash,57001.0,7.48,40.9,4.7,638,1,Completed,CUST0242,DRV1159,VH0416
TRIP00576,2025-02-04,22,Jakarta,Bluebird,Debit/Credit,74036.0,14.36,51.8,4.1,695,2,Completed,CUST0078,DRV1179,VH0179
TRIP00577,2025-03-28,19,Jakarta,Golden Bird,Cash,47821.0,4.82,18.8,4.8,600,2,Completed,CUST0570,DRV0280,VH1091
TRIP00578,2025-03-16,4,Jakarta,Bluebird,QRIS,39085.0,8.9,29.8,4.4,728,1,Completed,CUST0450,DRV0849,VH0077
TRIP00579,2025-01-18,20,Jakarta,Bluebird,Cash,65514.0,8.44,37.6,4.1,675,1,Completed,CUST0470,DRV0753,VH0248
TRIP00580,2025-03-17,19,Bandung,Silver Bird,E-Wallet,59778.0,6.65,43.4,4.7,251,2,Completed,CUST0181,DRV1122,VH0707
TRIP00581,2025-01-09,19,Medan,Bluebird,QRIS,30395.0,7.17,40.1,4.7,138,1,Completed,CUST0582,DRV0250,VH0988
TRIP00582,2025-03-15,14,Jakarta,Bluebird,Debit/Credit,32333.0,8.15,37.0,4.7,697,1,Completed,CUST0265,DRV0914,VH0068
TRIP00583,2025-02-27,13,Jakarta,Golden Bird,Debit/Credit,106277.0,11.12,47.8,4.4,684,1,Completed,CUST0716,DRV1129,VH0850
TRIP00584,2025-01-17,10,Surabaya,Silver Bird,QRIS,63966.0,9.83,40.0,4.2,258,1,Completed,CUST0682,DRV0773,VH1123
TRIP00585,2025-01-07,6,Jakarta,Bluebird,Cash,69506.0,9.76,51.9,4.1,595,3,Completed,CUST0295,DRV0641,VH0588
TRIP00586,2025-02-15,9,Jakarta,Bluebird,Debit/Credit,10000.0,1.0,5.0,4.5,637,2,Completed,CUST0247,DRV0327,VH0843
TRIP00587,2025-01-13,9,Jakarta,Bluebird,Cash,63646.0,9.4,46.4,4.4,601,1,Completed,CUST0424,DRV0890,VH0781
TRIP00588,2025-02-09,15,Semarang,Bluebird,Cash,21738.0,1.83,5.0,5.0,200,1,Completed,CUST0059,DRV0771,VH0882
TRIP00589,2025-02-11,18,Medan,Bluebird,Debit/Credit,50778.0,9.44,53.9,4.6,125,1,Completed,CUST0458,DRV0377,VH0722
TRIP00590,2025-01-09,15,Jakarta,Silver Bird,Cash,91852.0,12.92,50.6,4.0,715,3,Completed,CUST0011,DRV1039,VH0324
TRIP00591,2025-02-19,6,Surabaya,Bluebird,QRIS,50353.0,5.22,29.1,4.5,187,2,Completed,CUST0347,DRV0696,VH1147
TRIP00592,2025-01-27,22,Bandung,Bluebird,QRIS,42774.0,6.21,14.3,4.5,347,2,Completed,CUST0005,DRV0481,VH1057
TRIP00593,2025-03-07,21,Surabaya,Bluebird,QRIS,26628.0,6.2,31.9,4.0,238,1,Completed,CUST0717,DRV1040,VH0655
TRIP00594,2025-01-05,19,Surabaya,Bluebird Van,Debit/Credit,57002.0,11.71,59.2,4.4,171,1,Completed,CUST0370,DRV0575,VH0145
TRIP00595,2025-01-29,23,Surabaya,Bluebird,Debit/Credit,46420.0,8.29,37.1,4.5,262,1,Completed,CUST0458,DRV0485,VH0774
TRIP00596,2025-02-06,16,Jakarta,Bluebird,Debit/Credit,67813.0,13.68,57.0,4.3,615,3,Completed,CUST0245,DRV0940,VH0310
TRIP00597,2025-02-07,22,Jakarta,Bluebird,Debit/Credit,35683.0,9.74,33.5,4.9,723,2,Completed,CUST0249,DRV0257,VH0144
TRIP00598,2025-03-24,6,Bandung,Bluebird,QRIS,41685.0,7.73,40.5,4.5,249,1,Completed,CUST0435,DRV0027,VH0942
TRIP00599,2025-01-08,12,Medan,Bluebird,QRIS,36371.0,7.7,25.9,4.6,196,1,Completed,CUST0420,DRV1049,VH0664
TRIP00600,2025-03-06,9,Bandung,Bluebird,QRIS,,,,,255,1,Cancelled,CUST0105,DRV1086,VH0893
TRIP00601,2025-03-27,8,Medan,Bluebird,QRIS,26106.0,2.29,5.0,5.0,141,3,Completed,CUST0242,DRV0233,VH0517
TRIP00602,2025-01-17,7,Semarang,Bluebird,E-Wallet,54284.0,7.06,32.8,4.7,109,1,Completed,CUST0272,DRV0349,VH0195
TRIP00603,2025-03-12,17,Jakarta,Bluebird,E-Wallet,53736.0,8.29,53.7,4.5,632,2,Completed,CUST0519,DRV0414,VH1499
TRIP00604,2025-03-30,19,Surabaya,Bluebird,Cash,45560.0,10.18,51.8,4.3,209,1,Completed,CUST0736,DRV0406,VH0818
TRIP00605,2025-02-14,16,Surabaya,Bluebird,Cash,44681.0,7.44,38.9,4.5,173,1,Completed,CUST0729,DRV1194,VH1193
TRIP00606,2025-01-04,7,Semarang,Bluebird,Cash,25455.0,3.68,36.6,4.6,110,1,Completed,CUST0044,DRV0959,VH0729
TRIP00607,2025-02-05,19,Semarang,Bluebird,Cash,25005.0,6.82,18.9,4.5,120,1,Completed,CUST0026,DRV0516,VH1207
TRIP00608,2025-03-11,17,Surabaya,Bluebird,Cash,33407.0,4.75,21.3,4.6,188,1,Completed,CUST0181,DRV1010,VH1137
TRIP00609,2025-01-31,12,Jakarta,Bluebird,QRIS,39263.0,2.72,8.1,5.0,707,1,Completed,CUST0604,DRV0287,VH1300
TRIP00610,2025-01-19,17,Medan,Bluebird,E-Wallet,,,,,159,1,Cancelled,CUST0428,DRV0307,VH0476
TRIP00611,2025-03-02,9,Jakarta,Bluebird,Debit/Credit,37090.0,10.24,55.1,4.7,626,1,Completed,CUST0268,DRV0562,VH1202
TRIP00612,2025-02-23,11,Medan,Bluebird,Cash,47573.0,8.9,29.5,4.3,208,1,Completed,CUST0580,DRV0782,VH1315
TRIP00613,2025-02-08,21,Semarang,Bluebird Van,QRIS,56679.0,10.71,49.8,4.0,192,1,Completed,CUST0151,DRV1032,VH0434
TRIP00614,2025-03-15,10,Jakarta,Golden Bird,QRIS,69604.0,6.5,23.2,4.4,674,1,Completed,CUST0616,DRV0357,VH1487
TRIP00615,2025-03-31,14,Surabaya,Bluebird,E-Wallet,30202.0,3.71,23.3,4.7,259,1,Completed,CUST0600,DRV0581,VH0417
TRIP00616,2025-01-19,20,Bandung,Bluebird,E-Wallet,36488.0,6.79,19.9,4.0,348,1,Completed,CUST0095,DRV0139,VH0711
TRIP00617,2025-02-08,18,Bandung,Bluebird,E-Wallet,31316.0,5.96,31.0,4.5,234,1,Completed,CUST0382,DRV0423,VH0138
TRIP00618,2025-03-08,6,Jakarta,Bluebird,QRIS,32549.0,5.97,28.4,5.0,619,1,Completed,CUST0798,DRV0397,VH0809
TRIP00619,2025-02-14,7,Surabaya,Bluebird,Debit/Credit,42451.0,7.76,46.4,4.7,205,1,Completed,CUST0515,DRV0832,VH1192
TRIP00620,2025-01-13,0,Semarang,Bluebird,Cash,22649.0,4.97,16.2,4.6,174,1,Completed,CUST0720,DRV0305,VH0134
TRIP00621,2025-02-27,17,Semarang,Bluebird,Debit/Credit,10000.0,1.29,12.9,4.6,78,1,Completed,CUST0614,DRV1043,VH1185
TRIP00622,2025-01-20,14,Jakarta,Golden Bird,Cash,77179.0,7.18,32.3,4.8,696,1,Completed,CUST0689,DRV0226,VH0784
TRIP00623,2025-03-13,7,Medan,Bluebird,QRIS,22733.0,4.09,28.2,4.9,133,1,Completed,CUST0428,DRV0851,VH0792
TRIP00624,2025-03-02,22,Surabaya,Silver Bird,Debit/Credit,68903.0,8.69,41.0,4.4,269,1,Completed,CUST0425,DRV0495,VH0734
TRIP00625,2025-02-08,16,Jakarta,Silver Bird,Cash,56617.0,6.53,35.6,4.5,632,1,Completed,CUST0199,DRV0627,VH0377
TRIP00626,2025-01-01,9,Jakarta,Bluebird,Cash,63089.0,11.83,52.4,4.2,648,2,Completed,CUST0008,DRV1102,VH1354
TRIP00627,2025-01-03,15,Jakarta,Bluebird,Cash,54495.0,13.31,50.8,4.1,723,4,Completed,CUST0757,DRV0327,VH0395
TRIP00628,2025-03-18,17,Semarang,Bluebird,Cash,30254.0,8.84,43.5,4.4,107,1,Completed,CUST0327,DRV0505,VH1196
TRIP00629,2025-03-03,6,Surabaya,Bluebird,Cash,17518.0,3.35,23.1,4.6,164,1,Completed,CUST0690,DRV0607,VH0470
TRIP00630,2025-03-04,9,Surabaya,Bluebird,Cash,66793.0,12.52,57.0,4.0,187,1,Completed,CUST0594,DRV0607,VH0771
TRIP00631,2025-01-25,19,Jakarta,Bluebird,Cash,58610.0,13.23,61.1,4.4,615,5,Completed,CUST0624,DRV1004,VH1446
TRIP00632,2025-02-25,14,Surabaya,Bluebird,Cash,40109.0,8.06,21.6,4.8,283,1,Completed,CUST0021,DRV0509,VH1280
TRIP00633,2025-02-02,16,Jakarta,Bluebird Van,E-Wallet,99549.0,12.47,62.6,4.4,650,2,Completed,CUST0546,DRV0657,VH1144
TRIP00634,2025-02-07,14,Jakarta,Bluebird,QRIS,19958.0,6.84,28.6,4.5,699,2,Completed,CUST0255,DRV0531,VH0019
TRIP00635,2025-01-06,5,Surabaya,Bluebird Van,Cash,,,,,240,1,Cancelled,CUST0433,DRV1162,VH0808
TRIP00636,2025-02-27,8,Jakarta,Bluebird,QRIS,54712.0,6.22,32.9,4.7,618,2,Completed,CUST0505,DRV0037,VH0247
TRIP00637,2025-02-13,14,Medan,Silver Bird,E-Wallet,91726.0,12.69,38.6,4.4,204,1,Completed,CUST0027,DRV0314,VH1229
TRIP00638,2025-02-14,8,Jakarta,Bluebird,Debit/Credit,19269.0,4.03,21.6,4.5,633,2,Completed,CUST0520,DRV0220,VH1444
TRIP00639,2025-02-01,5,Surabaya,Bluebird,QRIS,,,,,238,1,Cancelled,CUST0530,DRV0640,VH1091
TRIP00640,2025-02-14,19,Jakarta,Golden Bird,Debit/Credit,76419.0,8.6,47.6,4.4,631,3,Completed,CUST0500,DRV1167,VH0342
TRIP00641,2025-03-02,23,Bandung,Bluebird,Debit/Credit,,,,,318,1,Cancelled,CUST0233,DRV0404,VH0345
TRIP00642,2025-02-16,19,Jakarta,Bluebird,Debit/Credit,41755.0,7.17,37.0,4.4,604,2,Completed,CUST0396,DRV0479,VH0924
TRIP00643,2025-01-21,20,Jakarta,Bluebird,Debit/Credit,,,,,686,1,Cancelled,CUST0307,DRV0722,VH0387
TRIP00644,2025-03-21,9,Semarang,Bluebird,E-Wallet,20798.0,5.11,23.8,4.9,85,1,Completed,CUST0510,DRV0937,VH0342
TRIP00645,2025-03-26,22,Jakarta,Bluebird,E-Wallet,26053.0,4.23,17.4,4.7,727,1,Completed,CUST0703,DRV0824,VH0108
TRIP00646,2025-03-16,8,Medan,Silver Bird,Debit/Credit,53755.0,8.15,36.2,4.0,131,1,Completed,CUST0424,DRV0220,VH0677
TRIP00647,2025-02-05,22,Semarang,Bluebird,QRIS,52193.0,10.02,35.0,4.7,189,1,Completed,CUST0150,DRV0367,VH0633
TRIP00648,2025-01-19,23,Jakarta,Bluebird,Debit/Credit,60317.0,11.11,41.6,5.0,718,1,Completed,CUST0392,DRV0984,VH0998
TRIP00649,2025-01-20,18,Jakarta,Golden Bird,E-Wallet,66447.0,6.07,27.3,4.0,632,2,Completed,CUST0490,DRV0684,VH1426
TRIP00650,2025-02-26,23,Surabaya,Bluebird,Cash,38554.0,4.25,21.8,4.4,240,1,Completed,CUST0668,DRV0969,VH0596
TRIP00651,2025-01-18,16,Semarang,Bluebird,E-Wallet,,,,,107,1,Cancelled,CUST0047,DRV1056,VH1326
TRIP00652,2025-02-16,9,Semarang,Bluebird,Cash,63444.0,11.5,47.7,4.4,94,1,Completed,CUST0312,DRV1019,VH1131
TRIP00653,2025-02-18,14,Bandung,Bluebird,QRIS,52367.0,8.94,48.1,4.7,343,1,Completed,CUST0139,DRV1078,VH0585
TRIP00654,2025-01-14,16,Medan,Bluebird,E-Wallet,53601.0,9.61,53.2,4.4,139,2,Completed,CUST0405,DRV0423,VH0477
TRIP00655,2025-01-15,6,Jakarta,Bluebird,Cash,52236.0,11.17,39.6,4.9,591,3,Completed,CUST0654,DRV1004,VH0337
TRIP00656,2025-01-31,17,Semarang,Bluebird,QRIS,33377.0,8.06,34.9,4.8,70,1,Completed,CUST0014,DRV0234,VH1484
TRIP00657,2025-01-01,23,Semarang,Bluebird,Cash,44808.0,7.16,30.3,5.0,201,1,Completed,CUST0771,DRV0829,VH0313
TRIP00658,2025-02-23,8,Jakarta,Bluebird,QRIS,37038.0,10.49,52.2,4.7,627,2,Completed,CUST0748,DRV0743,VH1178
TRIP00659,2025-01-03,19,Jakarta,Silver Bird,Cash,53144.0,6.86,25.0,4.6,647,1,Completed,CUST0519,DRV1134,VH0609
TRIP00660,2025-01-16,21,Jakarta,Bluebird,QRIS,,,,,727,3,Cancelled,CUST0551,DRV0987,VH1373
TRIP00661,2025-03-28,21,Jakarta,Bluebird,QRIS,41517.0,10.67,48.5,4.2,726,2,Completed,CUST0185,DRV0879,VH0790
TRIP00662,2025-02-26,22,Medan,Bluebird Van,E-Wallet,62732.0,11.21,48.2,4.4,226,2,Completed,CUST0115,DRV1124,VH0594
TRIP00663,2025-03-16,16,Jakarta,Bluebird,E-Wallet,42112.0,5.15,38.1,4.6,644,5,Completed,CUST0110,DRV0733,VH0300
TRIP00664,2025-01-12,23,Jakarta,Golden Bird,Cash,99563.0,10.97,47.0,4.4,723,1,Completed,CUST0577,DRV1174,VH0692
TRIP00665,2025-03-15,18,Jakarta,Bluebird,Debit/Credit,61683.0,13.54,65.3,4.6,643,3,Completed,CUST0743,DRV0675,VH0728
TRIP00666,2025-01-16,8,Semarang,Silver Bird,Cash,62679.0,6.79,46.1,4.4,78,1,Completed,CUST0281,DRV0655,VH0236
TRIP00667,2025-03-13,15,Surabaya,Bluebird,Cash,41741.0,5.55,29.9,4.4,234,1,Completed,CUST0543,DRV0258,VH0965
TRIP00668,2025-03-17,18,Jakarta,Bluebird,Cash,45534.0,8.87,37.6,4.3,639,1,Completed,CUST0086,DRV1002,VH0897
TRIP00669,2025-01-24,9,Jakarta,Bluebird,E-Wallet,24611.0,6.85,39.8,4.7,613,2,Completed,CUST0138,DRV1174,VH0211
TRIP00670,2025-01-28,17,Semarang,Bluebird,E-Wallet,28206.0,4.95,23.2,4.3,96,1,Completed,CUST0466,DRV0624,VH0286
TRIP00671,2025-01-08,17,Medan,Golden Bird,Cash,76307.0,8.8,46.7,4.4,139,1,Completed,CUST0077,DRV0099,VH0423
TRIP00672,2025-02-05,8,Jakarta,Bluebird,Cash,12542.0,3.69,26.1,5.0,640,1,Completed,CUST0137,DRV1127,VH0494
TRIP00673,2025-03-31,16,Jakarta,Bluebird,Cash,30601.0,4.17,15.0,4.8,604,1,Completed,CUST0634,DRV0012,VH1018
TRIP00674,2025-01-08,18,Jakarta,Bluebird,QRIS,48606.0,8.56,41.4,4.5,636,3,Completed,CUST0776,DRV0813,VH1443
TRIP00675,2025-02-27,15,Jakarta,Bluebird,Debit/Credit,49699.0,8.43,35.6,4.6,678,1,Completed,CUST0097,DRV1172,VH0837
TRIP00676,2025-03-01,1,Bandung,Bluebird,Cash,46318.0,8.03,29.1,4.4,335,1,Completed,CUST0531,DRV0179,VH0767
TRIP00677,2025-02-19,0,Semarang,Bluebird,Debit/Credit,69747.0,12.43,51.9,4.2,186,1,Completed,CUST0798,DRV1031,VH0345
TRIP00678,2025-01-28,12,Bandung,Bluebird,QRIS,38640.0,7.31,34.9,4.5,319,2,Completed,CUST0009,DRV0152,VH0523
TRIP00679,2025-02-10,21,Medan,Bluebird,E-Wallet,50965.0,9.29,36.9,4.6,238,1,Completed,CUST0083,DRV0835,VH0819
TRIP00680,2025-03-05,9,Bandung,Bluebird Van,Debit/Credit,29149.0,4.07,25.9,4.9,224,1,Completed,CUST0047,DRV0582,VH0319
TRIP00681,2025-01-27,17,Surabaya,Bluebird,QRIS,47445.0,10.3,58.9,4.3,169,1,Completed,CUST0512,DRV0565,VH1366
TRIP00682,2025-03-04,8,Surabaya,Bluebird,E-Wallet,49988.0,6.42,37.0,4.9,206,2,Completed,CUST0430,DRV0196,VH1403
TRIP00683,2025-01-17,11,Jakarta,Golden Bird,E-Wallet,56210.0,8.71,36.2,5.0,718,1,Completed,CUST0090,DRV0325,VH1017
TRIP00684,2025-03-14,19,Jakarta,Bluebird,QRIS,52899.0,8.17,34.0,4.8,645,1,Completed,CUST0513,DRV0482,VH0695
TRIP00685,2025-02-02,18,Surabaya,Bluebird,QRIS,50525.0,11.1,57.1,4.6,205,2,Completed,CUST0674,DRV0208,VH0590
TRIP00686,2025-03-25,7,Jakarta,Bluebird,E-Wallet,21151.0,4.57,28.6,4.4,614,1,Completed,CUST0665,DRV0936,VH0635
TRIP00687,2025-03-18,13,Jakarta,Bluebird,Cash,18711.0,1.65,15.6,4.4,678,3,Completed,CUST0414,DRV0957,VH0208
TRIP00688,2025-01-29,4,Bandung,Bluebird,Cash,,,,,334,1,Cancelled,CUST0513,DRV0426,VH0186
TRIP00689,2025-01-13,15,Semarang,Bluebird,QRIS,36143.0,8.21,20.1,4.4,171,1,Completed,CUST0658,DRV1086,VH0977
TRIP00690,2025-02-15,17,Bandung,Bluebird,E-Wallet,32587.0,7.46,25.9,4.6,222,1,Completed,CUST0673,DRV0567,VH0017
TRIP00691,2025-02-04,7,Medan,Silver Bird,Debit/Credit,80668.0,11.2,57.9,4.5,146,1,Completed,CUST0647,DRV0618,VH1314
TRIP00692,2025-01-06,10,Bandung,Bluebird,E-Wallet,36692.0,8.31,29.2,5.0,349,2,Completed,CUST0798,DRV0945,VH0254
TRIP00693,2025-03-23,13,Medan,Bluebird Van,QRIS,58490.0,5.81,26.3,4.6,217,1,Completed,CUST0077,DRV1102,VH0971
TRIP00694,2025-03-10,21,Bandung,Bluebird,Cash,31270.0,1.0,5.0,4.5,303,1,Completed,CUST0081,DRV0887,VH0611
TRIP00695,2025-02-16,23,Medan,Bluebird,Debit/Credit,17977.0,6.79,26.0,4.8,219,1,Completed,CUST0781,DRV0929,VH0446
TRIP00696,2025-01-25,5,Jakarta,Bluebird,Debit/Credit,64237.0,11.58,45.6,4.2,708,1,Completed,CUST0781,DRV0284,VH0996
TRIP00697,2025-03-07,18,Bandung,Bluebird Van,Cash,51119.0,5.82,25.2,4.7,266,1,Completed,CUST0554,DRV1081,VH1480
TRIP00698,2025-01-10,12,Surabaya,Bluebird,Cash,49174.0,8.08,32.2,4.6,234,1,Completed,CUST0636,DRV0681,VH1171
TRIP00699,2025-02-25,12,Jakarta,Bluebird,Cash,44387.0,9.76,34.9,4.6,681,2,Completed,CUST0742,DRV0376,VH0884
TRIP00700,2025-01-30,18,Jakarta,Golden Bird,Debit/Credit,51077.0,5.45,27.2,4.7,624,1,Completed,CUST0202,DRV0376,VH1138
TRIP00701,2025-01-05,21,Jakarta,Bluebird,E-Wallet,,,,,710,1,Cancelled,CUST0447,DRV0772,VH1121
TRIP00702,2025-02-02,22,Jakarta,Golden Bird,Debit/Credit,,,,,711,2,Cancelled,CUST0107,DRV0788,VH1406
TRIP00703,2025-03-06,16,Medan,Bluebird,E-Wallet,26914.0,6.98,42.4,4.3,170,1,Completed,CUST0292,DRV0373,VH1400
TRIP00704,2025-01-18,12,Jakarta,Silver Bird,Cash,43763.0,5.11,19.5,4.3,670,1,Completed,CUST0686,DRV0857,VH0983
TRIP00705,2025-02-18,19,Jakarta,Bluebird Van,E-Wallet,40834.0,8.3,48.4,4.5,635,2,Completed,CUST0312,DRV0244,VH0506
TRIP00706,2025-01-11,9,Surabaya,Bluebird,E-Wallet,12718.0,1.33,24.1,4.9,150,3,Completed,CUST0599,DRV0762,VH1346
TRIP00707,2025-03-26,16,Jakarta,Bluebird,QRIS,37407.0,9.51,52.0,4.6,631,1,Completed,CUST0517,DRV1063,VH0328
TRIP00708,2025-01-26,12,Bandung,Bluebird,E-Wallet,47016.0,8.36,37.2,4.5,332,1,Completed,CUST0684,DRV0633,VH0349
TRIP00709,2025-03-04,17,Jakarta,Bluebird Van,QRIS,77180.0,13.53,64.4,4.0,649,3,Completed,CUST0633,DRV0086,VH1194
TRIP00710,2025-03-30,9,Semarang,Bluebird,E-Wallet,38652.0,6.22,38.9,4.7,89,1,Completed,CUST0668,DRV0099,VH0307
TRIP00711,2025-03-27,8,Medan,Bluebird,E-Wallet,57355.0,8.73,43.5,4.6,143,3,Completed,CUST0599,DRV0374,VH0199
TRIP00712,2025-02-28,21,Medan,Bluebird,Debit/Credit,46050.0,4.92,26.6,4.7,244,1,Completed,CUST0426,DRV0758,VH1201
TRIP00713,2025-01-27,7,Jakarta,Bluebird,Debit/Credit,15669.0,7.43,42.0,4.9,623,2,Completed,CUST0610,DRV0625,VH1148
TRIP00714,2025-02-18,15,Surabaya,Bluebird,Cash,15364.0,3.42,11.2,4.7,284,2,Completed,CUST0415,DRV0983,VH1181
TRIP00715,2025-03-18,8,Jakarta,Bluebird,QRIS,40025.0,7.92,46.0,4.4,613,1,Completed,CUST0135,DRV0083,VH0607
TRIP00716,2025-02-02,5,Jakarta,Bluebird,QRIS,46197.0,7.58,31.0,4.5,697,1,Completed,CUST0519,DRV0001,VH1310
TRIP00717,2025-01-01,5,Jakarta,Bluebird,E-Wallet,32916.0,9.4,36.9,4.2,680,2,Completed,CUST0772,DRV0437,VH0611
TRIP00718,2025-01-21,8,Bandung,Bluebird,Debit/Credit,21238.0,5.13,25.2,4.9,217,3,Completed,CUST0364,DRV0686,VH0921
TRIP00719,2025-02-24,20,Bandung,Bluebird,E-Wallet,41479.0,7.25,30.2,4.6,324,1,Completed,CUST0384,DRV0250,VH0235
TRIP00720,2025-01-06,10,Bandung,Silver Bird,Cash,51309.0,6.0,31.0,4.8,330,2,Completed,CUST0032,DRV0410,VH1318
TRIP00721,2025-03-22,22,Jakarta,Golden Bird,E-Wallet,71910.0,7.51,36.3,5.0,727,1,Completed,CUST0540,DRV0738,VH0785
TRIP00722,2025-03-10,16,Bandung,Bluebird,E-Wallet,44569.0,7.24,39.4,4.4,225,3,Completed,CUST0772,DRV1108,VH0842
TRIP00723,2025-01-05,14,Surabaya,Bluebird,E-Wallet,47302.0,8.12,36.7,4.0,287,2,Completed,CUST0487,DRV0490,VH1042
TRIP00724,2025-01-03,16,Bandung,Bluebird,Cash,50841.0,9.28,54.0,4.5,225,1,Completed,CUST0756,DRV0239,VH0959
TRIP00725,2025-02-22,15,Surabaya,Bluebird,Cash,42409.0,7.64,29.5,4.7,271,1,Completed,CUST0365,DRV0923,VH1198
TRIP00726,2025-01-23,18,Jakarta,Bluebird,Cash,47683.0,7.45,30.0,4.5,595,3,Completed,CUST0264,DRV0540,VH1427
TRIP00727,2025-02-22,10,Medan,Bluebird,Debit/Credit,16535.0,6.96,36.9,4.7,209,1,Completed,CUST0142,DRV0380,VH0381
TRIP00728,2025-02-06,11,Bandung,Bluebird,Debit/Credit,45341.0,4.86,15.7,4.9,345,1,Completed,CUST0030,DRV0799,VH1144
TRIP00729,2025-03-15,20,Jakarta,Bluebird Van,E-Wallet,29088.0,7.42,24.8,4.5,721,3,Completed,CUST0130,DRV0943,VH0768
TRIP00730,2025-03-15,22,Jakarta,Bluebird,QRIS,60945.0,14.59,45.8,4.4,721,2,Completed,CUST0778,DRV0695,VH0096
TRIP00731,2025-03-24,20,Surabaya,Bluebird,QRIS,29350.0,5.26,25.0,5.0,240,1,Completed,CUST0070,DRV0135,VH0031
TRIP00732,2025-01-17,13,Medan,Bluebird,Debit/Credit,44364.0,6.66,15.3,4.5,197,1,Completed,CUST0119,DRV0361,VH0097
TRIP00733,2025-03-26,19,Jakarta,Bluebird Van,E-Wallet,20750.0,7.34,32.1,4.6,609,2,Completed,CUST0327,DRV0569,VH1494
TRIP00734,2025-03-19,15,Jakarta,Bluebird,E-Wallet,,,,,701,1,Cancelled,CUST0070,DRV1139,VH0705
TRIP00735,2025-03-14,15,Medan,Bluebird,E-Wallet,44917.0,6.51,31.1,4.3,222,1,Completed,CUST0208,DRV0186,VH1070
TRIP00736,2025-01-01,8,Surabaya,Bluebird,QRIS,,,,,155,1,Cancelled,CUST0091,DRV0478,VH0236
TRIP00737,2025-02-20,16,Bandung,Bluebird,Debit/Credit,10068.0,1.87,14.5,5.0,237,1,Completed,CUST0120,DRV0888,VH0337
TRIP00738,2025-02-14,8,Bandung,Bluebird,E-Wallet,49465.0,10.11,42.3,4.2,217,1,Completed,CUST0207,DRV0001,VH0674
TRIP00739,2025-03-18,11,Jakarta,Bluebird,QRIS,47559.0,10.4,37.8,4.6,683,3,Completed,CUST0406,DRV0850,VH0285
TRIP00740,2025-01-04,20,Surabaya,Bluebird,Cash,23434.0,4.27,18.9,4.6,232,2,Completed,CUST0768,DRV0968,VH0134
TRIP00741,2025-03-03,8,Jakarta,Bluebird,Cash,,,,,591,3,Cancelled,CUST0547,DRV0541,VH0769
TRIP00742,2025-03-06,6,Semarang,Bluebird,Cash,,,,,91,1,Cancelled,CUST0124,DRV0992,VH0695
TRIP00743,2025-02-01,6,Bandung,Silver Bird,Debit/Credit,56487.0,6.27,22.8,4.8,242,1,Completed,CUST0112,DRV0702,VH0539
TRIP00744,2025-02-03,21,Bandung,Bluebird,Cash,,,,,332,3,Cancelled,CUST0207,DRV0270,VH0260
TRIP00745,2025-03-13,15,Bandung,Silver Bird,Cash,71774.0,8.63,38.1,4.6,310,1,Completed,CUST0614,DRV0898,VH0503
TRIP00746,2025-02-08,13,Semarang,Bluebird,QRIS,17074.0,1.38,11.1,4.7,155,1,Completed,CUST0386,DRV0419,VH0592
TRIP00747,2025-01-26,19,Medan,Bluebird,Debit/Credit,39392.0,5.43,38.8,4.5,149,1,Completed,CUST0706,DRV0195,VH1204
TRIP00748,2025-02-03,19,Bandung,Bluebird,QRIS,47194.0,6.84,29.6,4.8,216,1,Completed,CUST0753,DRV0255,VH0896
TRIP00749,2025-02-23,11,Surabaya,Bluebird,Debit/Credit,29251.0,8.76,32.5,4.6,235,1,Completed,CUST0147,DRV0079,VH1291
TRIP00750,2025-01-03,18,Bandung,Golden Bird,Cash,28018.0,3.06,7.0,4.7,259,1,Completed,CUST0132,DRV1122,VH1022
TRIP00751,2025-02-19,18,Bandung,Bluebird Van,Cash,44411.0,6.6,56.4,4.2,253,2,Completed,CUST0732,DRV1174,VH0084
TRIP00752,2025-01-12,17,Jakarta,Bluebird,QRIS,36078.0,6.35,32.4,4.6,597,4,Completed,CUST0104,DRV0786,VH0410
TRIP00753,2025-03-06,8,Bandung,Bluebird,QRIS,18166.0,3.69,30.0,4.7,233,2,Completed,CUST0553,DRV0814,VH1180
TRIP00754,2025-02-23,20,Jakarta,Bluebird,QRIS,58024.0,9.28,28.5,4.4,696,2,Completed,CUST0568,DRV0447,VH0328
TRIP00755,2025-01-05,16,Semarang,Bluebird,Cash,68015.0,9.12,51.5,4.3,122,1,Completed,CUST0762,DRV0123,VH0346
TRIP00756,2025-02-26,10,Jakarta,Bluebird,E-Wallet,58248.0,11.02,57.1,4.1,720,2,Completed,CUST0242,DRV0676,VH0923
TRIP00757,2025-01-17,13,Semarang,Bluebird,Debit/Credit,46479.0,8.52,33.7,4.6,177,1,Completed,CUST0639,DRV0359,VH0097
TRIP00758,2025-02-16,5,Bandung,Bluebird Van,Cash,49361.0,5.51,15.0,4.6,348,1,Completed,CUST0662,DRV0239,VH0637
TRIP00759,2025-01-23,7,Surabaya,Bluebird,Cash,33944.0,10.14,47.6,4.6,205,3,Completed,CUST0331,DRV0805,VH0183
TRIP00760,2025-03-20,18,Bandung,Bluebird Van,E-Wallet,54158.0,7.93,24.1,4.9,214,1,Completed,CUST0149,DRV0683,VH1351
TRIP00761,2025-03-26,0,Jakarta,Silver Bird,Debit/Credit,78332.0,8.9,35.3,4.3,688,2,Completed,CUST0169,DRV0669,VH0814
TRIP00762,2025-01-14,13,Jakarta,Silver Bird,QRIS,48144.0,6.66,32.4,4.6,678,1,Completed,CUST0557,DRV0204,VH0896
TRIP00763,2025-03-07,16,Jakarta,Bluebird,Debit/Credit,26877.0,7.01,35.8,4.7,614,2,Completed,CUST0084,DRV0143,VH0661
TRIP00764,2025-03-16,6,Surabaya,Bluebird,Debit/Credit,42488.0,8.22,38.9,4.5,193,1,Completed,CUST0520,DRV0187,VH0945
TRIP00765,2025-02-20,22,Bandung,Bluebird,Debit/Credit,69969.0,14.32,61.0,4.1,336,1,Completed,CUST0107,DRV0122,VH0802
TRIP00766,2025-02-07,9,Medan,Bluebird,QRIS,36033.0,8.4,45.8,4.2,164,1,Completed,CUST0265,DRV1124,VH0378
TRIP00767,2025-03-05,10,Jakarta,Bluebird,QRIS,58643.0,6.67,15.1,4.9,714,1,Completed,CUST0658,DRV0284,VH1111
TRIP00768,2025-02-07,10,Jakarta,Bluebird Van,Cash,38713.0,6.0,24.6,4.9,725,1,Completed,CUST0031,DRV0949,VH0680
TRIP00769,2025-02-19,9,Jakarta,Silver Bird,E-Wallet,45283.0,7.02,53.1,4.3,602,1,Completed,CUST0756,DRV0527,VH1159
TRIP00770,2025-03-23,0,Semarang,Silver Bird,Debit/Credit,95226.0,13.33,44.0,4.7,202,1,Completed,CUST0547,DRV0384,VH0090
TRIP00771,2025-01-30,18,Surabaya,Golden Bird,Cash,72175.0,6.8,34.6,3.8,202,4,Completed,CUST0247,DRV0898,VH0488
TRIP00772,2025-03-20,22,Jakarta,Bluebird,E-Wallet,,,,,706,2,Cancelled,CUST0530,DRV0187,VH0820
TRIP00773,2025-02-20,9,Bandung,Bluebird,E-Wallet,39097.0,5.87,39.2,4.5,211,2,Completed,CUST0024,DRV1032,VH0863
TRIP00774,2025-03-04,17,Jakarta,Bluebird,E-Wallet,40189.0,9.28,41.5,4.5,640,3,Completed,CUST0498,DRV0624,VH0743
TRIP00775,2025-02-21,18,Semarang,Bluebird,E-Wallet,63351.0,9.18,46.2,4.4,109,3,Completed,CUST0304,DRV0545,VH1113
TRIP00776,2025-02-07,19,Surabaya,Golden Bird,E-Wallet,65024.0,6.28,33.1,5.0,163,1,Completed,CUST0398,DRV0914,VH1317
TRIP00777,2025-03-29,13,Jakarta,Bluebird,Cash,47771.0,6.58,21.1,4.4,730,1,Completed,CUST0403,DRV0090,VH0446
TRIP00778,2025-03-20,10,Bandung,Bluebird,E-Wallet,64166.0,11.98,47.4,4.8,320,1,Completed,CUST0316,DRV0496,VH1423
TRIP00779,2025-01-30,11,Jakarta,Bluebird,E-Wallet,66484.0,11.45,43.8,4.6,675,2,Completed,CUST0278,DRV0960,VH1419
TRIP00780,2025-02-20,18,Semarang,Bluebird,Cash,39700.0,9.17,45.5,4.6,94,1,Completed,CUST0542,DRV0116,VH0864
TRIP00781,2025-03-22,19,Jakarta,Bluebird,Cash,50784.0,10.86,46.2,4.4,628,1,Completed,CUST0143,DRV0685,VH1041
TRIP00782,2025-01-05,8,Surabaya,Golden Bird,E-Wallet,94866.0,9.38,36.6,4.2,195,1,Completed,CUST0789,DRV1044,VH1266
TRIP00783,2025-01-29,12,Jakarta,Bluebird,QRIS,87162.0,14.55,57.9,4.5,700,2,Completed,CUST0410,DRV0132,VH0686
TRIP00784,2025-01-04,20,Surabaya,Bluebird,E-Wallet,32488.0,8.13,44.5,4.5,267,2,Completed,CUST0356,DRV0223,VH1028
TRIP00785,2025-01-10,19,Medan,Bluebird,Cash,51186.0,9.23,45.5,4.8,125,1,Completed,CUST0524,DRV0436,VH0281
TRIP00786,2025-02-25,23,Surabaya,Bluebird,Cash,20386.0,3.65,12.3,4.7,256,1,Completed,CUST0203,DRV1063,VH0969
TRIP00787,2025-01-17,18,Bandung,Bluebird,QRIS,21509.0,4.53,31.4,4.5,239,1,Completed,CUST0250,DRV0327,VH0533
TRIP00788,2025-03-15,13,Medan,Bluebird Van,Cash,35061.0,3.9,14.5,5.0,193,1,Completed,CUST0103,DRV0106,VH1495
TRIP00789,2025-01-17,16,Jakarta,Bluebird,Debit/Credit,73386.0,12.32,70.4,4.6,628,4,Completed,CUST0468,DRV0652,VH1262
TRIP00790,2025-03-25,17,Jakarta,Bluebird,Debit/Credit,17817.0,1.0,12.0,4.7,605,1,Completed,CUST0035,DRV0567,VH0605
TRIP00791,2025-03-29,6,Jakarta,Bluebird,Cash,37152.0,7.29,42.1,4.3,625,1,Completed,CUST0324,DRV0630,VH0478
TRIP00792,2025-03-10,16,Semarang,Bluebird,Cash,18449.0,1.0,6.7,4.9,76,1,Completed,CUST0532,DRV0688,VH0089
TRIP00793,2025-02-03,18,Jakarta,Bluebird,QRIS,31243.0,6.01,35.6,4.5,610,2,Completed,CUST0559,DRV0470,VH1137
TRIP00794,2025-01-06,8,Surabaya,Bluebird,Cash,41200.0,6.53,36.0,4.7,151,1,Completed,CUST0596,DRV0725,VH0610
TRIP00795,2025-02-22,19,Surabaya,Bluebird,E-Wallet,,,,,204,1,Cancelled,CUST0268,DRV0265,VH0142
TRIP00796,2025-03-07,16,Jakarta,Golden Bird,QRIS,62829.0,9.69,43.2,4.9,597,2,Completed,CUST0053,DRV0837,VH0662
TRIP00797,2025-03-18,22,Jakarta,Bluebird,Cash,42773.0,6.0,19.5,4.5,711,1,Completed,CUST0785,DRV0851,VH0560
TRIP00798,2025-02-12,5,Jakarta,Bluebird,QRIS,43919.0,11.7,48.8,4.5,696,1,Completed,CUST0018,DRV0785,VH0051
TRIP00799,2025-03-16,9,Jakarta,Bluebird,Cash,58048.0,8.55,46.6,4.3,591,2,Completed,CUST0104,DRV0534,VH0208
TRIP00800,2025-01-23,17,Jakarta,Bluebird,Cash,,,,,595,1,Cancelled,CUST0152,DRV0369,VH0523
TRIP00801,2025-02-24,10,Jakarta,Golden Bird,Cash,37368.0,4.89,21.6,4.6,673,2,Completed,CUST0677,DRV0699,VH1294
TRIP00802,2025-03-21,18,Medan,Bluebird Van,E-Wallet,42551.0,4.53,25.9,4.9,130,1,Completed,CUST0414,DRV0946,VH1287
TRIP00803,2025-03-16,18,Semarang,Bluebird,E-Wallet,,,,,70,1,Cancelled,CUST0084,DRV0154,VH0709
TRIP00804,2025-01-16,7,Jakarta,Golden Bird,E-Wallet,66159.0,8.64,41.2,4.6,627,2,Completed,CUST0308,DRV0620,VH1210
TRIP00805,2025-01-08,15,Jakarta,Silver Bird,QRIS,54952.0,8.73,35.0,4.6,729,2,Completed,CUST0151,DRV0316,VH0808
TRIP00806,2025-01-04,15,Jakarta,Bluebird Van,Cash,79949.0,13.13,71.4,4.2,681,1,Completed,CUST0549,DRV0811,VH1245
TRIP00807,2025-01-04,12,Surabaya,Bluebird,QRIS,36347.0,9.16,38.8,4.8,256,1,Completed,CUST0379,DRV0151,VH0081
TRIP00808,2025-02-25,21,Medan,Bluebird,Debit/Credit,10000.0,1.0,8.5,4.9,203,1,Completed,CUST0458,DRV0175,VH0409
TRIP00809,2025-01-25,19,Jakarta,Bluebird,E-Wallet,50103.0,9.29,48.2,3.7,604,5,Completed,CUST0353,DRV1079,VH0974
TRIP00810,2025-03-08,18,Jakarta,Golden Bird,Cash,34636.0,4.15,22.8,4.6,613,3,Completed,CUST0664,DRV0779,VH0891
TRIP00811,2025-03-08,18,Medan,Bluebird,Cash,33045.0,4.6,35.5,4.5,127,1,Completed,CUST0376,DRV0154,VH0682
TRIP00812,2025-01-27,14,Bandung,Bluebird,Debit/Credit,43509.0,4.56,16.2,4.9,306,1,Completed,CUST0208,DRV0501,VH0086
TRIP00813,2025-02-01,21,Jakarta,Bluebird,E-Wallet,35507.0,6.51,33.4,4.6,678,1,Completed,CUST0562,DRV0506,VH0104
TRIP00814,2025-02-19,18,Surabaya,Bluebird,E-Wallet,26943.0,3.87,21.1,4.9,196,2,Completed,CUST0732,DRV0149,VH1308
TRIP00815,2025-03-02,18,Jakarta,Bluebird,Debit/Credit,68354.0,9.11,37.7,4.3,607,2,Completed,CUST0460,DRV0008,VH0460
TRIP00816,2025-02-20,20,Jakarta,Golden Bird,E-Wallet,,,,,725,1,Cancelled,CUST0404,DRV0593,VH0740
TRIP00817,2025-01-19,9,Surabaya,Bluebird,QRIS,59913.0,9.07,36.5,4.8,202,1,Completed,CUST0559,DRV0591,VH0461
TRIP00818,2025-01-21,19,Medan,Golden Bird,E-Wallet,126379.0,14.21,68.6,3.8,127,1,Completed,CUST0530,DRV0469,VH1145
TRIP00819,2025-01-05,8,Jakarta,Bluebird,E-Wallet,36936.0,4.51,17.7,5.0,594,2,Completed,CUST0485,DRV0321,VH1376
TRIP00820,2025-03-23,11,Semarang,Bluebird,E-Wallet,47502.0,5.95,21.6,5.0,197,2,Completed,CUST0122,DRV0572,VH0440
TRIP00821,2025-02-11,11,Jakarta,Bluebird,QRIS,16106.0,1.0,5.0,4.7,678,3,Completed,CUST0794,DRV0451,VH0569
TRIP00822,2025-03-02,23,Medan,Bluebird,Cash,31551.0,6.6,46.2,4.2,243,1,Completed,CUST0120,DRV0128,VH1213
TRIP00823,2025-01-22,20,Bandung,Bluebird,QRIS,58345.0,8.93,24.1,4.7,324,1,Completed,CUST0251,DRV0853,VH0869
TRIP00824,2025-01-21,18,Medan,Bluebird,QRIS,61866.0,9.66,46.7,4.5,153,1,Completed,CUST0299,DRV0087,VH0550
TRIP00825,2025-03-11,18,Semarang,Bluebird,E-Wallet,50282.0,7.03,44.1,4.6,125,1,Completed,CUST0047,DRV1105,VH0229
TRIP00826,2025-01-01,16,Jakarta,Silver Bird,Cash,83140.0,11.17,59.9,4.7,635,3,Completed,CUST0597,DRV0534,VH1410
TRIP00827,2025-01-05,22,Semarang,Bluebird,Cash,63930.0,14.44,63.7,4.1,150,2,Completed,CUST0299,DRV0190,VH1155
TRIP00828,2025-01-12,15,Medan,Bluebird,Debit/Credit,,,,,230,1,Cancelled,CUST0672,DRV0824,VH0171
TRIP00829,2025-03-31,12,Medan,Bluebird,Cash,43921.0,5.93,33.2,4.3,198,2,Completed,CUST0519,DRV0379,VH1354
TRIP00830,2025-02-15,8,Jakarta,Bluebird,QRIS,37089.0,4.15,31.0,4.5,621,4,Completed,CUST0245,DRV0456,VH0035
TRIP00831,2025-02-03,19,Medan,Bluebird,QRIS,31707.0,6.28,34.6,4.7,129,1,Completed,CUST0727,DRV1032,VH1225
TRIP00832,2025-02-18,18,Medan,Bluebird,Debit/Credit,32192.0,4.66,28.3,4.8,122,2,Completed,CUST0724,DRV0318,VH1192
TRIP00833,2025-03-19,12,Jakarta,Bluebird,Cash,38267.0,9.85,37.3,4.4,709,1,Completed,CUST0724,DRV0334,VH1270
TRIP00834,2025-03-31,4,Semarang,Bluebird,E-Wallet,32868.0,3.26,6.7,4.6,160,1,Completed,CUST0800,DRV0230,VH1248
TRIP00835,2025-02-14,19,Jakarta,Bluebird,QRIS,36771.0,8.28,49.8,4.8,635,3,Completed,CUST0218,DRV0664,VH0341
TRIP00836,2025-01-27,1,Jakarta,Silver Bird,E-Wallet,89550.0,11.01,53.2,4.7,717,1,Completed,CUST0763,DRV0508,VH0570
TRIP00837,2025-03-14,18,Bandung,Bluebird,QRIS,26317.0,6.7,28.6,4.7,252,3,Completed,CUST0344,DRV0790,VH0537
TRIP00838,2025-01-26,22,Bandung,Bluebird,Cash,37202.0,4.16,15.6,4.1,340,1,Completed,CUST0314,DRV0924,VH1464
TRIP00839,2025-02-16,14,Surabaya,Silver Bird,Cash,88096.0,11.52,45.1,5.0,290,1,Completed,CUST0693,DRV0969,VH0544
TRIP00840,2025-03-27,9,Jakarta,Bluebird,Cash,13484.0,2.86,19.2,4.7,643,3,Completed,CUST0604,DRV0760,VH1174
TRIP00841,2025-02-25,18,Semarang,Bluebird,QRIS,,,,,111,1,Cancelled,CUST0730,DRV0446,VH0356
TRIP00842,2025-03-04,19,Jakarta,Bluebird,Cash,39130.0,8.38,48.1,4.3,615,2,Completed,CUST0290,DRV0325,VH0745
TRIP00843,2025-02-17,16,Jakarta,Bluebird,QRIS,53261.0,8.55,37.0,4.7,629,1,Completed,CUST0602,DRV0877,VH1020
TRIP00844,2025-03-02,22,Jakarta,Bluebird,Debit/Credit,45131.0,9.04,30.2,4.7,680,1,Completed,CUST0197,DRV0167,VH0533
TRIP00845,2025-03-22,6,Bandung,Bluebird,Cash,29759.0,8.83,52.0,4.6,234,1,Completed,CUST0696,DRV0581,VH0373
TRIP00846,2025-01-26,15,Semarang,Bluebird Van,Cash,37385.0,6.69,23.5,4.5,189,2,Completed,CUST0578,DRV0839,VH1436
TRIP00847,2025-02-05,18,Surabaya,Silver Bird,Debit/Credit,51767.0,6.9,26.8,4.6,174,1,Completed,CUST0416,DRV1110,VH1276
TRIP00848,2025-01-01,20,Medan,Bluebird,E-Wallet,49686.0,6.28,21.7,5.0,209,1,Completed,CUST0610,DRV0806,VH1016
TRIP00849,2025-01-08,8,Jakarta,Bluebird,Cash,46692.0,6.67,32.4,4.7,631,1,Completed,CUST0306,DRV1173,VH0014
TRIP00850,2025-02-21,19,Bandung,Bluebird,Cash,65487.0,9.36,56.3,4.3,258,1,Completed,CUST0478,DRV0772,VH0215
TRIP00851,2025-03-20,16,Bandung,Bluebird,E-Wallet,47294.0,5.06,34.7,4.3,264,1,Completed,CUST0536,DRV0928,VH0536
TRIP00852,2025-02-16,13,Bandung,Bluebird,Cash,,,,,300,1,Cancelled,CUST0220,DRV0861,VH1044
TRIP00853,2025-02-25,7,Jakarta,Bluebird,E-Wallet,43923.0,8.56,48.0,4.7,633,1,Completed,CUST0686,DRV0956,VH0928
TRIP00854,2025-03-27,20,Surabaya,Bluebird,Cash,32579.0,6.44,32.4,4.8,239,1,Completed,CUST0757,DRV0059,VH0436
TRIP00855,2025-01-14,8,Bandung,Bluebird,E-Wallet,,,,,261,2,Cancelled,CUST0626,DRV0606,VH1345
TRIP00856,2025-03-31,10,Surabaya,Bluebird Van,QRIS,24118.0,5.82,21.9,4.8,278,2,Completed,CUST0778,DRV0005,VH0991
TRIP00857,2025-01-28,10,Bandung,Bluebird,E-Wallet,47166.0,8.91,28.7,5.0,292,1,Completed,CUST0354,DRV0083,VH1076
TRIP00858,2025-03-28,20,Jakarta,Bluebird Van,QRIS,47522.0,9.14,35.1,4.8,708,2,Completed,CUST0735,DRV0840,VH0357
TRIP00859,2025-03-19,17,Surabaya,Bluebird Van,Debit/Credit,44287.0,6.21,37.6,4.4,176,1,Completed,CUST0235,DRV0549,VH0719
TRIP00860,2025-03-29,19,Jakarta,Bluebird,Cash,73545.0,10.09,49.3,3.8,624,2,Completed,CUST0306,DRV1051,VH0872
TRIP00861,2025-01-02,9,Medan,Silver Bird,Cash,64944.0,9.14,53.7,4.4,158,1,Completed,CUST0110,DRV0525,VH0607
TRIP00862,2025-01-26,17,Bandung,Bluebird,Debit/Credit,55969.0,10.47,41.9,4.7,264,3,Completed,CUST0314,DRV1002,VH1372
TRIP00863,2025-01-14,16,Jakarta,Bluebird,QRIS,67086.0,11.4,57.1,4.0,629,4,Completed,CUST0013,DRV0414,VH0778
TRIP00864,2025-02-28,19,Semarang,Bluebird,E-Wallet,47364.0,8.27,32.3,4.6,100,1,Completed,CUST0637,DRV0715,VH0326
TRIP00865,2025-02-25,21,Bandung,Bluebird,QRIS,27491.0,3.62,15.1,4.6,310,1,Completed,CUST0167,DRV0180,VH0527
TRIP00866,2025-01-07,1,Jakarta,Bluebird,E-Wallet,73531.0,15.85,68.6,4.2,691,1,Completed,CUST0053,DRV0783,VH0687
TRIP00867,2025-01-03,17,Surabaya,Bluebird,QRIS,22978.0,3.79,21.7,4.6,168,2,Completed,CUST0186,DRV0901,VH0219
TRIP00868,2025-01-23,6,Jakarta,Bluebird,E-Wallet,48205.0,11.35,57.3,4.6,603,1,Completed,CUST0276,DRV0527,VH0522
TRIP00869,2025-01-18,16,Medan,Bluebird,E-Wallet,55257.0,8.79,36.4,4.6,146,1,Completed,CUST0447,DRV0001,VH0405
TRIP00870,2025-02-07,10,Medan,Bluebird,QRIS,10000.0,3.98,5.0,4.5,240,1,Completed,CUST0352,DRV0271,VH1043
TRIP00871,2025-01-15,10,Semarang,Bluebird,E-Wallet,46360.0,6.43,29.6,4.9,194,1,Completed,CUST0010,DRV0484,VH0580
TRIP00872,2025-03-05,11,Bandung,Bluebird,E-Wallet,24031.0,6.76,39.2,4.2,339,1,Completed,CUST0410,DRV0956,VH0790
TRIP00873,2025-03-30,17,Bandung,Bluebird,Cash,65582.0,10.92,44.7,4.8,232,2,Completed,CUST0147,DRV1072,VH0294
TRIP00874,2025-01-28,11,Surabaya,Bluebird,Debit/Credit,30660.0,5.86,32.0,4.9,255,1,Completed,CUST0477,DRV0694,VH0015
TRIP00875,2025-03-15,18,Jakarta,Bluebird,Cash,29834.0,7.71,39.1,4.9,632,3,Completed,CUST0630,DRV0840,VH0326
TRIP00876,2025-02-08,13,Bandung,Silver Bird,E-Wallet,25078.0,1.0,5.0,4.7,344,1,Completed,CUST0428,DRV0373,VH0971
TRIP00877,2025-02-26,6,Bandung,Bluebird,Cash,70748.0,12.2,48.9,4.3,253,1,Completed,CUST0488,DRV0539,VH0158
TRIP00878,2025-01-17,19,Jakarta,Bluebird,Cash,27366.0,5.29,29.3,4.7,629,1,Completed,CUST0530,DRV0670,VH1128
TRIP00879,2025-03-27,10,Jakarta,Bluebird,QRIS,56970.0,9.48,35.1,4.6,681,1,Completed,CUST0377,DRV0572,VH0900
TRIP00880,2025-03-31,14,Medan,Golden Bird,Debit/Credit,43083.0,7.2,19.6,4.5,190,1,Completed,CUST0738,DRV0066,VH0806
TRIP00881,2025-02-13,18,Medan,Bluebird,E-Wallet,26797.0,7.21,25.0,4.6,159,1,Completed,CUST0112,DRV0052,VH1306
TRIP00882,2025-01-25,11,Jakarta,Bluebird,E-Wallet,68923.0,10.93,37.8,4.5,703,3,Completed,CUST0584,DRV0470,VH0147
TRIP00883,2025-01-17,6,Jakarta,Bluebird,QRIS,64856.0,13.51,63.4,3.9,633,2,Completed,CUST0656,DRV0243,VH0514
TRIP00884,2025-01-13,12,Jakarta,Bluebird,Cash,,,,,688,1,Cancelled,CUST0616,DRV0337,VH1092
TRIP00885,2025-03-25,21,Medan,Bluebird,Debit/Credit,42732.0,9.47,34.4,4.6,212,1,Completed,CUST0215,DRV0756,VH0504
TRIP00886,2025-01-25,17,Jakarta,Bluebird,Debit/Credit,40573.0,9.49,47.4,4.4,596,1,Completed,CUST0510,DRV1145,VH1093
TRIP00887,2025-03-09,17,Surabaya,Bluebird Van,QRIS,68984.0,11.05,59.5,4.0,156,1,Completed,CUST0511,DRV0554,VH0413
TRIP00888,2025-01-10,17,Jakarta,Bluebird,QRIS,35865.0,7.11,39.2,4.2,590,4,Completed,CUST0589,DRV1069,VH1088
TRIP00889,2025-03-08,8,Surabaya,Bluebird,QRIS,59078.0,11.23,52.1,4.9,167,3,Completed,CUST0026,DRV0052,VH0592
TRIP00890,2025-01-18,13,Jakarta,Bluebird,QRIS,59174.0,11.83,53.8,4.2,677,1,Completed,CUST0742,DRV1175,VH0766
TRIP00891,2025-03-27,18,Medan,Bluebird,Debit/Credit,68822.0,10.75,44.3,4.6,134,1,Completed,CUST0193,DRV0413,VH0237
TRIP00892,2025-02-03,7,Jakarta,Golden Bird,QRIS,65355.0,6.52,32.5,4.7,631,1,Completed,CUST0103,DRV0569,VH0396
TRIP00893,2025-01-08,9,Surabaya,Bluebird,E-Wallet,45784.0,7.49,36.6,3.9,178,2,Completed,CUST0205,DRV0008,VH1163
TRIP00894,2025-02-09,9,Jakarta,Bluebird,QRIS,60298.0,9.22,36.2,5.0,612,5,Completed,CUST0411,DRV0946,VH1340
TRIP00895,2025-03-24,14,Surabaya,Bluebird,Cash,21839.0,3.89,12.6,4.9,258,2,Completed,CUST0772,DRV0247,VH1447
TRIP00896,2025-02-11,23,Medan,Golden Bird,E-Wallet,89358.0,12.28,34.6,4.4,190,1,Completed,CUST0745,DRV0834,VH0132
TRIP00897,2025-02-10,6,Jakarta,Silver Bird,Debit/Credit,77868.0,8.46,55.2,4.3,604,2,Completed,CUST0051,DRV0412,VH0226
TRIP00898,2025-01-06,15,Medan,Bluebird,Cash,46263.0,8.35,26.8,4.4,204,1,Completed,CUST0131,DRV0952,VH1497
TRIP00899,2025-02-21,8,Bandung,Bluebird,Debit/Credit,33055.0,5.27,40.2,5.0,237,1,Completed,CUST0343,DRV0843,VH0118
TRIP00900,2025-01-26,22,Jakarta,Bluebird,QRIS,22103.0,4.52,18.3,4.5,705,1,Completed,CUST0578,DRV0235,VH0638
TRIP00901,2025-03-05,7,Bandung,Bluebird Van,E-Wallet,32978.0,5.19,32.7,4.5,251,2,Completed,CUST0400,DRV0642,VH0339
TRIP00902,2025-02-28,13,Jakarta,Bluebird,QRIS,56855.0,9.16,33.2,4.4,709,1,Completed,CUST0202,DRV0588,VH0419
TRIP00903,2025-02-25,18,Surabaya,Bluebird,Debit/Credit,61933.0,10.02,49.5,4.4,181,1,Completed,CUST0796,DRV0233,VH1459
TRIP00904,2025-02-28,18,Surabaya,Bluebird,Cash,53345.0,8.49,46.5,4.8,195,1,Completed,CUST0300,DRV0742,VH1203
TRIP00905,2025-03-11,13,Jakarta,Bluebird,QRIS,57952.0,9.54,42.8,4.9,682,1,Completed,CUST0146,DRV0997,VH0462
TRIP00906,2025-02-02,11,Bandung,Bluebird,E-Wallet,40447.0,5.99,29.4,4.5,310,1,Completed,CUST0770,DRV0310,VH0676
TRIP00907,2025-02-22,13,Medan,Bluebird Van,E-Wallet,60886.0,8.99,33.4,4.7,238,1,Completed,CUST0462,DRV0944,VH0718
TRIP00908,2025-01-22,9,Semarang,Bluebird,Cash,55621.0,11.25,49.6,4.4,108,1,Completed,CUST0504,DRV0908,VH1128
TRIP00909,2025-01-21,8,Bandung,Silver Bird,Cash,81954.0,9.11,33.3,4.4,247,3,Completed,CUST0616,DRV0701,VH0114
TRIP00910,2025-03-11,15,Semarang,Bluebird,QRIS,44952.0,9.23,40.6,5.0,158,1,Completed,CUST0151,DRV0478,VH1295
TRIP00911,2025-03-11,9,Bandung,Bluebird,Debit/Credit,46584.0,7.88,47.1,4.8,229,1,Completed,CUST0630,DRV0336,VH0563
TRIP00912,2025-01-04,10,Jakarta,Bluebird,Debit/Credit,18117.0,3.99,27.3,4.7,689,3,Completed,CUST0316,DRV0052,VH0306
TRIP00913,2025-03-16,17,Medan,Bluebird,Debit/Credit,21198.0,4.37,27.6,5.0,117,1,Completed,CUST0199,DRV0546,VH0623
TRIP00914,2025-03-03,22,Bandung,Bluebird Van,QRIS,53823.0,8.36,28.1,5.0,303,1,Completed,CUST0429,DRV0301,VH0055
TRIP00915,2025-03-03,17,Bandung,Golden Bird,E-Wallet,56263.0,6.97,24.0,4.7,229,3,Completed,CUST0303,DRV0641,VH0524
TRIP00916,2025-01-24,6,Bandung,Bluebird,QRIS,52755.0,8.32,48.6,4.5,244,1,Completed,CUST0498,DRV0356,VH0434
TRIP00917,2025-02-24,6,Medan,Bluebird,Cash,49399.0,12.53,45.5,4.8,164,1,Completed,CUST0791,DRV0820,VH0190
TRIP00918,2025-01-09,22,Medan,Bluebird,Debit/Credit,,,,,234,1,Cancelled,CUST0105,DRV0835,VH0389
TRIP00919,2025-01-03,10,Jakarta,Bluebird Van,E-Wallet,78580.0,12.28,47.5,4.8,690,1,Completed,CUST0010,DRV0588,VH0667
TRIP00920,2025-01-31,7,Jakarta,Golden Bird,E-Wallet,59036.0,8.78,42.6,4.4,630,3,Completed,CUST0625,DRV0877,VH1359
TRIP00921,2025-02-09,17,Bandung,Silver Bird,Debit/Credit,37196.0,4.58,26.6,5.0,262,1,Completed,CUST0027,DRV0731,VH0346
TRIP00922,2025-02-05,17,Bandung,Bluebird,Debit/Credit,40926.0,6.83,36.3,4.6,250,2,Completed,CUST0611,DRV1143,VH0265
TRIP00923,2025-01-24,17,Jakarta,Bluebird,E-Wallet,39474.0,6.09,15.5,4.8,643,1,Completed,CUST0769,DRV0737,VH0872
TRIP00924,2025-01-06,9,Medan,Bluebird,QRIS,59288.0,12.17,56.8,4.3,131,1,Completed,CUST0327,DRV1097,VH1128
TRIP00925,2025-03-07,2,Bandung,Bluebird,QRIS,56060.0,9.37,21.9,4.6,332,1,Completed,CUST0495,DRV0824,VH0141
TRIP00926,2025-03-25,22,Jakarta,Bluebird,E-Wallet,51165.0,10.06,45.4,4.4,675,2,Completed,CUST0648,DRV0156,VH0749
TRIP00927,2025-03-16,9,Jakarta,Bluebird,E-Wallet,61640.0,12.21,53.0,4.7,644,2,Completed,CUST0738,DRV0771,VH0556
TRIP00928,2025-01-04,17,Jakarta,Bluebird,QRIS,22009.0,2.44,5.0,4.1,633,4,Completed,CUST0127,DRV0934,VH0239
TRIP00929,2025-03-20,18,Semarang,Golden Bird,QRIS,84853.0,8.56,36.5,4.3,96,1,Completed,CUST0116,DRV0576,VH1454
TRIP00930,2025-01-06,17,Jakarta,Silver Bird,QRIS,34787.0,4.57,22.3,4.5,593,2,Completed,CUST0171,DRV1060,VH1122
TRIP00931,2025-02-20,10,Jakarta,Bluebird,Cash,40596.0,8.48,42.3,4.2,673,3,Completed,CUST0212,DRV0248,VH0836
TRIP00932,2025-03-03,9,Bandung,Bluebird,E-Wallet,28369.0,6.06,33.6,5.0,266,1,Completed,CUST0189,DRV1068,VH1485
TRIP00933,2025-02-26,17,Jakarta,Bluebird,QRIS,50785.0,10.49,52.4,4.7,617,2,Completed,CUST0490,DRV0453,VH0970
TRIP00934,2025-03-07,20,Jakarta,Silver Bird,E-Wallet,84550.0,9.18,45.0,4.6,724,1,Completed,CUST0387,DRV1143,VH0565
TRIP00935,2025-03-20,22,Jakarta,Silver Bird,Cash,96964.0,12.54,49.5,4.2,696,2,Completed,CUST0777,DRV0693,VH0621
TRIP00936,2025-03-16,7,Bandung,Silver Bird,QRIS,34099.0,5.19,34.0,4.9,267,3,Completed,CUST0726,DRV0909,VH0257
TRIP00937,2025-01-08,8,Bandung,Silver Bird,Cash,63971.0,9.13,49.3,4.0,263,1,Completed,CUST0601,DRV0940,VH1035
TRIP00938,2025-01-26,21,Jakarta,Bluebird,Debit/Credit,51385.0,8.99,27.0,5.0,686,1,Completed,CUST0130,DRV1094,VH0178
TRIP00939,2025-02-20,18,Bandung,Bluebird,Debit/Credit,10000.0,2.09,26.7,4.5,248,3,Completed,CUST0023,DRV0947,VH1417
TRIP00940,2025-02-14,20,Semarang,Bluebird,Debit/Credit,19119.0,4.04,6.2,4.6,187,1,Completed,CUST0179,DRV0454,VH1318
TRIP00941,2025-02-13,8,Jakarta,Bluebird,Cash,57065.0,8.05,46.6,4.3,649,2,Completed,CUST0401,DRV0267,VH0983
TRIP00942,2025-01-05,16,Jakarta,Silver Bird,Cash,80739.0,11.84,44.7,4.2,641,1,Completed,CUST0505,DRV0731,VH0397
TRIP00943,2025-03-11,18,Jakarta,Bluebird,Cash,61074.0,9.89,51.8,4.9,618,2,Completed,CUST0411,DRV0366,VH1413
TRIP00944,2025-01-26,17,Bandung,Bluebird,QRIS,36603.0,3.5,35.0,4.8,249,3,Completed,CUST0532,DRV0061,VH0537
TRIP00945,2025-03-09,13,Surabaya,Bluebird,Debit/Credit,34259.0,7.58,28.8,5.0,236,1,Completed,CUST0329,DRV0168,VH0638
TRIP00946,2025-01-19,2,Jakarta,Bluebird Van,Debit/Credit,80557.0,14.55,56.4,4.0,677,1,Completed,CUST0471,DRV0132,VH0266
TRIP00947,2025-03-25,16,Surabaya,Bluebird,Debit/Credit,42058.0,8.33,45.6,4.5,190,1,Completed,CUST0420,DRV0155,VH1157
TRIP00948,2025-01-20,9,Jakarta,Bluebird,QRIS,30450.0,7.52,35.8,4.7,622,2,Completed,CUST0412,DRV0784,VH1302
TRIP00949,2025-01-12,14,Jakarta,Bluebird,Cash,53124.0,9.98,52.6,4.4,701,1,Completed,CUST0754,DRV0722,VH0985
TRIP00950,2025-02-16,22,Medan,Bluebird,Cash,,,,,224,1,Cancelled,CUST0752,DRV0007,VH1125
TRIP00951,2025-01-01,13,Jakarta,Bluebird,Cash,43265.0,7.13,26.3,5.0,687,2,Completed,CUST0029,DRV0523,VH0404
TRIP00952,2025-03-31,19,Bandung,Bluebird,E-Wallet,59562.0,8.51,38.3,4.6,260,2,Completed,CUST0245,DRV0251,VH1308
TRIP00953,2025-01-14,8,Jakarta,Bluebird,Debit/Credit,49468.0,7.51,31.5,4.4,648,1,Completed,CUST0632,DRV0692,VH1301
TRIP00954,2025-03-05,17,Surabaya,Golden Bird,Cash,91828.0,10.16,44.2,4.0,192,2,Completed,CUST0544,DRV0120,VH0139
TRIP00955,2025-02-07,22,Jakarta,Bluebird,Cash,28083.0,9.01,33.6,4.7,685,2,Completed,CUST0652,DRV0048,VH1245
TRIP00956,2025-02-06,7,Medan,Bluebird,E-Wallet,51919.0,8.95,40.4,5.0,127,2,Completed,CUST0670,DRV1093,VH0069
TRIP00957,2025-01-11,0,Jakarta,Bluebird Van,Debit/Credit,61909.0,6.22,20.3,4.4,728,1,Completed,CUST0060,DRV0742,VH0805
TRIP00958,2025-03-18,14,Medan,Bluebird,Debit/Credit,10000.0,5.04,34.9,4.6,227,2,Completed,CUST0139,DRV0224,VH0177
TRIP00959,2025-01-03,7,Jakarta,Bluebird,QRIS,64656.0,11.34,46.1,4.7,614,1,Completed,CUST0357,DRV0457,VH1397
TRIP00960,2025-02-02,18,Surabaya,Silver Bird,Cash,,,,,183,2,Cancelled,CUST0212,DRV0719,VH0545
TRIP00961,2025-01-06,21,Jakarta,Bluebird,E-Wallet,40750.0,9.36,41.6,4.4,673,1,Completed,CUST0139,DRV0853,VH0301
TRIP00962,2025-02-19,14,Semarang,Bluebird,E-Wallet,42295.0,5.88,27.9,4.5,154,2,Completed,CUST0368,DRV0949,VH1252
TRIP00963,2025-01-10,9,Jakarta,Bluebird,QRIS,74257.0,11.2,52.4,4.6,642,1,Completed,CUST0623,DRV0028,VH1396
TRIP00964,2025-01-05,14,Jakarta,Bluebird,E-Wallet,45476.0,6.68,25.0,5.0,683,1,Completed,CUST0486,DRV0877,VH1015
TRIP00965,2025-01-23,18,Bandung,Bluebird,Debit/Credit,33625.0,6.59,37.5,4.6,210,2,Completed,CUST0493,DRV0901,VH0646
TRIP00966,2025-01-10,0,Jakarta,Silver Bird,QRIS,71327.0,10.86,45.3,4.2,730,1,Completed,CUST0336,DRV0849,VH0399
TRIP00967,2025-02-13,16,Jakarta,Bluebird,QRIS,62132.0,12.02,54.3,4.2,611,2,Completed,CUST0763,DRV0101,VH1167
TRIP00968,2025-01-02,17,Semarang,Bluebird,Cash,40221.0,5.23,18.0,4.5,115,2,Completed,CUST0611,DRV0058,VH0757
TRIP00969,2025-01-13,17,Semarang,Bluebird Van,Cash,75534.0,12.68,55.4,4.1,90,1,Completed,CUST0178,DRV1048,VH1161
TRIP00970,2025-02-09,9,Jakarta,Bluebird,Debit/Credit,46688.0,9.44,37.7,4.5,602,5,Completed,CUST0513,DRV0415,VH0573
TRIP00971,2025-01-02,18,Semarang,Bluebird,Cash,53001.0,3.67,18.0,4.8,123,1,Completed,CUST0601,DRV1193,VH0056
TRIP00972,2025-03-25,7,Bandung,Bluebird,E-Wallet,54660.0,8.11,40.7,4.6,257,1,Completed,CUST0113,DRV0363,VH0382
TRIP00973,2025-03-06,8,Jakarta,Bluebird,E-Wallet,,,,,625,1,Cancelled,CUST0283,DRV0421,VH0471
TRIP00974,2025-03-04,20,Surabaya,Bluebird,Cash,34387.0,9.3,49.7,4.4,258,1,Completed,CUST0116,DRV0021,VH1232
TRIP00975,2025-03-14,18,Surabaya,Bluebird,QRIS,35769.0,7.87,35.7,4.6,208,1,Completed,CUST0544,DRV0636,VH0635
TRIP00976,2025-01-17,2,Semarang,Bluebird Van,E-Wallet,49729.0,7.02,33.5,4.3,187,1,Completed,CUST0774,DRV0464,VH0743
TRIP00977,2025-01-09,9,Jakarta,Bluebird Van,E-Wallet,32252.0,5.77,33.2,4.6,598,1,Completed,CUST0041,DRV0097,VH0035
TRIP00978,2025-03-16,8,Surabaya,Golden Bird,Debit/Credit,108686.0,10.97,61.0,4.1,182,2,Completed,CUST0167,DRV1119,VH1290
TRIP00979,2025-01-15,9,Jakarta,Golden Bird,QRIS,64641.0,5.03,32.2,4.3,611,3,Completed,CUST0221,DRV0024,VH0976
TRIP00980,2025-01-24,9,Jakarta,Bluebird,QRIS,25896.0,5.17,21.6,4.8,606,2,Completed,CUST0726,DRV0380,VH0021
TRIP00981,2025-02-07,6,Jakarta,Bluebird,Debit/Credit,68119.0,9.6,34.3,4.4,649,1,Completed,CUST0313,DRV0396,VH1164
TRIP00982,2025-02-04,14,Semarang,Golden Bird,E-Wallet,97180.0,11.61,48.6,4.5,172,1,Completed,CUST0346,DRV1157,VH0265
TRIP00983,2025-02-18,18,Medan,Bluebird,QRIS,62586.0,6.44,30.1,4.9,145,2,Completed,CUST0471,DRV0054,VH1424
TRIP00984,2025-03-10,17,Medan,Bluebird Van,E-Wallet,64297.0,9.6,39.5,4.3,115,2,Completed,CUST0131,DRV1014,VH0457
TRIP00985,2025-03-03,17,Bandung,Bluebird,Cash,58708.0,10.22,40.0,4.5,257,3,Completed,CUST0048,DRV1136,VH1144
TRIP00986,2025-03-01,6,Jakarta,Bluebird,E-Wallet,,,,,628,2,Cancelled,CUST0134,DRV0422,VH0950
TRIP00987,2025-02-19,22,Jakarta,Bluebird,Debit/Credit,54327.0,7.57,40.8,4.9,698,1,Completed,CUST0519,DRV0131,VH0383
TRIP00988,2025-03-19,19,Jakarta,Bluebird Van,QRIS,44469.0,5.23,26.1,4.3,616,1,Completed,CUST0556,DRV0420,VH0535
TRIP00989,2025-03-16,19,Jakarta,Bluebird,Debit/Credit,15673.0,1.88,19.7,4.6,594,2,Completed,CUST0317,DRV0776,VH1063
TRIP00990,2025-01-09,19,Surabaya,Silver Bird,Cash,63146.0,7.21,36.1,4.9,158,1,Completed,CUST0438,DRV0775,VH0984
TRIP00991,2025-02-03,21,Bandung,Bluebird,Cash,46117.0,10.53,33.1,4.5,313,3,Completed,CUST0435,DRV1092,VH1046
TRIP00992,2025-03-17,16,Jakarta,Bluebird,Cash,32580.0,5.13,33.7,4.3,608,1,Completed,CUST0086,DRV0875,VH0047
TRIP00993,2025-02-04,8,Jakarta,Silver Bird,Cash,68048.0,10.6,42.7,4.7,622,1,Completed,CUST0048,DRV0175,VH0746
TRIP00994,2025-01-01,17,Jakarta,Bluebird,QRIS,,,,,648,3,Cancelled,CUST0490,DRV0464,VH0539
TRIP00995,2025-02-09,18,Jakarta,Bluebird,Debit/Credit,47430.0,8.82,40.9,4.4,619,2,Completed,CUST0424,DRV0390,VH1408
TRIP00996,2025-03-05,18,Semarang,Bluebird,Debit/Credit,59979.0,8.92,49.9,4.3,127,2,Completed,CUST0387,DRV0748,VH1072
TRIP00997,2025-01-22,16,Surabaya,Bluebird,Cash,44144.0,6.02,24.7,4.6,189,1,Completed,CUST0240,DRV0136,VH0679
TRIP00998,2025-03-01,6,Medan,Bluebird,E-Wallet,42624.0,8.01,42.8,4.4,161,1,Completed,CUST0664,DRV0409,VH0984
TRIP00999,2025-03-05,12,Bandung,Bluebird,Debit/Credit,51195.0,5.75,17.1,4.2,344,1,Completed,CUST0451,DRV0224,VH1105
TRIP01000,2025-03-13,21,Jakarta,Bluebird,E-Wallet,48975.0,10.62,38.9,4.5,673,2,Completed,CUST0258,DRV0601,VH0045
TRIP01001,2025-01-11,16,Jakarta,Bluebird Van,Debit/Credit,,,,,644,1,Cancelled,CUST0044,DRV0970,VH0275
TRIP01002,2025-01-14,16,Medan,Bluebird,Cash,20160.0,7.67,53.3,4.1,141,2,Completed,CUST0168,DRV0619,VH0985
TRIP01003,2025-03-01,9,Medan,Silver Bird,QRIS,77180.0,12.18,60.6,4.1,158,3,Completed,CUST0787,DRV0878,VH1335
TRIP01004,2025-01-30,12,Jakarta,Bluebird,Debit/Credit,62273.0,10.49,36.6,4.3,670,3,Completed,CUST0191,DRV0009,VH0232
TRIP01005,2025-02-04,20,Bandung,Bluebird,Cash,23851.0,4.93,11.8,4.9,323,1,Completed,CUST0664,DRV0594,VH0086
TRIP01006,2025-03-26,17,Bandung,Bluebird,Cash,42592.0,6.74,31.5,4.9,230,2,Completed,CUST0562,DRV0606,VH1129
TRIP01007,2025-02-06,19,Surabaya,Bluebird,Cash,58874.0,7.77,44.1,4.8,180,1,Completed,CUST0276,DRV0116,VH0177
TRIP01008,2025-01-05,14,Semarang,Bluebird,Cash,,,,,208,1,Cancelled,CUST0369,DRV0245,VH0638
TRIP01009,2025-03-24,17,Bandung,Bluebird,QRIS,76436.0,14.57,65.3,4.3,223,1,Completed,CUST0306,DRV0451,VH1213
TRIP01010,2025-03-19,9,Bandung,Bluebird,QRIS,49263.0,8.11,52.8,4.7,235,1,Completed,CUST0607,DRV1049,VH1084
TRIP01011,2025-01-26,18,Jakarta,Bluebird,Cash,10670.0,2.39,9.6,4.8,611,1,Completed,CUST0754,DRV0233,VH1244
TRIP01012,2025-03-03,13,Jakarta,Bluebird,Debit/Credit,52083.0,6.87,28.0,4.8,703,3,Completed,CUST0105,DRV0685,VH0588
TRIP01013,2025-01-04,14,Jakarta,Bluebird,Debit/Credit,17733.0,2.7,26.2,4.6,702,1,Completed,CUST0421,DRV0184,VH0603
TRIP01014,2025-03-30,17,Jakarta,Bluebird,QRIS,37455.0,7.51,42.5,4.5,646,3,Completed,CUST0349,DRV0251,VH1140
TRIP01015,2025-02-11,21,Surabaya,Bluebird Van,Cash,43331.0,2.04,9.0,5.0,242,1,Completed,CUST0772,DRV0291,VH1494
TRIP01016,2025-03-30,6,Surabaya,Bluebird,Cash,37405.0,5.39,33.1,4.7,181,1,Completed,CUST0650,DRV0949,VH1191
TRIP01017,2025-01-18,19,Jakarta,Bluebird,QRIS,35195.0,3.94,21.0,4.4,644,2,Completed,CUST0319,DRV0798,VH0638
TRIP01018,2025-02-09,10,Medan,Bluebird,Cash,59744.0,8.65,43.7,4.4,197,2,Completed,CUST0420,DRV0624,VH1469
TRIP01019,2025-03-13,14,Jakarta,Bluebird Van,QRIS,50433.0,8.5,31.2,4.9,691,2,Completed,CUST0695,DRV0305,VH1257
TRIP01020,2025-02-08,3,Jakarta,Bluebird,Debit/Credit,61961.0,9.41,23.9,4.8,730,1,Completed,CUST0057,DRV0350,VH0114
TRIP01021,2025-01-14,10,Jakarta,Silver Bird,QRIS,59096.0,8.19,30.0,4.7,710,2,Completed,CUST0240,DRV0479,VH0999
TRIP01022,2025-02-01,15,Jakarta,Bluebird,Cash,22130.0,4.32,10.5,4.6,725,1,Completed,CUST0427,DRV1016,VH0612
TRIP01023,2025-02-20,6,Jakarta,Bluebird Van,QRIS,62495.0,10.04,46.2,4.7,609,1,Completed,CUST0617,DRV0130,VH0151
TRIP01024,2025-02-07,15,Bandung,Golden Bird,Debit/Credit,99233.0,12.77,49.3,4.8,310,1,Completed,CUST0577,DRV0187,VH0584
TRIP01025,2025-01-23,21,Jakarta,Golden Bird,E-Wallet,92106.0,9.73,47.3,4.7,703,1,Completed,CUST0140,DRV0670,VH0988
TRIP01026,2025-03-04,7,Semarang,Bluebird,Debit/Credit,35408.0,5.52,34.9,4.9,118,1,Completed,CUST0062,DRV0235,VH0370
TRIP01027,2025-01-15,18,Jakarta,Bluebird,Debit/Credit,22234.0,4.22,26.7,4.6,619,4,Completed,CUST0152,DRV0278,VH1373
TRIP01028,2025-01-25,13,Jakarta,Bluebird,QRIS,40599.0,5.78,23.1,4.6,675,2,Completed,CUST0130,DRV1126,VH0975
TRIP01029,2025-01-17,17,Jakarta,Bluebird,QRIS,48646.0,9.86,40.0,4.5,624,1,Completed,CUST0431,DRV0787,VH1191
TRIP01030,2025-03-07,9,Surabaya,Golden Bird,E-Wallet,91175.0,11.22,37.6,4.6,176,1,Completed,CUST0638,DRV0835,VH0072
TRIP01031,2025-03-19,8,Jakarta,Bluebird,Cash,49391.0,9.28,45.9,4.8,609,2,Completed,CUST0440,DRV0274,VH0860
TRIP01032,2025-02-22,8,Medan,Bluebird,E-Wallet,56205.0,9.9,53.2,4.7,158,1,Completed,CUST0212,DRV0365,VH0353
TRIP01033,2025-02-20,6,Bandung,Bluebird,Debit/Credit,52114.0,9.12,43.7,4.6,247,2,Completed,CUST0400,DRV0468,VH1035
TRIP01034,2025-02-08,8,Bandung,Bluebird,Debit/Credit,42004.0,8.52,38.3,4.2,249,1,Completed,CUST0674,DRV0651,VH0810
TRIP01035,2025-02-20,17,Bandung,Bluebird,Cash,39057.0,5.02,31.3,4.2,223,2,Completed,CUST0717,DRV0826,VH0741
TRIP01036,2025-03-11,20,Jakarta,Silver Bird,Debit/Credit,67066.0,9.02,35.5,4.6,679,2,Completed,CUST0541,DRV0861,VH0638
TRIP01037,2025-01-06,19,Jakarta,Bluebird,QRIS,28035.0,5.95,43.6,4.7,641,2,Completed,CUST0182,DRV0184,VH0153
TRIP01038,2025-03-08,18,Jakarta,Bluebird,Cash,31085.0,8.55,50.8,4.4,631,3,Completed,CUST0051,DRV0918,VH1186
TRIP01039,2025-01-07,7,Bandung,Bluebird,Cash,53189.0,7.99,46.7,4.9,224,1,Completed,CUST0747,DRV0272,VH0386
TRIP01040,2025-02-20,10,Jakarta,Bluebird,E-Wallet,67346.0,13.54,59.5,4.0,709,3,Completed,CUST0526,DRV0196,VH0691
TRIP01041,2025-03-13,10,Jakarta,Bluebird,QRIS,30760.0,4.57,9.2,4.4,712,1,Completed,CUST0350,DRV0782,VH1168
TRIP01042,2025-02-11,9,Semarang,Bluebird,QRIS,54890.0,8.24,45.6,4.3,117,1,Completed,CUST0058,DRV0905,VH0139
TRIP01043,2025-03-05,15,Jakarta,Bluebird,Cash,59868.0,12.94,54.4,4.2,727,1,Completed,CUST0419,DRV0331,VH0206
TRIP01044,2025-01-15,16,Medan,Silver Bird,Debit/Credit,60284.0,9.78,51.4,4.5,112,1,Completed,CUST0137,DRV0620,VH0096
TRIP01045,2025-01-29,12,Medan,Silver Bird,Debit/Credit,76098.0,10.0,43.4,4.4,204,2,Completed,CUST0640,DRV0499,VH0726
TRIP01046,2025-02-02,11,Jakarta,Bluebird,Debit/Credit,56198.0,10.26,44.2,4.1,714,1,Completed,CUST0037,DRV1124,VH1380
TRIP01047,2025-01-27,19,Jakarta,Bluebird Van,QRIS,75272.0,12.4,76.5,4.3,620,1,Completed,CUST0494,DRV0081,VH1495
TRIP01048,2025-02-05,19,Jakarta,Silver Bird,QRIS,60459.0,5.24,28.4,4.2,600,2,Completed,CUST0359,DRV0861,VH0318
TRIP01049,2025-01-29,10,Surabaya,Bluebird Van,Debit/Credit,,,,,275,1,Cancelled,CUST0780,DRV1018,VH0512
TRIP01050,2025-02-07,21,Surabaya,Bluebird,Cash,54515.0,7.98,28.6,4.3,268,1,Completed,CUST0085,DRV1041,VH0019
TRIP01051,2025-02-26,22,Medan,Bluebird Van,E-Wallet,24644.0,1.02,9.6,4.8,208,2,Completed,CUST0722,DRV0126,VH1437
TRIP01052,2025-01-27,11,Semarang,Silver Bird,Debit/Credit,83023.0,10.49,48.5,4.5,164,1,Completed,CUST0651,DRV0130,VH0407
TRIP01053,2025-02-24,11,Surabaya,Golden Bird,QRIS,,,,,267,1,Cancelled,CUST0539,DRV0214,VH0969
TRIP01054,2025-02-02,15,Jakarta,Bluebird,QRIS,52799.0,7.2,40.5,4.7,689,2,Completed,CUST0344,DRV1153,VH1426
TRIP01055,2025-03-09,21,Jakarta,Silver Bird,E-Wallet,48862.0,7.39,23.4,5.0,691,1,Completed,CUST0745,DRV0970,VH0863
TRIP01056,2025-03-27,20,Medan,Bluebird Van,Cash,45303.0,7.28,25.7,4.8,196,1,Completed,CUST0171,DRV1081,VH0101
TRIP01057,2025-03-07,7,Jakarta,Bluebird,QRIS,44532.0,8.66,44.1,4.2,645,1,Completed,CUST0690,DRV0598,VH0593
TRIP01058,2025-01-10,13,Jakarta,Bluebird,Debit/Credit,51258.0,8.88,41.7,4.5,683,1,Completed,CUST0020,DRV0615,VH0695
TRIP01059,2025-01-05,16,Surabaya,Bluebird Van,QRIS,69621.0,9.67,47.9,4.6,203,1,Completed,CUST0303,DRV1167,VH0018
TRIP01060,2025-03-15,15,Jakarta,Bluebird,E-Wallet,52242.0,7.98,40.9,4.7,673,1,Completed,CUST0776,DRV0423,VH1179
TRIP01061,2025-02-07,8,Semarang,Bluebird,Cash,58568.0,9.63,41.9,4.4,78,1,Completed,CUST0197,DRV0334,VH0129
TRIP01062,2025-01-13,20,Surabaya,Bluebird,Debit/Credit,51691.0,9.34,29.4,4.8,268,1,Completed,CUST0327,DRV0688,VH0992
TRIP01063,2025-01-31,17,Jakarta,Bluebird Van,Cash,51314.0,6.68,36.9,4.3,614,2,Completed,CUST0576,DRV1157,VH1339
TRIP01064,2025-02-16,19,Semarang,Bluebird,Cash,44575.0,10.81,50.7,4.1,116,1,Completed,CUST0556,DRV0264,VH0366
TRIP01065,2025-03-29,20,Jakarta,Bluebird,E-Wallet,20539.0,4.43,21.5,4.4,704,1,Completed,CUST0756,DRV0147,VH0462
TRIP01066,2025-02-21,18,Jakarta,Bluebird,Debit/Credit,53301.0,8.22,40.7,4.5,626,1,Completed,CUST0012,DRV0012,VH1185
TRIP01067,2025-02-25,14,Jakarta,Silver Bird,QRIS,92501.0,11.4,43.2,4.2,718,1,Completed,CUST0361,DRV0055,VH0935
TRIP01068,2025-01-15,17,Jakarta,Bluebird,Cash,43457.0,6.33,32.8,4.5,616,3,Completed,CUST0772,DRV0230,VH1400
TRIP01069,2025-01-29,8,Bandung,Bluebird Van,Debit/Credit,48730.0,7.93,39.9,4.7,237,2,Completed,CUST0296,DRV1146,VH0332
TRIP01070,2025-01-08,17,Jakarta,Bluebird Van,QRIS,74804.0,10.13,46.4,4.2,613,1,Completed,CUST0403,DRV0861,VH0685
TRIP01071,2025-01-05,8,Jakarta,Bluebird,E-Wallet,22844.0,5.92,30.3,4.5,622,2,Completed,CUST0438,DRV0162,VH0911
TRIP01072,2025-01-29,18,Jakarta,Bluebird,E-Wallet,55378.0,8.28,38.3,4.6,622,1,Completed,CUST0769,DRV0803,VH0020
TRIP01073,2025-02-16,9,Medan,Bluebird,Debit/Credit,36620.0,7.03,42.1,4.6,125,1,Completed,CUST0375,DRV0179,VH0546
TRIP01074,2025-03-09,7,Medan,Bluebird,QRIS,50954.0,5.84,32.7,4.5,132,2,Completed,CUST0747,DRV0905,VH0572
TRIP01075,2025-03-17,8,Jakarta,Bluebird,QRIS,,,,,635,1,Cancelled,CUST0759,DRV0552,VH0462
TRIP01076,2025-02-14,0,Jakarta,Bluebird Van,Debit/Credit,62263.0,6.21,26.0,4.8,680,1,Completed,CUST0653,DRV0726,VH1182
TRIP01077,2025-01-02,18,Jakarta,Golden Bird,Cash,92899.0,11.51,50.2,4.7,635,1,Completed,CUST0693,DRV1178,VH1388
TRIP01078,2025-01-27,18,Jakarta,Bluebird,QRIS,36681.0,7.32,56.0,4.3,629,2,Completed,CUST0500,DRV0293,VH0909
TRIP01079,2025-02-05,15,Medan,Bluebird,Cash,29180.0,4.24,19.9,4.6,208,1,Completed,CUST0426,DRV0436,VH0605
TRIP01080,2025-02-05,8,Surabaya,Bluebird,Cash,37762.0,8.31,48.2,4.3,183,2,Completed,CUST0665,DRV0396,VH0323
TRIP01081,2025-01-26,6,Jakarta,Bluebird,Cash,53212.0,10.45,53.9,4.4,612,1,Completed,CUST0044,DRV0166,VH0089
TRIP01082,2025-02-12,3,Jakarta,Bluebird,QRIS,50042.0,11.26,49.4,4.3,679,1,Completed,CUST0109,DRV0994,VH0173
TRIP01083,2025-01-27,8,Jakarta,Golden Bird,E-Wallet,101422.0,13.19,64.5,4.1,626,1,Completed,CUST0098,DRV0784,VH0040
TRIP01084,2025-03-10,20,Surabaya,Bluebird Van,QRIS,106634.0,16.84,59.6,4.2,276,1,Completed,CUST0739,DRV0957,VH0934
TRIP01085,2025-01-20,9,Jakarta,Bluebird,QRIS,,,,,590,2,Cancelled,CUST0445,DRV0401,VH0203
TRIP01086,2025-01-11,11,Semarang,Golden Bird,Cash,41295.0,4.81,10.0,4.7,151,1,Completed,CUST0081,DRV0115,VH0243
TRIP01087,2025-03-15,7,Medan,Bluebird,Debit/Credit,33370.0,8.86,42.2,4.1,160,1,Completed,CUST0218,DRV0351,VH0088
TRIP01088,2025-02-07,8,Jakarta,Silver Bird,Cash,56020.0,7.7,33.7,4.7,611,1,Completed,CUST0149,DRV0818,VH0674
TRIP01089,2025-01-06,15,Bandung,Bluebird,Debit/Credit,64170.0,9.78,41.6,4.7,306,1,Completed,CUST0076,DRV0876,VH0532
TRIP01090,2025-03-13,17,Semarang,Bluebird,E-Wallet,13054.0,2.91,22.0,4.6,116,1,Completed,CUST0592,DRV0614,VH0660
TRIP01091,2025-01-23,9,Bandung,Bluebird Van,Cash,79775.0,14.11,67.8,4.7,233,1,Completed,CUST0564,DRV0131,VH0713
TRIP01092,2025-02-16,6,Jakarta,Bluebird,Cash,58540.0,11.07,54.3,4.4,639,1,Completed,CUST0063,DRV0264,VH1175
TRIP01093,2025-03-31,12,Jakarta,Silver Bird,QRIS,30853.0,3.45,9.6,4.3,690,1,Completed,CUST0596,DRV0834,VH1124
TRIP01094,2025-02-15,9,Medan,Bluebird,E-Wallet,54373.0,5.37,27.7,4.6,149,1,Completed,CUST0394,DRV0181,VH0247
TRIP01095,2025-01-12,8,Surabaya,Bluebird,Debit/Credit,52310.0,10.45,56.2,4.3,178,2,Completed,CUST0503,DRV0349,VH0625
TRIP01096,2025-03-31,22,Surabaya,Bluebird,E-Wallet,,,,,282,2,Cancelled,CUST0367,DRV0471,VH0731
TRIP01097,2025-01-13,17,Medan,Bluebird,QRIS,34262.0,3.68,14.7,4.6,170,3,Completed,CUST0478,DRV0161,VH0985
TRIP01098,2025-03-03,16,Medan,Bluebird,E-Wallet,,,,,123,1,Cancelled,CUST0255,DRV0114,VH0496
TRIP01099,2025-03-23,13,Semarang,Bluebird,Cash,15633.0,1.0,5.0,4.4,157,1,Completed,CUST0059,DRV0018,VH1313
TRIP01100,2025-03-30,13,Jakarta,Bluebird,Cash,42778.0,8.23,40.2,4.4,699,1,Completed,CUST0520,DRV1128,VH0415
TRIP01101,2025-03-01,16,Bandung,Bluebird,E-Wallet,73702.0,10.34,57.9,4.2,231,2,Completed,CUST0389,DRV0143,VH0970
TRIP01102,2025-02-12,18,Surabaya,Bluebird,E-Wallet,35307.0,6.35,26.9,4.4,172,1,Completed,CUST0588,DRV0655,VH0615
TRIP01103,2025-03-17,18,Surabaya,Bluebird,Cash,19547.0,3.48,24.1,4.5,189,1,Completed,CUST0426,DRV0964,VH0079
TRIP01104,2025-03-09,8,Bandung,Bluebird Van,Cash,44782.0,7.44,50.6,4.6,260,2,Completed,CUST0590,DRV0453,VH1409
TRIP01105,2025-01-05,15,Jakarta,Bluebird,Cash,20499.0,6.69,29.7,5.0,682,2,Completed,CUST0636,DRV0451,VH1462
TRIP01106,2025-02-06,13,Medan,Bluebird,Cash,57593.0,9.39,47.5,4.6,217,1,Completed,CUST0502,DRV0062,VH0528
TRIP01107,2025-03-13,20,Surabaya,Bluebird,Cash,10000.0,5.34,28.4,5.0,259,1,Completed,CUST0524,DRV0596,VH1365
TRIP01108,2025-01-31,17,Jakarta,Bluebird,E-Wallet,35517.0,6.18,26.3,4.9,594,2,Completed,CUST0280,DRV0940,VH1083
TRIP01109,2025-01-09,16,Bandung,Bluebird,Debit/Credit,11251.0,1.0,10.7,4.9,219,2,Completed,CUST0045,DRV1153,VH0706
TRIP01110,2025-02-20,7,Jakarta,Bluebird,Debit/Credit,70143.0,9.01,44.3,4.4,628,1,Completed,CUST0565,DRV0364,VH0637
TRIP01111,2025-01-29,17,Jakarta,Bluebird,Debit/Credit,25169.0,8.02,40.8,4.5,598,1,Completed,CUST0181,DRV1091,VH0899
TRIP01112,2025-03-19,7,Jakarta,Bluebird,QRIS,21188.0,4.93,34.1,4.5,603,2,Completed,CUST0401,DRV0047,VH0911
TRIP01113,2025-02-09,11,Jakarta,Silver Bird,E-Wallet,68303.0,9.08,39.2,4.5,707,1,Completed,CUST0374,DRV0969,VH0544
TRIP01114,2025-02-10,7,Bandung,Bluebird,Debit/Credit,50369.0,10.08,27.8,4.7,219,1,Completed,CUST0234,DRV0822,VH1016
TRIP01115,2025-03-27,18,Bandung,Bluebird,QRIS,30810.0,6.35,24.2,4.9,242,1,Completed,CUST0186,DRV0660,VH0690
TRIP01116,2025-01-11,8,Surabaya,Bluebird,Debit/Credit,46030.0,8.8,27.9,4.8,160,1,Completed,CUST0075,DRV0762,VH0219
TRIP01117,2025-01-23,12,Medan,Silver Bird,QRIS,52330.0,8.32,34.5,4.5,229,1,Completed,CUST0710,DRV1161,VH1124
TRIP01118,2025-01-01,20,Jakarta,Bluebird,E-Wallet,33599.0,4.89,21.2,4.7,675,2,Completed,CUST0591,DRV1119,VH0995
TRIP01119,2025-02-15,8,Jakarta,Bluebird,E-Wallet,48866.0,14.67,68.7,4.3,606,4,Completed,CUST0233,DRV0238,VH0103
TRIP01120,2025-01-21,15,Medan,Bluebird,QRIS,34929.0,6.09,17.6,4.9,225,1,Completed,CUST0168,DRV0796,VH0884
TRIP01121,2025-03-31,13,Jakarta,Bluebird,Debit/Credit,48017.0,10.47,46.6,4.1,675,1,Completed,CUST0535,DRV0035,VH0630
TRIP01122,2025-02-05,2,Semarang,Bluebird,Cash,58336.0,9.11,41.5,4.2,210,1,Completed,CUST0407,DRV0870,VH0755
TRIP01123,2025-02-23,19,Medan,Silver Bird,Debit/Credit,74747.0,7.08,27.5,4.9,156,1,Completed,CUST0230,DRV0492,VH1143
TRIP01124,2025-03-28,6,Bandung,Bluebird,QRIS,43615.0,8.82,33.0,4.6,219,1,Completed,CUST0647,DRV0258,VH0007
TRIP01125,2025-02-26,15,Semarang,Bluebird,Cash,55329.0,7.54,30.2,4.5,198,1,Completed,CUST0293,DRV0387,VH0388
TRIP01126,2025-01-01,16,Jakarta,Bluebird,QRIS,24114.0,4.25,37.5,4.5,631,3,Completed,CUST0400,DRV0270,VH0828
TRIP01127,2025-03-04,17,Jakarta,Bluebird,Debit/Credit,31589.0,7.5,49.9,4.3,594,3,Completed,CUST0038,DRV0867,VH1305
TRIP01128,2025-02-23,18,Surabaya,Bluebird,Cash,52947.0,6.16,36.6,4.7,168,1,Completed,CUST0232,DRV1071,VH0042
TRIP01129,2025-02-24,9,Jakarta,Bluebird,E-Wallet,44781.0,7.11,31.3,4.3,596,1,Completed,CUST0168,DRV0606,VH0096
TRIP01130,2025-02-09,1,Semarang,Bluebird,Cash,21471.0,2.89,17.8,4.7,210,1,Completed,CUST0285,DRV0694,VH0246
TRIP01131,2025-01-15,18,Jakarta,Bluebird,E-Wallet,66956.0,11.88,52.4,4.4,613,4,Completed,CUST0103,DRV0954,VH1248
TRIP01132,2025-01-21,16,Bandung,Bluebird,Debit/Credit,62525.0,11.81,49.9,4.5,260,1,Completed,CUST0145,DRV0411,VH0114
TRIP01133,2025-02-16,19,Bandung,Bluebird,QRIS,51007.0,9.93,32.7,4.7,251,1,Completed,CUST0755,DRV0845,VH0544
TRIP01134,2025-03-14,19,Surabaya,Bluebird,QRIS,46519.0,11.81,56.0,4.5,168,1,Completed,CUST0660,DRV0125,VH0330
TRIP01135,2025-02-22,19,Jakarta,Bluebird,Debit/Credit,38416.0,7.47,33.5,4.5,600,2,Completed,CUST0366,DRV0212,VH1177
TRIP01136,2025-01-09,15,Jakarta,Bluebird,Debit/Credit,43570.0,6.59,27.0,4.4,672,3,Completed,CUST0153,DRV0945,VH1241
TRIP01137,2025-03-15,11,Medan,Bluebird,Debit/Credit,29960.0,5.16,5.0,5.0,219,1,Completed,CUST0422,DRV0920,VH0272
TRIP01138,2025-02-21,19,Jakarta,Bluebird,QRIS,62872.0,10.43,50.9,4.3,632,2,Completed,CUST0319,DRV0135,VH1424
TRIP01139,2025-02-26,14,Medan,Bluebird,QRIS,48011.0,8.18,15.7,4.7,227,1,Completed,CUST0638,DRV0785,VH1374
TRIP01140,2025-01-26,8,Bandung,Bluebird Van,E-Wallet,,,,,215,1,Cancelled,CUST0704,DRV0790,VH1446
TRIP01141,2025-02-10,20,Surabaya,Silver Bird,Cash,73992.0,11.89,51.2,4.8,276,1,Completed,CUST0485,DRV0315,VH0261
TRIP01142,2025-02-04,20,Surabaya,Bluebird,QRIS,47031.0,9.21,34.9,4.4,264,1,Completed,CUST0083,DRV0300,VH0717
TRIP01143,2025-03-04,14,Jakarta,Golden Bird,QRIS,52036.0,5.98,27.9,4.4,691,1,Completed,CUST0533,DRV0279,VH0264
TRIP01144,2025-01-25,6,Bandung,Silver Bird,Debit/Credit,47339.0,4.96,21.0,4.4,266,1,Completed,CUST0288,DRV0374,VH0801
TRIP01145,2025-03-31,12,Medan,Bluebird,Debit/Credit,42884.0,9.55,38.7,4.9,200,2,Completed,CUST0796,DRV0726,VH0318
TRIP01146,2025-03-16,19,Bandung,Golden Bird,QRIS,80568.0,10.13,54.1,4.1,217,1,Completed,CUST0489,DRV0062,VH1140
TRIP01147,2025-02-07,20,Semarang,Bluebird,Cash,55909.0,8.46,12.2,4.7,176,1,Completed,CUST0268,DRV0879,VH1236
TRIP01148,2025-01-02,8,Bandung,Bluebird,Cash,,,,,270,2,Cancelled,CUST0633,DRV1078,VH0160
TRIP01149,2025-01-07,6,Jakarta,Bluebird,QRIS,59636.0,13.41,61.5,3.9,618,3,Completed,CUST0623,DRV0338,VH0477
TRIP01150,2025-03-23,20,Jakarta,Bluebird,QRIS,51402.0,9.82,37.9,4.5,724,1,Completed,CUST0079,DRV0877,VH0641
TRIP01151,2025-02-03,12,Semarang,Bluebird,E-Wallet,41193.0,4.28,27.3,4.4,204,1,Completed,CUST0376,DRV0474,VH0859
TRIP01152,2025-01-17,16,Jakarta,Bluebird,QRIS,31589.0,4.57,18.4,4.5,597,4,Completed,CUST0597,DRV0112,VH0148
TRIP01153,2025-02-12,22,Medan,Bluebird Van,Cash,51257.0,6.34,21.0,5.0,212,2,Completed,CUST0592,DRV0990,VH1471
TRIP01154,2025-02-28,6,Medan,Bluebird Van,E-Wallet,56188.0,9.76,33.6,4.7,138,1,Completed,CUST0151,DRV0324,VH1102
TRIP01155,2025-02-20,17,Jakarta,Golden Bird,QRIS,124302.0,13.98,74.5,4.3,605,2,Completed,CUST0756,DRV0619,VH0975
TRIP01156,2025-02-23,6,Jakarta,Silver Bird,Debit/Credit,97022.0,9.75,45.3,4.7,624,3,Completed,CUST0730,DRV0795,VH1286
TRIP01157,2025-01-24,12,Surabaya,Bluebird Van,Cash,65202.0,11.51,43.0,4.5,237,1,Completed,CUST0015,DRV0883,VH0052
TRIP01158,2025-01-25,19,Jakarta,Bluebird,QRIS,30549.0,7.76,38.7,4.4,597,5,Completed,CUST0101,DRV0748,VH0258
TRIP01159,2025-03-12,14,Medan,Bluebird,E-Wallet,51046.0,9.37,41.9,4.6,234,1,Completed,CUST0780,DRV1109,VH1020
TRIP01160,2025-02-21,23,Bandung,Bluebird,Debit/Credit,58476.0,9.47,40.3,4.6,322,1,Completed,CUST0388,DRV0372,VH0248
TRIP01161,2025-03-11,16,Bandung,Golden Bird,QRIS,21457.0,1.06,30.8,4.5,251,2,Completed,CUST0035,DRV1099,VH0288
TRIP01162,2025-03-29,11,Medan,Bluebird,Debit/Credit,25386.0,6.26,28.2,4.7,194,1,Completed,CUST0351,DRV0596,VH1278
TRIP01163,2025-02-02,8,Jakarta,Silver Bird,E-Wallet,82731.0,11.35,50.1,4.2,626,2,Completed,CUST0283,DRV0508,VH0947
TRIP01164,2025-02-18,11,Bandung,Bluebird,Cash,48607.0,7.82,27.4,4.6,306,2,Completed,CUST0637,DRV0228,VH0214
TRIP01165,2025-01-29,12,Jakarta,Bluebird,QRIS,26043.0,4.91,16.9,4.6,691,2,Completed,CUST0736,DRV0595,VH1116
TRIP01166,2025-03-04,6,Jakarta,Silver Bird,E-Wallet,26667.0,1.21,5.0,4.4,603,2,Completed,CUST0673,DRV0015,VH0544
TRIP01167,2025-01-22,12,Bandung,Bluebird,Cash,46017.0,5.9,23.9,4.1,327,1,Completed,CUST0525,DRV1005,VH0232
TRIP01168,2025-01-26,14,Medan,Bluebird,Debit/Credit,42749.0,7.29,34.6,4.4,221,1,Completed,CUST0165,DRV0813,VH0643
TRIP01169,2025-01-28,18,Jakarta,Bluebird,Debit/Credit,33876.0,5.85,27.1,5.0,603,2,Completed,CUST0428,DRV0181,VH0013
TRIP01170,2025-03-26,17,Bandung,Bluebird,Debit/Credit,49242.0,7.43,32.1,4.5,253,2,Completed,CUST0258,DRV0338,VH0838
TRIP01171,2025-02-18,18,Surabaya,Bluebird,QRIS,41375.0,9.52,56.7,4.5,169,2,Completed,CUST0443,DRV0926,VH0533
TRIP01172,2025-03-12,0,Jakarta,Bluebird,QRIS,44646.0,10.51,32.1,4.1,691,1,Completed,CUST0626,DRV0078,VH1469
TRIP01173,2025-03-22,8,Jakarta,Bluebird,Debit/Credit,12483.0,1.43,5.0,4.4,619,2,Completed,CUST0120,DRV0229,VH0839
TRIP01174,2025-03-25,17,Semarang,Bluebird,Cash,,,,,123,1,Cancelled,CUST0069,DRV1054,VH0619
TRIP01175,2025-02-18,15,Surabaya,Silver Bird,QRIS,49223.0,7.09,17.6,4.6,262,2,Completed,CUST0274,DRV0374,VH0406
TRIP01176,2025-01-20,0,Bandung,Bluebird,Cash,64801.0,8.72,37.6,5.0,294,1,Completed,CUST0560,DRV0155,VH0288
TRIP01177,2025-03-27,19,Surabaya,Bluebird,Cash,71441.0,9.47,43.4,4.6,167,1,Completed,CUST0322,DRV0817,VH0426
TRIP01178,2025-03-04,18,Jakarta,Silver Bird,E-Wallet,71364.0,9.92,46.1,4.9,635,3,Completed,CUST0362,DRV0448,VH0436
TRIP01179,2025-03-02,16,Bandung,Bluebird,QRIS,35072.0,5.85,39.5,4.5,216,1,Completed,CUST0570,DRV0869,VH0990
TRIP01180,2025-02-18,6,Bandung,Golden Bird,E-Wallet,55683.0,6.02,27.2,5.0,238,1,Completed,CUST0590,DRV0447,VH0081
TRIP01181,2025-03-12,18,Bandung,Bluebird,Cash,40801.0,4.82,32.7,5.0,266,1,Completed,CUST0499,DRV0432,VH1206
TRIP01182,2025-01-01,16,Jakarta,Bluebird,Debit/Credit,68496.0,10.8,61.8,4.2,636,3,Completed,CUST0204,DRV0767,VH0358
TRIP01183,2025-01-13,19,Jakarta,Bluebird,Cash,15909.0,5.74,27.8,4.5,598,3,Completed,CUST0737,DRV1193,VH0702
TRIP01184,2025-03-28,18,Jakarta,Bluebird Van,E-Wallet,75404.0,11.05,57.4,4.0,636,1,Completed,CUST0775,DRV1105,VH0255
TRIP01185,2025-02-20,19,Semarang,Silver Bird,E-Wallet,46245.0,7.42,36.0,4.5,128,2,Completed,CUST0506,DRV0798,VH0899
TRIP01186,2025-02-25,15,Jakarta,Bluebird,Cash,62531.0,8.36,39.9,4.5,717,1,Completed,CUST0615,DRV0988,VH0166
TRIP01187,2025-03-24,7,Bandung,Bluebird,E-Wallet,35031.0,5.03,17.1,5.0,250,1,Completed,CUST0109,DRV0549,VH0465
TRIP01188,2025-03-03,17,Jakarta,Silver Bird,Cash,32438.0,4.43,14.2,4.4,648,2,Completed,CUST0265,DRV1078,VH0256
TRIP01189,2025-02-01,17,Jakarta,Bluebird,Debit/Credit,34795.0,6.56,31.5,4.6,596,3,Completed,CUST0388,DRV0469,VH0423
TRIP01190,2025-01-30,18,Surabaya,Silver Bird,E-Wallet,53868.0,7.01,29.8,4.2,156,4,Completed,CUST0416,DRV0369,VH0198
TRIP01191,2025-01-29,8,Bandung,Bluebird,E-Wallet,18551.0,1.0,8.4,4.6,258,2,Completed,CUST0568,DRV0854,VH1237
TRIP01192,2025-02-18,8,Bandung,Bluebird,E-Wallet,46982.0,6.41,32.1,4.7,252,1,Completed,CUST0312,DRV1124,VH0557
TRIP01193,2025-02-14,20,Jakarta,Bluebird,QRIS,45979.0,11.27,50.1,4.5,728,3,Completed,CUST0252,DRV0984,VH0883
TRIP01194,2025-01-30,18,Surabaya,Bluebird,Cash,69098.0,9.7,43.9,4.6,155,4,Completed,CUST0584,DRV0725,VH0525
TRIP01195,2025-01-16,21,Jakarta,Bluebird,Cash,55200.0,7.01,22.3,4.8,715,3,Completed,CUST0653,DRV0982,VH1076
TRIP01196,2025-02-09,18,Jakarta,Bluebird Van,QRIS,48937.0,8.64,40.1,4.7,636,2,Completed,CUST0388,DRV0598,VH1289
TRIP01197,2025-01-19,17,Bandung,Bluebird,E-Wallet,32647.0,5.33,23.9,4.7,262,1,Completed,CUST0692,DRV0414,VH1349
TRIP01198,2025-01-18,17,Jakarta,Bluebird,Cash,64593.0,8.95,37.3,4.3,629,2,Completed,CUST0203,DRV0093,VH0555
TRIP01199,2025-01-01,20,Jakarta,Bluebird,Debit/Credit,77745.0,13.12,41.2,4.0,725,2,Completed,CUST0783,DRV0965,VH0007
TRIP01200,2025-03-19,16,Surabaya,Bluebird,QRIS,52546.0,10.91,52.1,4.2,176,1,Completed,CUST0110,DRV0561,VH0044
TRIP01201,2025-02-16,17,Surabaya,Golden Bird,QRIS,90822.0,9.56,42.3,4.5,153,1,Completed,CUST0082,DRV1063,VH1196
TRIP01202,2025-03-07,8,Medan,Silver Bird,Debit/Credit,80557.0,6.02,38.8,4.8,110,1,Completed,CUST0596,DRV0546,VH1126
TRIP01203,2025-02-07,15,Jakarta,Bluebird,QRIS,56277.0,10.75,32.9,4.6,675,1,Completed,CUST0769,DRV0778,VH0735
TRIP01204,2025-02-20,18,Jakarta,Bluebird Van,E-Wallet,23414.0,3.44,18.0,4.7,647,1,Completed,CUST0193,DRV1033,VH0589
TRIP01205,2025-03-04,9,Jakarta,Silver Bird,Cash,,,,,620,1,Cancelled,CUST0139,DRV0188,VH0812
TRIP01206,2025-01-04,8,Semarang,Golden Bird,E-Wallet,77978.0,8.55,35.6,4.5,70,2,Completed,CUST0221,DRV0608,VH1320
TRIP01207,2025-01-01,10,Bandung,Bluebird,Cash,43401.0,9.22,35.2,4.8,342,2,Completed,CUST0189,DRV0645,VH1229
TRIP01208,2025-01-08,9,Surabaya,Golden Bird,Cash,90287.0,10.01,39.5,5.0,154,2,Completed,CUST0340,DRV0675,VH0491
TRIP01209,2025-01-29,8,Jakarta,Bluebird,Debit/Credit,36790.0,9.38,36.1,5.0,608,3,Completed,CUST0478,DRV0139,VH0318
TRIP01210,2025-02-24,13,Bandung,Bluebird,E-Wallet,29908.0,6.41,36.5,4.6,294,1,Completed,CUST0422,DRV0298,VH1195
TRIP01211,2025-01-03,21,Jakarta,Golden Bird,Cash,94163.0,10.11,41.6,4.6,723,1,Completed,CUST0197,DRV1104,VH0218
TRIP01212,2025-02-01,15,Bandung,Bluebird,QRIS,10000.0,4.14,17.5,5.0,294,2,Completed,CUST0586,DRV0179,VH0501
TRIP01213,2025-01-10,8,Semarang,Bluebird,QRIS,,,,,118,1,Cancelled,CUST0198,DRV0218,VH1217
TRIP01214,2025-03-15,6,Semarang,Silver Bird,Cash,36513.0,6.99,38.5,4.7,100,1,Completed,CUST0324,DRV0267,VH0333
TRIP01215,2025-03-24,18,Bandung,Golden Bird,E-Wallet,50891.0,7.52,46.2,4.2,269,1,Completed,CUST0260,DRV0591,VH1177
TRIP01216,2025-02-03,12,Bandung,Bluebird,Debit/Credit,10546.0,1.52,14.1,4.6,333,1,Completed,CUST0199,DRV0679,VH0553
TRIP01217,2025-03-28,19,Semarang,Golden Bird,Cash,75685.0,8.17,45.4,4.7,76,1,Completed,CUST0137,DRV0616,VH1047
TRIP01218,2025-02-24,17,Surabaya,Bluebird,QRIS,66629.0,10.32,41.4,4.3,164,2,Completed,CUST0346,DRV0850,VH0216
TRIP01219,2025-02-01,19,Jakarta,Bluebird,Debit/Credit,45137.0,8.27,43.3,4.4,640,2,Completed,CUST0500,DRV0727,VH1067
TRIP01220,2025-02-19,9,Bandung,Golden Bird,QRIS,,,,,264,1,Cancelled,CUST0175,DRV0075,VH1385
TRIP01221,2025-01-07,18,Jakarta,Bluebird,Debit/Credit,42531.0,6.45,21.2,5.0,642,2,Completed,CUST0489,DRV0737,VH0743
TRIP01222,2025-01-08,9,Bandung,Bluebird,Cash,,,,,222,2,Cancelled,CUST0469,DRV0336,VH0936
TRIP01223,2025-03-06,21,Bandung,Bluebird,Debit/Credit,35377.0,5.81,29.5,4.7,301,1,Completed,CUST0316,DRV0804,VH0414
TRIP01224,2025-02-26,17,Bandung,Bluebird,Cash,26117.0,6.77,41.2,4.6,228,1,Completed,CUST0380,DRV0855,VH1442
TRIP01225,2025-03-08,11,Jakarta,Bluebird,E-Wallet,42119.0,7.51,19.2,4.8,682,1,Completed,CUST0442,DRV0363,VH0622
TRIP01226,2025-03-29,9,Jakarta,Silver Bird,QRIS,38437.0,4.28,30.7,5.0,616,3,Completed,CUST0133,DRV0190,VH0617
TRIP01227,2025-03-28,8,Bandung,Silver Bird,QRIS,38427.0,5.36,30.1,4.5,247,3,Completed,CUST0027,DRV1130,VH0316
TRIP01228,2025-02-28,18,Medan,Bluebird,E-Wallet,41653.0,7.21,42.3,4.7,142,1,Completed,CUST0257,DRV0070,VH1454
TRIP01229,2025-03-13,8,Surabaya,Silver Bird,Cash,87523.0,11.69,50.3,4.7,155,1,Completed,CUST0563,DRV0522,VH0767
TRIP01230,2025-02-23,17,Jakarta,Bluebird,QRIS,85728.0,15.11,73.0,4.4,602,2,Completed,CUST0656,DRV0983,VH0499
TRIP01231,2025-03-08,9,Semarang,Bluebird,QRIS,,,,,82,1,Cancelled,CUST0356,DRV0517,VH0349
TRIP01232,2025-02-20,17,Semarang,Golden Bird,QRIS,45804.0,4.47,23.4,4.6,82,1,Completed,CUST0236,DRV0028,VH0075
TRIP01233,2025-01-08,19,Jakarta,Bluebird,E-Wallet,28960.0,6.41,33.8,4.3,609,3,Completed,CUST0672,DRV0905,VH0233
TRIP01234,2025-02-03,19,Jakarta,Bluebird,Debit/Credit,52184.0,8.02,35.5,4.6,625,2,Completed,CUST0359,DRV0092,VH0913
TRIP01235,2025-02-04,18,Surabaya,Bluebird,Cash,73944.0,13.35,73.0,3.6,186,1,Completed,CUST0271,DRV0363,VH0724
TRIP01236,2025-03-29,8,Medan,Bluebird,Debit/Credit,44179.0,7.0,35.2,4.1,154,2,Completed,CUST0666,DRV0038,VH0570
TRIP01237,2025-03-19,7,Semarang,Golden Bird,QRIS,27820.0,2.82,12.8,5.0,78,1,Completed,CUST0549,DRV0664,VH0038
TRIP01238,2025-02-01,18,Medan,Bluebird,E-Wallet,43655.0,6.0,27.0,4.8,126,1,Completed,CUST0510,DRV0704,VH0262
TRIP01239,2025-02-15,12,Bandung,Bluebird,QRIS,33560.0,9.27,38.0,4.6,324,2,Completed,CUST0729,DRV0491,VH1470
TRIP01240,2025-01-16,14,Bandung,Bluebird,Debit/Credit,30648.0,9.07,41.6,4.6,348,1,Completed,CUST0439,DRV1134,VH0212
TRIP01241,2025-03-09,4,Jakarta,Bluebird,QRIS,30211.0,7.9,22.2,4.7,721,1,Completed,CUST0642,DRV0144,VH1482
TRIP01242,2025-02-06,9,Jakarta,Bluebird,QRIS,54030.0,10.55,63.1,4.5,607,2,Completed,CUST0588,DRV0834,VH0991
TRIP01243,2025-02-23,5,Bandung,Bluebird,QRIS,20052.0,1.0,6.2,4.5,314,1,Completed,CUST0800,DRV1070,VH1306
TRIP01244,2025-03-26,20,Surabaya,Golden Bird,Cash,44049.0,8.31,36.5,4.6,288,1,Completed,CUST0471,DRV1173,VH0785
TRIP01245,2025-01-14,9,Bandung,Bluebird Van,Debit/Credit,75970.0,9.58,45.6,4.5,224,1,Completed,CUST0709,DRV0138,VH0206
TRIP01246,2025-02-24,16,Surabaya,Bluebird,QRIS,33961.0,5.5,30.1,4.4,172,1,Completed,CUST0311,DRV0490,VH0005
TRIP01247,2025-02-17,5,Jakarta,Bluebird,E-Wallet,19079.0,5.99,22.9,5.0,670,1,Completed,CUST0217,DRV0402,VH1267
TRIP01248,2025-03-23,17,Bandung,Bluebird,Cash,16029.0,1.4,20.7,4.6,250,2,Completed,CUST0611,DRV0602,VH0148
TRIP01249,2025-01-07,11,Jakarta,Bluebird Van,Debit/Credit,93502.0,13.27,53.0,4.6,707,1,Completed,CUST0312,DRV0724,VH0975
TRIP01250,2025-03-15,20,Jakarta,Bluebird Van,E-Wallet,51322.0,6.34,30.7,4.7,687,3,Completed,CUST0797,DRV0681,VH1347
TRIP01251,2025-01-07,20,Surabaya,Bluebird,Debit/Credit,57487.0,8.72,31.8,5.0,230,1,Completed,CUST0230,DRV0932,VH0387
TRIP01252,2025-02-02,11,Surabaya,Silver Bird,E-Wallet,60553.0,9.81,40.6,4.3,283,1,Completed,CUST0621,DRV0625,VH1417
TRIP01253,2025-01-23,20,Semarang,Bluebird,E-Wallet,53622.0,11.34,39.7,4.3,188,1,Completed,CUST0340,DRV0341,VH1274
TRIP01254,2025-03-26,23,Jakarta,Bluebird,QRIS,34325.0,8.04,40.7,4.3,679,1,Completed,CUST0495,DRV0302,VH0428
TRIP01255,2025-01-19,19,Bandung,Bluebird,Debit/Credit,49310.0,5.38,23.7,4.7,240,1,Completed,CUST0164,DRV0118,VH0369
TRIP01256,2025-01-19,19,Jakarta,Bluebird,Cash,54180.0,9.02,41.8,4.9,627,3,Completed,CUST0116,DRV0151,VH1001
TRIP01257,2025-02-05,9,Bandung,Bluebird,QRIS,84125.0,10.85,49.2,4.8,216,1,Completed,CUST0071,DRV1191,VH0648
TRIP01258,2025-01-29,16,Medan,Bluebird,Cash,34381.0,6.99,33.5,4.0,147,1,Completed,CUST0726,DRV0607,VH1471
TRIP01259,2025-03-01,6,Surabaya,Bluebird,Debit/Credit,23855.0,5.14,33.6,4.7,157,1,Completed,CUST0053,DRV0772,VH1046
TRIP01260,2025-03-23,7,Medan,Bluebird,QRIS,19956.0,2.88,17.3,3.9,143,1,Completed,CUST0597,DRV0997,VH0550
TRIP01261,2025-01-02,23,Jakarta,Bluebird,QRIS,43596.0,4.84,29.1,4.8,678,1,Completed,CUST0342,DRV0437,VH0539
TRIP01262,2025-01-01,11,Medan,Bluebird,Cash,48726.0,10.09,34.6,4.9,214,1,Completed,CUST0588,DRV0632,VH1306
TRIP01263,2025-02-16,18,Jakarta,Bluebird,E-Wallet,42666.0,7.54,39.3,4.5,616,1,Completed,CUST0779,DRV1098,VH1303
TRIP01264,2025-03-10,19,Medan,Bluebird,Cash,34391.0,5.68,25.3,4.7,150,2,Completed,CUST0760,DRV0362,VH1144
TRIP01265,2025-01-20,20,Jakarta,Bluebird,Cash,36700.0,6.35,28.3,4.7,676,1,Completed,CUST0332,DRV0096,VH1277
TRIP01266,2025-01-11,23,Jakarta,Bluebird,Cash,40144.0,8.76,34.9,4.4,701,1,Completed,CUST0798,DRV0292,VH0477
TRIP01267,2025-01-02,9,Bandung,Bluebird,E-Wallet,34631.0,6.28,32.0,4.7,218,2,Completed,CUST0079,DRV0027,VH1089
TRIP01268,2025-03-08,5,Semarang,Bluebird,E-Wallet,32913.0,5.98,32.2,4.6,166,1,Completed,CUST0107,DRV0821,VH1327
TRIP01269,2025-03-28,13,Jakarta,Bluebird,Debit/Credit,62889.0,12.55,45.6,4.7,704,1,Completed,CUST0082,DRV0305,VH1341
TRIP01270,2025-01-12,7,Jakarta,Bluebird,E-Wallet,74808.0,13.11,64.5,4.2,637,1,Completed,CUST0202,DRV0723,VH0174
TRIP01271,2025-01-20,3,Medan,Silver Bird,Cash,47304.0,2.67,5.3,4.5,205,1,Completed,CUST0392,DRV0870,VH1439
TRIP01272,2025-01-05,12,Jakarta,Bluebird,E-Wallet,41360.0,9.48,38.7,4.2,671,2,Completed,CUST0230,DRV0769,VH1284
TRIP01273,2025-02-06,19,Jakarta,Bluebird,Cash,31611.0,6.17,24.3,4.2,632,2,Completed,CUST0739,DRV0986,VH1309
TRIP01274,2025-02-07,16,Bandung,Bluebird,Cash,27668.0,6.26,28.4,5.0,240,1,Completed,CUST0020,DRV0942,VH0073
TRIP01275,2025-01-09,10,Jakarta,Bluebird,Cash,51420.0,9.43,37.1,4.4,685,2,Completed,CUST0780,DRV0205,VH1103
TRIP01276,2025-02-22,17,Semarang,Bluebird,Debit/Credit,30105.0,6.16,45.3,4.5,116,2,Completed,CUST0323,DRV0867,VH1068
TRIP01277,2025-02-13,9,Surabaya,Bluebird,E-Wallet,48765.0,8.69,43.5,4.9,182,1,Completed,CUST0468,DRV1015,VH0745
TRIP01278,2025-03-27,2,Bandung,Bluebird,QRIS,58822.0,9.02,47.7,4.3,310,1,Completed,CUST0690,DRV0578,VH1027
TRIP01279,2025-01-24,18,Semarang,Bluebird Van,E-Wallet,27272.0,7.68,40.3,4.4,86,2,Completed,CUST0652,DRV0662,VH0443
TRIP01280,2025-03-22,17,Bandung,Bluebird,QRIS,35676.0,5.06,25.5,4.7,244,2,Completed,CUST0310,DRV0679,VH0079
TRIP01281,2025-03-15,18,Jakarta,Bluebird,Cash,32821.0,6.61,45.2,4.5,643,3,Completed,CUST0472,DRV0220,VH1401
TRIP01282,2025-01-30,5,Jakarta,Bluebird,QRIS,31578.0,4.18,19.8,5.0,723,1,Completed,CUST0592,DRV0300,VH0139
TRIP01283,2025-02-28,19,Bandung,Bluebird Van,Debit/Credit,26150.0,4.44,21.3,5.0,260,1,Completed,CUST0694,DRV0258,VH0815
TRIP01284,2025-03-28,17,Jakarta,Silver Bird,E-Wallet,114734.0,14.39,68.9,4.3,641,2,Completed,CUST0074,DRV0715,VH1031
TRIP01285,2025-03-22,16,Semarang,Bluebird,QRIS,37139.0,4.42,23.6,5.0,76,2,Completed,CUST0659,DRV0240,VH0883
TRIP01286,2025-03-22,17,Surabaya,Golden Bird,Debit/Credit,51893.0,4.42,11.8,4.7,203,1,Completed,CUST0745,DRV1180,VH0725
TRIP01287,2025-01-14,20,Jakarta,Bluebird,Cash,57610.0,9.46,44.4,4.5,698,1,Completed,CUST0654,DRV0218,VH0513
TRIP01288,2025-01-09,16,Bandung,Golden Bird,Debit/Credit,54717.0,6.67,42.3,4.4,220,2,Completed,CUST0436,DRV0465,VH0696
TRIP01289,2025-02-09,16,Surabaya,Golden Bird,E-Wallet,61228.0,7.41,50.5,4.1,179,1,Completed,CUST0462,DRV0195,VH0727
TRIP01290,2025-03-07,23,Semarang,Bluebird,Cash,63953.0,11.03,47.1,4.7,167,2,Completed,CUST0150,DRV0270,VH0077
TRIP01291,2025-01-25,18,Medan,Bluebird,E-Wallet,40668.0,9.15,42.9,4.6,166,1,Completed,CUST0644,DRV0563,VH1067
TRIP01292,2025-03-14,14,Bandung,Bluebird,Debit/Credit,46719.0,5.41,27.5,4.7,335,1,Completed,CUST0751,DRV0356,VH1181
TRIP01293,2025-01-22,18,Medan,Bluebird,Cash,32553.0,6.23,38.9,4.5,125,1,Completed,CUST0315,DRV0540,VH0530
TRIP01294,2025-01-04,12,Bandung,Bluebird,E-Wallet,37626.0,5.49,33.4,4.2,295,2,Completed,CUST0674,DRV0476,VH1244
TRIP01295,2025-01-26,9,Bandung,Silver Bird,QRIS,94023.0,9.62,46.2,4.2,211,1,Completed,CUST0250,DRV0565,VH1013
TRIP01296,2025-02-27,17,Jakarta,Bluebird,QRIS,34532.0,7.58,37.2,4.6,644,3,Completed,CUST0640,DRV0308,VH0190
TRIP01297,2025-01-29,21,Jakarta,Bluebird,Cash,23104.0,3.12,7.5,4.6,712,1,Completed,CUST0274,DRV0628,VH0875
TRIP01298,2025-03-28,21,Bandung,Bluebird,Cash,49040.0,6.86,31.2,4.6,332,1,Completed,CUST0482,DRV0409,VH0262
TRIP01299,2025-02-06,11,Jakarta,Bluebird,E-Wallet,35240.0,3.89,5.0,4.7,727,1,Completed,CUST0082,DRV0521,VH0144
TRIP01300,2025-03-16,16,Jakarta,Bluebird,Debit/Credit,70437.0,15.05,73.6,3.9,599,5,Completed,CUST0232,DRV0485,VH0641
TRIP01301,2025-03-11,8,Surabaya,Bluebird,E-Wallet,25763.0,5.1,32.5,4.4,153,1,Completed,CUST0031,DRV0694,VH0278
TRIP01302,2025-01-18,23,Jakarta,Bluebird,Cash,41112.0,8.01,36.1,4.2,718,1,Completed,CUST0746,DRV0930,VH0814
TRIP01303,2025-03-26,23,Bandung,Bluebird,Cash,56890.0,7.77,32.0,4.6,299,1,Completed,CUST0084,DRV1194,VH0307
TRIP01304,2025-02-11,17,Bandung,Bluebird,Cash,32568.0,6.13,43.3,4.6,218,1,Completed,CUST0042,DRV0651,VH0607
TRIP01305,2025-02-10,19,Semarang,Bluebird Van,QRIS,43905.0,5.93,37.8,4.1,114,1,Completed,CUST0714,DRV0797,VH0550
TRIP01306,2025-02-07,18,Bandung,Bluebird,E-Wallet,40293.0,8.27,36.8,4.6,252,1,Completed,CUST0251,DRV0111,VH1180
TRIP01307,2025-02-03,16,Jakarta,Bluebird,Debit/Credit,72299.0,13.08,56.2,4.4,631,2,Completed,CUST0510,DRV0604,VH0300
TRIP01308,2025-01-17,6,Bandung,Bluebird,QRIS,50545.0,9.3,39.0,4.3,233,1,Completed,CUST0387,DRV0220,VH0347
TRIP01309,2025-02-06,14,Medan,Bluebird,E-Wallet,50308.0,11.94,51.6,4.7,194,1,Completed,CUST0597,DRV1029,VH1447
TRIP01310,2025-01-25,17,Semarang,Bluebird,E-Wallet,,,,,104,1,Cancelled,CUST0695,DRV0669,VH0426
TRIP01311,2025-03-17,17,Bandung,Bluebird,Cash,23199.0,7.95,47.4,4.4,213,3,Completed,CUST0266,DRV0895,VH0042
TRIP01312,2025-03-28,12,Jakarta,Bluebird,E-Wallet,39258.0,8.97,45.1,4.4,704,1,Completed,CUST0583,DRV0513,VH0316
TRIP01313,2025-03-27,21,Semarang,Golden Bird,QRIS,78485.0,7.85,25.2,4.3,191,1,Completed,CUST0022,DRV0119,VH0638
TRIP01314,2025-03-26,8,Jakarta,Bluebird,Cash,76547.0,12.63,57.2,4.6,645,2,Completed,CUST0407,DRV0385,VH0077
TRIP01315,2025-01-27,15,Bandung,Bluebird,Cash,43118.0,6.34,25.5,4.5,302,1,Completed,CUST0076,DRV0260,VH0096
TRIP01316,2025-02-26,18,Jakarta,Golden Bird,QRIS,72048.0,7.28,43.3,4.4,626,1,Completed,CUST0487,DRV1199,VH1287
TRIP01317,2025-01-31,18,Jakarta,Bluebird,QRIS,51165.0,10.1,59.7,4.4,621,2,Completed,CUST0781,DRV0134,VH0819
TRIP01318,2025-01-06,17,Jakarta,Bluebird,QRIS,30380.0,3.17,8.9,5.0,634,2,Completed,CUST0680,DRV0102,VH0737
TRIP01319,2025-02-09,9,Jakarta,Bluebird,Cash,45360.0,7.79,36.9,4.3,648,5,Completed,CUST0351,DRV0385,VH0750
TRIP01320,2025-01-12,8,Surabaya,Bluebird,Debit/Credit,59724.0,7.6,36.5,4.5,205,2,Completed,CUST0240,DRV0455,VH0205
TRIP01321,2025-02-22,17,Semarang,Silver Bird,E-Wallet,37255.0,4.04,14.4,5.0,70,2,Completed,CUST0051,DRV1086,VH1312
TRIP01322,2025-03-12,17,Jakarta,Bluebird,Debit/Credit,72611.0,11.67,51.3,4.5,646,2,Completed,CUST0476,DRV0960,VH1287
TRIP01323,2025-01-10,8,Medan,Silver Bird,QRIS,48664.0,4.31,28.2,4.8,120,1,Completed,CUST0595,DRV0901,VH0936
TRIP01324,2025-02-14,18,Jakarta,Bluebird Van,Cash,62088.0,8.09,38.4,4.3,615,3,Completed,CUST0602,DRV0566,VH0655
TRIP01325,2025-01-17,14,Bandung,Bluebird Van,Cash,33490.0,7.88,20.7,4.6,292,1,Completed,CUST0525,DRV0007,VH0315
TRIP01326,2025-01-26,17,Jakarta,Bluebird Van,Cash,88052.0,12.56,78.4,4.0,638,2,Completed,CUST0157,DRV0868,VH1393
TRIP01327,2025-03-26,19,Semarang,Bluebird,Debit/Credit,36836.0,6.77,36.9,4.3,120,1,Completed,CUST0199,DRV0515,VH1276
TRIP01328,2025-03-03,8,Surabaya,Bluebird,Debit/Credit,51044.0,10.81,52.0,4.0,162,1,Completed,CUST0431,DRV0332,VH1357
TRIP01329,2025-02-15,3,Surabaya,Bluebird,Debit/Credit,37601.0,10.1,32.7,4.5,261,1,Completed,CUST0666,DRV0445,VH0744
TRIP01330,2025-03-05,19,Medan,Bluebird,Debit/Credit,42785.0,7.87,41.3,4.8,157,1,Completed,CUST0710,DRV0335,VH1450
TRIP01331,2025-01-02,17,Surabaya,Golden Bird,QRIS,48745.0,4.73,25.8,4.7,199,1,Completed,CUST0736,DRV0661,VH0295
TRIP01332,2025-02-23,18,Semarang,Bluebird,QRIS,10000.0,2.5,5.0,5.0,92,1,Completed,CUST0118,DRV0288,VH0831
TRIP01333,2025-03-06,19,Surabaya,Bluebird Van,Debit/Credit,41237.0,8.32,33.8,4.6,207,1,Completed,CUST0663,DRV1036,VH0642
TRIP01334,2025-02-20,19,Semarang,Silver Bird,QRIS,50151.0,5.17,34.2,4.4,121,2,Completed,CUST0756,DRV0997,VH0285
TRIP01335,2025-02-22,22,Bandung,Bluebird Van,Cash,72427.0,9.76,52.6,4.7,312,1,Completed,CUST0075,DRV1128,VH1341
TRIP01336,2025-02-05,16,Jakarta,Golden Bird,QRIS,92953.0,10.74,53.5,4.4,640,3,Completed,CUST0725,DRV0173,VH0512
TRIP01337,2025-01-26,15,Bandung,Bluebird,Cash,48243.0,6.45,33.5,4.8,319,2,Completed,CUST0787,DRV0321,VH1008
TRIP01338,2025-01-29,13,Jakarta,Bluebird,Cash,29765.0,5.03,19.0,4.4,675,1,Completed,CUST0367,DRV1069,VH0029
TRIP01339,2025-01-21,8,Bandung,Bluebird,E-Wallet,,,,,264,3,Cancelled,CUST0756,DRV0211,VH1318
TRIP01340,2025-01-11,16,Bandung,Bluebird,E-Wallet,16815.0,3.95,31.4,4.9,216,1,Completed,CUST0178,DRV0907,VH1031
TRIP01341,2025-02-09,9,Surabaya,Bluebird,Cash,17994.0,5.72,42.5,4.6,196,1,Completed,CUST0108,DRV0737,VH0542
TRIP01342,2025-01-11,21,Jakarta,Silver Bird,Cash,66263.0,5.56,31.3,4.4,699,1,Completed,CUST0689,DRV0417,VH0215
TRIP01343,2025-02-05,16,Jakarta,Golden Bird,Debit/Credit,83491.0,8.08,32.9,4.6,626,3,Completed,CUST0479,DRV0264,VH0627
TRIP01344,2025-02-28,16,Bandung,Bluebird,Cash,40268.0,10.51,49.6,4.6,257,1,Completed,CUST0686,DRV0301,VH0215
TRIP01345,2025-02-08,11,Semarang,Bluebird,QRIS,39712.0,6.78,29.1,4.7,181,1,Completed,CUST0093,DRV0104,VH1188
TRIP01346,2025-02-23,6,Jakarta,Bluebird,Cash,38831.0,7.17,34.9,4.7,595,3,Completed,CUST0100,DRV0987,VH1194
TRIP01347,2025-02-24,4,Bandung,Bluebird,Cash,16666.0,2.42,12.4,5.0,324,1,Completed,CUST0181,DRV0221,VH0221
TRIP01348,2025-01-24,13,Surabaya,Bluebird,E-Wallet,46448.0,9.66,44.4,4.3,261,1,Completed,CUST0671,DRV0334,VH1024
TRIP01349,2025-01-22,6,Bandung,Bluebird,E-Wallet,,,,,221,1,Cancelled,CUST0096,DRV0418,VH1284
TRIP01350,2025-03-10,17,Jakarta,Bluebird,Cash,55237.0,8.85,55.2,4.3,593,1,Completed,CUST0232,DRV0635,VH0261
TRIP01351,2025-02-25,20,Jakarta,Bluebird,QRIS,45016.0,7.44,27.5,4.6,701,2,Completed,CUST0251,DRV0961,VH1024
TRIP01352,2025-02-02,20,Jakarta,Bluebird,Cash,55138.0,11.01,34.5,4.8,728,2,Completed,CUST0579,DRV0436,VH0566
TRIP01353,2025-02-05,17,Semarang,Bluebird,Cash,34647.0,6.33,35.8,4.3,123,1,Completed,CUST0749,DRV0394,VH1496
TRIP01354,2025-01-20,8,Jakarta,Bluebird,E-Wallet,54144.0,8.32,54.5,4.6,624,3,Completed,CUST0019,DRV0734,VH0801
TRIP01355,2025-03-24,20,Jakarta,Bluebird,Debit/Credit,56462.0,9.96,36.5,4.9,717,1,Completed,CUST0287,DRV0043,VH1279
TRIP01356,2025-03-22,20,Jakarta,Bluebird,QRIS,,,,,685,1,Cancelled,CUST0800,DRV0210,VH1302
TRIP01357,2025-03-03,8,Jakarta,Bluebird Van,Debit/Credit,70930.0,11.17,57.6,4.3,644,3,Completed,CUST0207,DRV0966,VH0646
TRIP01358,2025-03-14,18,Medan,Bluebird,E-Wallet,43542.0,7.23,38.3,4.3,160,1,Completed,CUST0311,DRV0011,VH1048
TRIP01359,2025-01-26,10,Jakarta,Bluebird,E-Wallet,40910.0,8.51,34.1,4.5,684,1,Completed,CUST0103,DRV0216,VH0989
TRIP01360,2025-03-07,19,Jakarta,Silver Bird,Cash,64474.0,6.93,29.3,4.5,630,2,Completed,CUST0159,DRV1188,VH1457
TRIP01361,2025-03-14,23,Bandung,Bluebird,Cash,16086.0,4.15,5.0,5.0,341,1,Completed,CUST0707,DRV0225,VH0992
TRIP01362,2025-03-14,4,Jakarta,Bluebird Van,Debit/Credit,43900.0,6.84,19.6,4.7,671,1,Completed,CUST0563,DRV0658,VH0629
TRIP01363,2025-02-09,20,Jakarta,Bluebird,QRIS,41685.0,6.18,22.0,4.4,675,1,Completed,CUST0378,DRV0773,VH0478
TRIP01364,2025-01-17,17,Medan,Bluebird,E-Wallet,38349.0,9.46,53.5,4.4,123,1,Completed,CUST0224,DRV0016,VH0382
TRIP01365,2025-01-01,22,Medan,Bluebird,Debit/Credit,11717.0,4.29,16.4,4.9,230,1,Completed,CUST0714,DRV1033,VH0819
TRIP01366,2025-03-30,14,Semarang,Bluebird,E-Wallet,56071.0,10.8,39.6,4.5,178,1,Completed,CUST0092,DRV0514,VH0374
TRIP01367,2025-03-02,19,Medan,Bluebird,Cash,34003.0,9.76,40.8,4.9,151,2,Completed,CUST0667,DRV0293,VH0553
TRIP01368,2025-02-12,6,Surabaya,Bluebird,E-Wallet,30670.0,8.06,44.8,4.7,175,1,Completed,CUST0176,DRV1108,VH0762
TRIP01369,2025-02-11,11,Jakarta,Bluebird,QRIS,53116.0,8.5,43.5,4.2,687,3,Completed,CUST0110,DRV0058,VH1347
TRIP01370,2025-01-25,6,Medan,Bluebird,E-Wallet,32021.0,5.83,38.8,4.4,156,1,Completed,CUST0735,DRV0985,VH1113
TRIP01371,2025-02-08,22,Medan,Bluebird,Cash,57588.0,8.31,37.5,4.6,193,1,Completed,CUST0179,DRV0851,VH0092
TRIP01372,2025-02-04,19,Medan,Bluebird,QRIS,43220.0,10.76,40.7,4.1,146,1,Completed,CUST0738,DRV0648,VH0377
TRIP01373,2025-01-03,20,Bandung,Bluebird,E-Wallet,29087.0,4.89,17.1,4.8,346,1,Completed,CUST0453,DRV0461,VH1105
TRIP01374,2025-02-13,21,Jakarta,Bluebird,QRIS,,,,,724,2,Cancelled,CUST0075,DRV0969,VH0603
TRIP01375,2025-02-20,6,Medan,Bluebird,QRIS,38618.0,9.61,54.3,4.6,162,1,Completed,CUST0583,DRV1149,VH0100
TRIP01376,2025-01-12,12,Surabaya,Silver Bird,E-Wallet,79296.0,8.97,25.1,4.9,267,1,Completed,CUST0721,DRV0692,VH1147
TRIP01377,2025-01-19,6,Semarang,Bluebird,QRIS,28899.0,3.44,21.4,4.8,94,2,Completed,CUST0492,DRV0290,VH0800
TRIP01378,2025-02-13,8,Jakarta,Bluebird,Debit/Credit,19997.0,6.3,35.7,4.4,636,2,Completed,CUST0103,DRV1121,VH1420
TRIP01379,2025-02-28,9,Jakarta,Bluebird,Cash,34079.0,5.92,26.3,4.7,641,1,Completed,CUST0041,DRV0920,VH0023
TRIP01380,2025-02-18,14,Jakarta,Bluebird,E-Wallet,40079.0,6.33,9.2,4.6,698,1,Completed,CUST0435,DRV0249,VH0656
TRIP01381,2025-03-02,9,Medan,Bluebird Van,Debit/Credit,40448.0,6.53,34.8,4.3,143,4,Completed,CUST0334,DRV0733,VH0770
TRIP01382,2025-01-17,7,Jakarta,Bluebird,QRIS,27311.0,7.7,33.3,4.5,605,3,Completed,CUST0280,DRV0525,VH0519
TRIP01383,2025-03-15,8,Jakarta,Bluebird,Cash,39950.0,6.55,28.7,4.8,626,1,Completed,CUST0542,DRV1115,VH1301
TRIP01384,2025-02-26,7,Semarang,Bluebird,Debit/Credit,50591.0,4.53,23.6,4.7,99,1,Completed,CUST0506,DRV0705,VH1119
TRIP01385,2025-02-24,22,Jakarta,Golden Bird,Cash,66392.0,7.81,30.3,5.0,692,1,Completed,CUST0243,DRV0772,VH0919
TRIP01386,2025-02-16,18,Medan,Bluebird,Cash,59092.0,8.0,39.9,4.7,169,1,Completed,CUST0564,DRV0576,VH1406
TRIP01387,2025-01-12,22,Jakarta,Bluebird Van,Debit/Credit,44308.0,7.55,24.0,4.9,705,2,Completed,CUST0569,DRV0842,VH0377
TRIP01388,2025-03-03,14,Medan,Bluebird Van,Cash,72423.0,10.98,42.4,4.1,217,1,Completed,CUST0702,DRV0744,VH1049
TRIP01389,2025-03-21,9,Bandung,Bluebird,Cash,53351.0,8.52,29.8,4.6,210,1,Completed,CUST0079,DRV0167,VH0291
TRIP01390,2025-03-29,19,Semarang,Bluebird Van,Debit/Credit,22077.0,2.03,18.3,4.4,77,1,Completed,CUST0437,DRV0249,VH1251
TRIP01391,2025-03-24,11,Semarang,Bluebird,Cash,42014.0,8.37,13.5,4.7,202,1,Completed,CUST0708,DRV0340,VH1197
TRIP01392,2025-01-08,10,Jakarta,Golden Bird,QRIS,95332.0,10.32,39.3,4.4,711,1,Completed,CUST0461,DRV1162,VH1477
TRIP01393,2025-01-21,9,Jakarta,Bluebird,Cash,58875.0,7.2,43.2,4.4,604,4,Completed,CUST0197,DRV0109,VH1312
TRIP01394,2025-03-22,7,Jakarta,Bluebird,Debit/Credit,29249.0,4.01,16.6,5.0,623,1,Completed,CUST0031,DRV0830,VH1093
TRIP01395,2025-03-28,9,Surabaya,Bluebird,Debit/Credit,38325.0,8.02,45.1,4.6,168,1,Completed,CUST0030,DRV0417,VH1305
TRIP01396,2025-03-21,11,Medan,Silver Bird,Debit/Credit,57790.0,7.48,38.0,4.8,233,1,Completed,CUST0113,DRV0426,VH0863
TRIP01397,2025-03-11,17,Bandung,Bluebird,Cash,49849.0,3.64,5.0,4.3,239,3,Completed,CUST0650,DRV1068,VH0342
TRIP01398,2025-03-13,6,Bandung,Bluebird,Cash,21744.0,2.65,17.5,4.7,219,1,Completed,CUST0734,DRV0342,VH0870
TRIP01399,2025-01-25,8,Jakarta,Bluebird,Cash,38488.0,8.24,20.8,4.9,633,2,Completed,CUST0684,DRV1003,VH1357
TRIP01400,2025-03-23,19,Medan,Bluebird,QRIS,26789.0,6.8,34.4,5.0,167,1,Completed,CUST0390,DRV0201,VH1410
TRIP01401,2025-03-30,7,Semarang,Bluebird,E-Wallet,14606.0,5.55,30.1,4.3,122,1,Completed,CUST0667,DRV0378,VH1366
TRIP01402,2025-01-12,11,Jakarta,Bluebird,Cash,,,,,696,1,Cancelled,CUST0276,DRV1128,VH0317
TRIP01403,2025-01-15,20,Bandung,Bluebird,Cash,31413.0,3.69,28.2,4.9,309,1,Completed,CUST0220,DRV0458,VH1331
TRIP01404,2025-02-28,8,Jakarta,Bluebird,Cash,35993.0,7.2,38.8,4.5,614,1,Completed,CUST0276,DRV0991,VH1197
TRIP01405,2025-01-26,6,Bandung,Bluebird,Debit/Credit,45830.0,8.6,36.5,4.3,218,1,Completed,CUST0012,DRV0901,VH0544
TRIP01406,2025-01-26,15,Bandung,Bluebird,Debit/Credit,22880.0,5.95,34.1,4.2,329,2,Completed,CUST0493,DRV0632,VH1224
TRIP01407,2025-02-16,10,Jakarta,Bluebird,Debit/Credit,25293.0,3.48,5.0,4.5,703,2,Completed,CUST0597,DRV1052,VH0075
TRIP01408,2025-02-01,16,Bandung,Bluebird Van,E-Wallet,46057.0,5.58,21.7,4.3,230,2,Completed,CUST0734,DRV1131,VH0776
TRIP01409,2025-01-10,19,Jakarta,Bluebird,QRIS,26395.0,5.29,13.1,4.7,613,2,Completed,CUST0049,DRV0540,VH0217
TRIP01410,2025-01-16,7,Bandung,Bluebird Van,Cash,70080.0,7.8,51.8,4.6,265,2,Completed,CUST0692,DRV0195,VH0633
TRIP01411,2025-03-12,16,Bandung,Silver Bird,QRIS,54310.0,7.96,42.2,4.2,216,2,Completed,CUST0010,DRV1170,VH0532
TRIP01412,2025-01-17,15,Jakarta,Bluebird,Debit/Credit,26971.0,3.52,18.7,4.8,673,1,Completed,CUST0261,DRV0772,VH0449
TRIP01413,2025-01-23,7,Surabaya,Bluebird,Debit/Credit,61687.0,10.28,51.2,4.6,200,3,Completed,CUST0320,DRV0872,VH1031
TRIP01414,2025-01-26,17,Surabaya,Golden Bird,QRIS,47140.0,4.66,30.7,4.6,157,1,Completed,CUST0186,DRV0689,VH0889
TRIP01415,2025-03-26,9,Jakarta,Bluebird,Debit/Credit,63789.0,13.18,61.3,3.9,645,1,Completed,CUST0229,DRV0128,VH0393
TRIP01416,2025-03-27,15,Jakarta,Bluebird,Debit/Credit,30616.0,8.35,35.3,4.7,682,3,Completed,CUST0670,DRV0106,VH1410
TRIP01417,2025-01-07,6,Surabaya,Bluebird,E-Wallet,40891.0,4.26,25.8,4.7,207,1,Completed,CUST0785,DRV0352,VH1171
TRIP01418,2025-01-14,14,Semarang,Bluebird,Debit/Credit,21792.0,3.37,9.2,4.7,170,1,Completed,CUST0021,DRV0834,VH0316
TRIP01419,2025-03-20,10,Jakarta,Golden Bird,Debit/Credit,87910.0,9.54,37.8,4.4,704,1,Completed,CUST0016,DRV0314,VH0454
TRIP01420,2025-01-07,19,Jakarta,Bluebird,Cash,47246.0,7.33,39.2,4.6,594,1,Completed,CUST0480,DRV1001,VH1211
TRIP01421,2025-01-09,6,Jakarta,Bluebird,Debit/Credit,38020.0,8.21,41.6,4.6,641,1,Completed,CUST0795,DRV0384,VH1349
TRIP01422,2025-02-17,13,Bandung,Bluebird,E-Wallet,57937.0,11.84,37.0,5.0,297,1,Completed,CUST0627,DRV1002,VH0813
TRIP01423,2025-03-13,14,Jakarta,Bluebird,QRIS,49865.0,6.4,16.2,4.7,671,2,Completed,CUST0006,DRV0017,VH0318
TRIP01424,2025-02-28,18,Jakarta,Bluebird,Debit/Credit,35152.0,8.68,50.3,4.8,648,4,Completed,CUST0298,DRV1090,VH0394
TRIP01425,2025-03-28,16,Surabaya,Bluebird,Debit/Credit,82997.0,12.26,54.9,4.4,173,1,Completed,CUST0259,DRV0886,VH0379
TRIP01426,2025-03-23,17,Bandung,Golden Bird,Cash,62813.0,7.81,43.3,4.5,251,2,Completed,CUST0040,DRV1137,VH0705
TRIP01427,2025-02-08,19,Jakarta,Bluebird,Debit/Credit,,,,,643,2,Cancelled,CUST0276,DRV0071,VH0794
TRIP01428,2025-01-18,20,Bandung,Golden Bird,Cash,76622.0,8.52,23.8,4.4,305,2,Completed,CUST0744,DRV1085,VH1498
TRIP01429,2025-02-28,10,Bandung,Bluebird,E-Wallet,46176.0,3.51,8.1,4.8,293,1,Completed,CUST0519,DRV0444,VH1042
TRIP01430,2025-01-17,16,Jakarta,Bluebird,E-Wallet,44586.0,12.72,57.3,3.8,648,4,Completed,CUST0605,DRV0969,VH0827
TRIP01431,2025-01-14,19,Jakarta,Bluebird,Cash,33519.0,6.03,27.5,4.5,619,1,Completed,CUST0511,DRV0483,VH0149
TRIP01432,2025-01-31,23,Medan,Bluebird,Cash,84326.0,16.41,74.7,4.1,235,1,Completed,CUST0308,DRV0517,VH0558
TRIP01433,2025-01-24,20,Jakarta,Bluebird,Debit/Credit,64806.0,12.9,52.9,4.7,699,2,Completed,CUST0533,DRV0317,VH1036
TRIP01434,2025-03-01,12,Surabaya,Bluebird,QRIS,36942.0,5.61,35.4,4.9,264,1,Completed,CUST0480,DRV1045,VH0742
TRIP01435,2025-02-14,8,Semarang,Bluebird,Cash,31318.0,6.86,38.3,4.5,111,1,Completed,CUST0414,DRV0698,VH0462
TRIP01436,2025-01-03,15,Jakarta,Silver Bird,QRIS,74141.0,10.76,26.2,4.7,682,4,Completed,CUST0523,DRV0721,VH1184
TRIP01437,2025-02-06,18,Jakarta,Bluebird,QRIS,54171.0,10.85,58.8,4.5,626,2,Completed,CUST0465,DRV0231,VH0977
TRIP01438,2025-02-12,15,Bandung,Bluebird,Cash,33520.0,8.33,22.8,4.4,343,1,Completed,CUST0409,DRV0864,VH0695
TRIP01439,2025-02-09,15,Medan,Bluebird,E-Wallet,,,,,238,1,Cancelled,CUST0050,DRV1102,VH0567
TRIP01440,2025-03-31,19,Semarang,Bluebird,E-Wallet,32762.0,6.43,28.3,4.5,118,1,Completed,CUST0777,DRV0563,VH0266
TRIP01441,2025-02-24,12,Surabaya,Bluebird,Debit/Credit,33970.0,6.9,42.6,4.4,240,2,Completed,CUST0045,DRV0769,VH0547
TRIP01442,2025-03-28,20,Jakarta,Bluebird,E-Wallet,44283.0,7.46,39.9,4.4,727,2,Completed,CUST0797,DRV0808,VH0080
TRIP01443,2025-02-08,13,Surabaya,Bluebird Van,Cash,49911.0,10.58,37.1,4.7,248,1,Completed,CUST0271,DRV0530,VH0518
TRIP01444,2025-01-15,11,Jakarta,Silver Bird,Cash,70615.0,9.6,37.5,4.7,687,1,Completed,CUST0275,DRV0290,VH1092
TRIP01445,2025-01-04,14,Bandung,Bluebird,Cash,66015.0,7.87,33.2,4.8,349,1,Completed,CUST0423,DRV0100,VH0702
TRIP01446,2025-03-27,18,Jakarta,Bluebird,Debit/Credit,44966.0,10.89,57.6,4.4,606,3,Completed,CUST0035,DRV0149,VH0244
TRIP01447,2025-01-25,7,Jakarta,Bluebird,E-Wallet,31960.0,2.35,17.6,4.7,600,3,Completed,CUST0504,DRV1179,VH0009
TRIP01448,2025-01-13,8,Medan,Silver Bird,Debit/Credit,66158.0,8.43,34.5,5.0,124,2,Completed,CUST0488,DRV0395,VH1181
TRIP01449,2025-03-23,22,Bandung,Bluebird,E-Wallet,35908.0,7.66,25.6,4.3,297,1,Completed,CUST0653,DRV0376,VH0464
TRIP01450,2025-02-02,8,Jakarta,Bluebird,Debit/Credit,53887.0,13.51,62.0,4.7,633,2,Completed,CUST0144,DRV0102,VH0646
TRIP01451,2025-01-16,16,Jakarta,Silver Bird,QRIS,38826.0,3.91,32.3,4.5,618,2,Completed,CUST0757,DRV0782,VH1324
TRIP01452,2025-02-11,16,Medan,Bluebird,QRIS,75865.0,12.17,59.7,4.4,126,2,Completed,CUST0193,DRV0092,VH1344
TRIP01453,2025-03-07,15,Surabaya,Bluebird,Cash,,,,,255,1,Cancelled,CUST0547,DRV0411,VH0249
TRIP01454,2025-02-24,17,Jakarta,Bluebird,Cash,51061.0,9.97,52.4,4.2,645,1,Completed,CUST0784,DRV0406,VH0323
TRIP01455,2025-02-11,9,Jakarta,Bluebird,Debit/Credit,,,,,594,2,Cancelled,CUST0178,DRV0021,VH0556
TRIP01456,2025-02-03,16,Jakarta,Bluebird,QRIS,56183.0,10.18,55.0,4.6,650,2,Completed,CUST0782,DRV0632,VH1486
TRIP01457,2025-01-30,12,Semarang,Bluebird,Debit/Credit,27677.0,8.0,49.7,4.5,153,1,Completed,CUST0318,DRV0019,VH1422
TRIP01458,2025-01-13,17,Bandung,Bluebird,Debit/Credit,43228.0,7.73,36.4,4.4,265,1,Completed,CUST0391,DRV0153,VH0393
TRIP01459,2025-01-13,7,Bandung,Bluebird,Cash,47987.0,5.55,35.8,5.0,233,2,Completed,CUST0151,DRV0301,VH1252
TRIP01460,2025-01-18,16,Bandung,Silver Bird,QRIS,55764.0,6.91,30.4,4.9,220,1,Completed,CUST0611,DRV0413,VH0919
TRIP01461,2025-02-01,8,Jakarta,Bluebird,QRIS,10000.0,6.35,32.6,4.8,619,1,Completed,CUST0447,DRV0202,VH0569
TRIP01462,2025-02-08,10,Medan,Bluebird,QRIS,44573.0,7.37,29.7,4.6,229,1,Completed,CUST0541,DRV0139,VH0244
TRIP01463,2025-02-15,8,Bandung,Bluebird,E-Wallet,11315.0,1.0,10.6,4.5,257,1,Completed,CUST0150,DRV0024,VH1081
TRIP01464,2025-01-29,8,Jakarta,Silver Bird,QRIS,55800.0,9.79,64.4,4.2,637,3,Completed,CUST0208,DRV0012,VH1167
TRIP01465,2025-03-03,19,Jakarta,Silver Bird,Debit/Credit,46948.0,8.13,38.4,4.8,624,1,Completed,CUST0349,DRV0135,VH0192
TRIP01466,2025-03-03,10,Bandung,Bluebird,E-Wallet,44508.0,5.99,28.1,4.4,333,1,Completed,CUST0262,DRV0936,VH0519
TRIP01467,2025-02-26,21,Semarang,Bluebird,E-Wallet,33754.0,7.46,16.3,4.4,205,1,Completed,CUST0722,DRV0081,VH1428
TRIP01468,2025-01-16,22,Jakarta,Silver Bird,E-Wallet,30162.0,4.2,19.8,4.8,714,1,Completed,CUST0413,DRV1094,VH0960
TRIP01469,2025-02-25,16,Medan,Bluebird,Cash,65791.0,13.29,69.2,4.2,142,1,Completed,CUST0089,DRV0591,VH1299
TRIP01470,2025-01-10,7,Surabaya,Bluebird,Cash,35625.0,7.69,35.1,4.4,210,1,Completed,CUST0749,DRV0992,VH1063
TRIP01471,2025-01-30,12,Jakarta,Bluebird Van,Cash,55573.0,8.06,14.7,4.4,705,3,Completed,CUST0760,DRV0711,VH0193
TRIP01472,2025-01-25,19,Jakarta,Bluebird,Cash,,,,,610,5,Cancelled,CUST0258,DRV0797,VH0327
TRIP01473,2025-03-25,12,Jakarta,Bluebird Van,E-Wallet,45314.0,8.57,34.4,4.7,707,2,Completed,CUST0492,DRV1180,VH0483
TRIP01474,2025-01-05,7,Surabaya,Golden Bird,Debit/Credit,96013.0,12.16,61.7,3.9,154,1,Completed,CUST0704,DRV0731,VH0025
TRIP01475,2025-03-06,16,Jakarta,Bluebird,Cash,63351.0,11.61,68.5,3.9,594,1,Completed,CUST0608,DRV0277,VH0102
TRIP01476,2025-02-18,19,Jakarta,Bluebird Van,Cash,71117.0,11.06,49.6,4.3,610,2,Completed,CUST0548,DRV0049,VH0663
TRIP01477,2025-01-03,19,Bandung,Silver Bird,Cash,,,,,234,1,Cancelled,CUST0096,DRV0610,VH0217
TRIP01478,2025-02-14,8,Surabaya,Bluebird,Debit/Credit,58130.0,6.92,27.5,4.8,159,1,Completed,CUST0404,DRV0293,VH0742
TRIP01479,2025-01-14,17,Jakarta,Bluebird,Debit/Credit,34155.0,4.15,26.0,5.0,647,2,Completed,CUST0439,DRV1045,VH0267
TRIP01480,2025-01-30,8,Jakarta,Bluebird,E-Wallet,51494.0,7.9,43.0,4.1,608,1,Completed,CUST0037,DRV0472,VH0162
TRIP01481,2025-03-09,8,Bandung,Bluebird,E-Wallet,,,,,241,2,Cancelled,CUST0746,DRV1162,VH0287
TRIP01482,2025-01-18,20,Bandung,Silver Bird,Cash,78537.0,10.15,46.1,4.8,307,2,Completed,CUST0614,DRV0230,VH0678
TRIP01483,2025-03-03,9,Medan,Bluebird,QRIS,40938.0,8.43,45.0,4.8,167,1,Completed,CUST0481,DRV0838,VH0886
TRIP01484,2025-02-06,9,Jakarta,Bluebird,Cash,74137.0,13.34,61.7,4.3,623,2,Completed,CUST0180,DRV0357,VH0247
TRIP01485,2025-01-25,0,Medan,Bluebird,QRIS,55583.0,11.09,38.0,5.0,237,1,Completed,CUST0325,DRV0541,VH0174
TRIP01486,2025-02-17,20,Surabaya,Golden Bird,E-Wallet,64114.0,6.63,23.1,4.9,244,1,Completed,CUST0582,DRV0827,VH1420
TRIP01487,2025-03-06,19,Bandung,Bluebird,Debit/Credit,17529.0,1.61,5.0,5.0,233,2,Completed,CUST0406,DRV0936,VH1033
TRIP01488,2025-02-22,17,Surabaya,Bluebird,Debit/Credit,61106.0,12.16,58.3,4.3,154,1,Completed,CUST0469,DRV1045,VH0909
TRIP01489,2025-03-20,18,Jakarta,Bluebird,QRIS,92476.0,12.58,58.5,4.1,642,1,Completed,CUST0619,DRV0814,VH1472
TRIP01490,2025-03-14,8,Jakarta,Bluebird,Cash,,,,,643,1,Cancelled,CUST0271,DRV0645,VH1018
TRIP01491,2025-01-15,14,Surabaya,Bluebird,Cash,56122.0,12.53,53.7,4.4,261,1,Completed,CUST0354,DRV0527,VH0788
TRIP01492,2025-02-18,11,Bandung,Bluebird,QRIS,50986.0,8.15,35.3,4.5,298,2,Completed,CUST0559,DRV1022,VH0597
TRIP01493,2025-03-29,7,Surabaya,Bluebird,Debit/Credit,39512.0,8.48,41.1,4.1,204,1,Completed,CUST0465,DRV1129,VH0662
TRIP01494,2025-03-09,15,Jakarta,Bluebird,Cash,63448.0,13.34,53.7,4.1,674,3,Completed,CUST0620,DRV0623,VH1345
TRIP01495,2025-01-12,21,Semarang,Bluebird Van,Debit/Credit,58597.0,10.83,33.5,4.5,154,1,Completed,CUST0364,DRV0851,VH1149
TRIP01496,2025-02-28,5,Bandung,Bluebird,E-Wallet,52401.0,8.95,31.7,4.8,347,1,Completed,CUST0069,DRV0424,VH0041
TRIP01497,2025-02-06,10,Jakarta,Bluebird,QRIS,56699.0,9.92,40.0,4.5,710,2,Completed,CUST0308,DRV0623,VH0337
TRIP01498,2025-03-02,8,Bandung,Bluebird,Debit/Credit,43903.0,8.85,38.2,4.5,250,1,Completed,CUST0423,DRV0004,VH0326
TRIP01499,2025-02-12,9,Surabaya,Bluebird,QRIS,45388.0,6.8,41.2,4.3,183,1,Completed,CUST0514,DRV0469,VH1210
TRIP01500,2025-03-11,21,Medan,Bluebird,Debit/Credit,21938.0,7.33,24.7,4.7,196,1,Completed,CUST0219,DRV0664,VH1265
TRIP01501,2025-02-08,14,Bandung,Bluebird,Debit/Credit,20378.0,4.29,18.7,5.0,315,1,Completed,CUST0045,DRV0887,VH1363
TRIP01502,2025-02-25,14,Medan,Bluebird,E-Wallet,35250.0,6.5,26.8,4.7,190,1,Completed,CUST0233,DRV0538,VH1118
TRIP01503,2025-03-04,18,Jakarta,Bluebird,QRIS,29097.0,7.4,42.8,4.1,641,3,Completed,CUST0701,DRV0360,VH0919
TRIP01504,2025-02-15,8,Jakarta,Bluebird,QRIS,,,,,623,4,Cancelled,CUST0367,DRV0520,VH1440
TRIP01505,2025-03-29,15,Medan,Silver Bird,Cash,,,,,215,1,Cancelled,CUST0122,DRV1097,VH1087
TRIP01506,2025-01-11,14,Medan,Bluebird,Cash,44019.0,6.53,11.4,4.6,246,2,Completed,CUST0495,DRV1102,VH1016
TRIP01507,2025-03-03,17,Surabaya,Bluebird,Debit/Credit,62714.0,9.51,54.4,4.3,181,1,Completed,CUST0577,DRV0068,VH0733
TRIP01508,2025-03-18,23,Medan,Bluebird,E-Wallet,14836.0,2.63,21.2,4.5,201,1,Completed,CUST0149,DRV0695,VH0520
TRIP01509,2025-01-25,18,Jakarta,Bluebird,QRIS,51420.0,8.16,37.3,4.7,595,1,Completed,CUST0761,DRV0085,VH1233
TRIP01510,2025-03-12,13,Medan,Bluebird,Cash,49292.0,7.89,33.2,4.5,209,1,Completed,CUST0476,DRV0079,VH1233
TRIP01511,2025-02-21,19,Jakarta,Bluebird,QRIS,53737.0,7.57,32.0,4.6,608,2,Completed,CUST0579,DRV0020,VH1400
TRIP01512,2025-01-04,8,Jakarta,Bluebird,QRIS,39812.0,7.98,26.3,4.5,605,1,Completed,CUST0350,DRV0156,VH0085
TRIP01513,2025-02-28,4,Jakarta,Bluebird,QRIS,10000.0,3.74,9.8,4.9,673,1,Completed,CUST0571,DRV1141,VH0207
TRIP01514,2025-03-13,8,Jakarta,Bluebird,Cash,50853.0,9.57,42.5,4.4,621,1,Completed,CUST0115,DRV0880,VH1371
TRIP01515,2025-01-20,11,Jakarta,Bluebird Van,Debit/Credit,57227.0,10.44,39.3,4.7,687,2,Completed,CUST0628,DRV0939,VH0161
TRIP01516,2025-03-04,15,Jakarta,Bluebird,Cash,44679.0,9.98,33.2,4.3,674,1,Completed,CUST0237,DRV0028,VH0450
TRIP01517,2025-02-23,17,Jakarta,Bluebird,QRIS,55954.0,11.62,49.3,4.8,646,2,Completed,CUST0047,DRV0610,VH0116
TRIP01518,2025-03-15,21,Jakarta,Silver Bird,E-Wallet,66399.0,9.1,36.3,4.9,723,1,Completed,CUST0621,DRV0974,VH0362
TRIP01519,2025-02-26,15,Bandung,Bluebird,Cash,46708.0,8.44,28.4,4.2,339,1,Completed,CUST0274,DRV0419,VH1275
TRIP01520,2025-03-31,15,Bandung,Bluebird,Debit/Credit,48153.0,7.47,33.7,4.4,295,1,Completed,CUST0113,DRV0022,VH0912
TRIP01521,2025-02-10,6,Jakarta,Bluebird,Debit/Credit,50731.0,10.56,55.0,4.5,646,2,Completed,CUST0545,DRV0261,VH0183
TRIP01522,2025-01-03,5,Surabaya,Bluebird,Debit/Credit,27018.0,3.27,29.7,4.3,243,1,Completed,CUST0399,DRV0060,VH0676
TRIP01523,2025-01-06,16,Medan,Bluebird,QRIS,29874.0,4.82,35.2,4.5,161,1,Completed,CUST0792,DRV0937,VH1352
TRIP01524,2025-01-05,14,Surabaya,Silver Bird,QRIS,101964.0,12.76,52.7,4.5,278,2,Completed,CUST0292,DRV0163,VH0592
TRIP01525,2025-01-05,19,Jakarta,Bluebird,E-Wallet,11930.0,1.12,8.1,4.7,607,1,Completed,CUST0316,DRV1138,VH1031
TRIP01526,2025-02-23,8,Surabaya,Bluebird,Debit/Credit,40805.0,7.58,40.4,4.6,202,1,Completed,CUST0162,DRV0354,VH1411
TRIP01527,2025-02-16,4,Jakarta,Bluebird,QRIS,56942.0,12.02,50.4,4.2,679,2,Completed,CUST0090,DRV0196,VH0931
TRIP01528,2025-03-28,14,Jakarta,Silver Bird,Cash,62679.0,8.22,29.3,4.1,692,1,Completed,CUST0051,DRV1069,VH1394
TRIP01529,2025-02-18,9,Jakarta,Bluebird,Cash,32469.0,7.28,42.6,4.7,645,1,Completed,CUST0424,DRV0625,VH0763
TRIP01530,2025-01-09,5,Medan,Bluebird,Cash,34101.0,7.89,21.8,4.9,240,1,Completed,CUST0406,DRV0905,VH0612
TRIP01531,2025-01-20,18,Jakarta,Bluebird,Debit/Credit,48750.0,7.44,36.0,5.0,646,2,Completed,CUST0144,DRV0179,VH0079
TRIP01532,2025-03-02,7,Jakarta,Bluebird,Cash,35105.0,8.59,46.3,3.9,607,2,Completed,CUST0616,DRV0325,VH1245
TRIP01533,2025-02-04,17,Jakarta,Bluebird,QRIS,33544.0,6.45,31.8,4.8,593,1,Completed,CUST0682,DRV0370,VH1436
TRIP01534,2025-02-19,10,Medan,Bluebird,Debit/Credit,65722.0,10.83,41.9,4.0,241,1,Completed,CUST0528,DRV0568,VH0682
TRIP01535,2025-03-23,8,Surabaya,Bluebird Van,QRIS,73674.0,12.27,56.1,4.8,181,2,Completed,CUST0133,DRV0779,VH1121
TRIP01536,2025-03-03,12,Jakarta,Bluebird,Debit/Credit,52117.0,8.1,26.6,4.8,716,1,Completed,CUST0499,DRV0926,VH0393
TRIP01537,2025-01-17,19,Bandung,Bluebird,Debit/Credit,15302.0,2.84,27.6,4.4,215,2,Completed,CUST0390,DRV0115,VH0468
TRIP01538,2025-03-29,12,Bandung,Bluebird,Cash,21837.0,5.43,14.6,4.9,315,1,Completed,CUST0170,DRV0357,VH0870
TRIP01539,2025-01-03,18,Surabaya,Bluebird,Debit/Credit,25087.0,7.45,40.0,4.4,155,1,Completed,CUST0542,DRV1191,VH1395
TRIP01540,2025-02-01,7,Jakarta,Bluebird,Debit/Credit,65213.0,10.02,51.0,4.5,624,3,Completed,CUST0160,DRV0115,VH1417
TRIP01541,2025-01-13,18,Medan,Bluebird,QRIS,16895.0,4.48,19.3,4.8,150,1,Completed,CUST0659,DRV0798,VH0018
TRIP01542,2025-03-30,9,Jakarta,Silver Bird,Cash,59117.0,6.19,33.3,5.0,632,3,Completed,CUST0749,DRV0323,VH1208
TRIP01543,2025-03-14,17,Surabaya,Bluebird,QRIS,39980.0,9.53,39.8,5.0,154,1,Completed,CUST0412,DRV0042,VH1167
TRIP01544,2025-03-09,16,Jakarta,Bluebird,E-Wallet,70850.0,11.32,63.0,4.1,603,2,Completed,CUST0687,DRV1143,VH1487
TRIP01545,2025-01-14,21,Jakarta,Bluebird,Debit/Credit,59620.0,6.64,18.6,5.0,671,2,Completed,CUST0584,DRV0574,VH1358
TRIP01546,2025-01-11,12,Jakarta,Bluebird,Cash,11485.0,4.5,13.4,4.8,723,1,Completed,CUST0384,DRV0441,VH0062
TRIP01547,2025-02-25,6,Bandung,Bluebird,Debit/Credit,70607.0,16.85,66.8,3.8,260,1,Completed,CUST0639,DRV0285,VH0163
TRIP01548,2025-03-08,3,Jakarta,Golden Bird,QRIS,99562.0,10.85,33.9,4.4,709,1,Completed,CUST0708,DRV0104,VH0552
TRIP01549,2025-01-29,19,Medan,Bluebird Van,Debit/Credit,52393.0,6.7,45.9,5.0,122,1,Completed,CUST0185,DRV0569,VH0179
TRIP01550,2025-01-09,16,Jakarta,Bluebird,Debit/Credit,64542.0,11.11,56.2,4.4,640,3,Completed,CUST0662,DRV0457,VH1259
TRIP01551,2025-03-08,18,Surabaya,Bluebird,QRIS,36071.0,7.63,39.5,4.8,154,1,Completed,CUST0214,DRV0311,VH1084
TRIP01552,2025-01-25,9,Medan,Golden Bird,E-Wallet,106385.0,10.1,43.8,4.4,156,1,Completed,CUST0094,DRV1189,VH1252
TRIP01553,2025-03-17,11,Bandung,Bluebird,Debit/Credit,42344.0,7.48,36.3,4.4,325,1,Completed,CUST0570,DRV0407,VH0239
TRIP01554,2025-02-11,4,Surabaya,Bluebird,Debit/Credit,32391.0,8.27,27.3,4.7,265,1,Completed,CUST0219,DRV0845,VH0568
TRIP01555,2025-01-09,22,Surabaya,Bluebird,Cash,39407.0,7.66,36.2,4.5,279,2,Completed,CUST0219,DRV0581,VH0746
TRIP01556,2025-03-20,17,Jakarta,Silver Bird,E-Wallet,26952.0,4.16,18.5,4.3,645,2,Completed,CUST0013,DRV1082,VH0084
TRIP01557,2025-02-09,21,Medan,Bluebird,E-Wallet,82142.0,13.31,48.7,4.2,208,1,Completed,CUST0423,DRV0719,VH1065
TRIP01558,2025-01-25,9,Jakarta,Silver Bird,Cash,41861.0,5.68,36.0,4.7,609,1,Completed,CUST0795,DRV0597,VH0438
TRIP01559,2025-01-05,17,Bandung,Silver Bird,QRIS,36181.0,2.92,25.7,4.6,231,2,Completed,CUST0423,DRV1184,VH0529
TRIP01560,2025-01-11,17,Surabaya,Bluebird,Cash,35941.0,7.36,41.6,4.5,180,1,Completed,CUST0486,DRV0187,VH0105
TRIP01561,2025-02-28,10,Jakarta,Bluebird,Debit/Credit,27012.0,5.62,15.1,4.8,710,1,Completed,CUST0377,DRV0896,VH0537
TRIP01562,2025-03-29,19,Jakarta,Silver Bird,Debit/Credit,45947.0,8.34,38.2,4.6,636,2,Completed,CUST0652,DRV0464,VH0382
TRIP01563,2025-03-20,22,Bandung,Bluebird,Cash,53940.0,9.06,37.3,4.8,333,1,Completed,CUST0408,DRV0330,VH1117
TRIP01564,2025-02-07,20,Medan,Bluebird,E-Wallet,67099.0,10.49,36.0,4.3,193,1,Completed,CUST0786,DRV0349,VH1239
TRIP01565,2025-03-13,18,Semarang,Bluebird,Cash,39572.0,9.24,54.6,4.5,72,2,Completed,CUST0119,DRV0500,VH0217
TRIP01566,2025-01-05,9,Bandung,Bluebird,E-Wallet,19692.0,6.08,15.5,4.9,246,1,Completed,CUST0271,DRV0490,VH0489
TRIP01567,2025-02-17,10,Surabaya,Bluebird,QRIS,52078.0,8.15,27.1,4.9,254,2,Completed,CUST0097,DRV1005,VH0151
TRIP01568,2025-03-31,22,Semarang,Bluebird,QRIS,27024.0,8.02,28.5,4.3,198,1,Completed,CUST0047,DRV0280,VH1398
TRIP01569,2025-01-18,1,Jakarta,Bluebird,Cash,35084.0,3.23,5.0,4.8,706,1,Completed,CUST0664,DRV0855,VH0813
TRIP01570,2025-03-11,18,Jakarta,Golden Bird,Cash,78246.0,10.21,39.1,5.0,648,2,Completed,CUST0173,DRV1188,VH0631
TRIP01571,2025-02-06,18,Surabaya,Bluebird,Debit/Credit,13576.0,3.63,26.9,4.7,153,1,Completed,CUST0787,DRV1005,VH1473
TRIP01572,2025-03-01,17,Medan,Bluebird,Debit/Credit,70051.0,13.62,62.7,4.4,162,1,Completed,CUST0347,DRV0398,VH0422
TRIP01573,2025-02-17,23,Medan,Bluebird,Cash,25666.0,6.29,36.2,4.8,228,1,Completed,CUST0237,DRV1092,VH0646
TRIP01574,2025-03-18,10,Jakarta,Bluebird,Cash,36114.0,7.95,42.6,4.2,676,1,Completed,CUST0543,DRV0428,VH0207
TRIP01575,2025-01-28,11,Jakarta,Bluebird,Cash,39157.0,6.19,27.8,5.0,676,1,Completed,CUST0213,DRV0375,VH0775
TRIP01576,2025-03-10,6,Bandung,Bluebird,Debit/Credit,10000.0,5.11,30.6,4.8,258,2,Completed,CUST0272,DRV1016,VH0834
TRIP01577,2025-03-18,14,Jakarta,Bluebird,Debit/Credit,91300.0,15.32,61.7,4.4,694,1,Completed,CUST0407,DRV0632,VH0588
TRIP01578,2025-03-22,9,Jakarta,Bluebird,Cash,58112.0,11.32,34.7,4.2,604,1,Completed,CUST0078,DRV0989,VH0564
TRIP01579,2025-02-09,11,Medan,Silver Bird,Debit/Credit,17890.0,2.85,5.0,4.9,196,1,Completed,CUST0791,DRV0697,VH0226
TRIP01580,2025-02-14,19,Jakarta,Bluebird,Cash,54771.0,13.01,60.7,4.4,636,3,Completed,CUST0553,DRV0928,VH0804
TRIP01581,2025-03-03,21,Medan,Bluebird,E-Wallet,66560.0,11.08,48.6,4.8,241,2,Completed,CUST0146,DRV0078,VH0690
TRIP01582,2025-02-27,8,Bandung,Silver Bird,E-Wallet,57468.0,6.16,34.7,4.5,213,1,Completed,CUST0012,DRV0488,VH1411
TRIP01583,2025-03-08,12,Bandung,Bluebird,Debit/Credit,56924.0,7.92,25.4,4.4,323,1,Completed,CUST0760,DRV1194,VH0106
TRIP01584,2025-02-25,21,Jakarta,Bluebird Van,E-Wallet,49895.0,8.46,40.4,4.3,723,1,Completed,CUST0229,DRV1062,VH1100
TRIP01585,2025-02-09,6,Jakarta,Golden Bird,E-Wallet,120126.0,14.42,76.1,4.0,634,1,Completed,CUST0691,DRV0567,VH0516
TRIP01586,2025-02-09,7,Jakarta,Bluebird,E-Wallet,39539.0,6.11,39.0,4.3,633,1,Completed,CUST0341,DRV0951,VH0948
TRIP01587,2025-03-18,8,Semarang,Bluebird,Debit/Credit,47085.0,7.24,43.9,4.8,111,1,Completed,CUST0672,DRV0558,VH0187
TRIP01588,2025-02-02,17,Medan,Bluebird,QRIS,47019.0,6.22,29.0,5.0,128,1,Completed,CUST0733,DRV0171,VH0532
TRIP01589,2025-01-06,7,Bandung,Bluebird,Cash,13437.0,2.7,26.3,4.6,256,1,Completed,CUST0164,DRV0642,VH0275
TRIP01590,2025-03-29,22,Jakarta,Silver Bird,QRIS,105870.0,15.07,61.3,4.2,718,1,Completed,CUST0680,DRV0292,VH0539
TRIP01591,2025-01-19,14,Semarang,Bluebird,Debit/Credit,16917.0,3.26,16.6,4.2,202,2,Completed,CUST0382,DRV0581,VH0648
TRIP01592,2025-03-21,15,Jakarta,Silver Bird,Cash,69636.0,9.16,39.2,4.7,707,2,Completed,CUST0731,DRV0422,VH0018
TRIP01593,2025-02-09,9,Jakarta,Silver Bird,Cash,40485.0,3.28,20.3,5.0,616,5,Completed,CUST0582,DRV0105,VH0285
TRIP01594,2025-02-28,15,Bandung,Bluebird,QRIS,17400.0,5.8,17.2,4.5,294,1,Completed,CUST0422,DRV0566,VH1326
TRIP01595,2025-02-28,17,Semarang,Bluebird,Cash,54795.0,8.07,39.7,4.5,122,1,Completed,CUST0438,DRV0880,VH0932
TRIP01596,2025-02-17,18,Jakarta,Bluebird,Debit/Credit,23537.0,6.03,39.0,4.6,649,2,Completed,CUST0772,DRV0875,VH1014
TRIP01597,2025-02-10,18,Jakarta,Bluebird,E-Wallet,50044.0,10.26,45.9,4.9,647,1,Completed,CUST0063,DRV0248,VH0905
TRIP01598,2025-01-13,16,Semarang,Bluebird,Debit/Credit,47196.0,5.99,38.2,4.6,82,1,Completed,CUST0246,DRV0927,VH0650
TRIP01599,2025-02-14,21,Jakarta,Bluebird,Debit/Credit,63794.0,11.98,53.1,4.4,728,1,Completed,CUST0050,DRV0309,VH0852
TRIP01600,2025-03-30,19,Jakarta,Bluebird,Debit/Credit,,,,,635,1,Cancelled,CUST0798,DRV1130,VH0257
TRIP01601,2025-02-22,18,Bandung,Golden Bird,QRIS,40222.0,5.24,38.7,4.2,270,2,Completed,CUST0234,DRV0315,VH1243
TRIP01602,2025-02-11,6,Medan,Bluebird,Cash,31798.0,7.73,36.4,4.2,165,1,Completed,CUST0528,DRV0609,VH0644
TRIP01603,2025-03-04,0,Bandung,Bluebird,E-Wallet,50878.0,7.55,40.8,4.3,303,1,Completed,CUST0516,DRV0945,VH0357
TRIP01604,2025-01-27,8,Semarang,Bluebird,Cash,40347.0,8.66,45.7,4.7,99,1,Completed,CUST0282,DRV0539,VH0256
TRIP01605,2025-02-07,17,Surabaya,Silver Bird,Cash,,,,,196,1,Cancelled,CUST0669,DRV0072,VH0608
TRIP01606,2025-03-01,13,Jakarta,Bluebird,Debit/Credit,57641.0,9.07,30.1,4.5,717,2,Completed,CUST0220,DRV0378,VH1298
TRIP01607,2025-01-07,13,Semarang,Bluebird,Cash,24602.0,6.07,23.7,4.6,159,1,Completed,CUST0348,DRV0134,VH0334
TRIP01608,2025-01-05,20,Jakarta,Bluebird Van,QRIS,61511.0,8.85,34.0,4.6,701,1,Completed,CUST0364,DRV1198,VH1392
TRIP01609,2025-02-14,20,Jakarta,Bluebird,Cash,62706.0,12.39,40.8,4.9,670,3,Completed,CUST0563,DRV0393,VH0015
TRIP01610,2025-02-27,21,Bandung,Bluebird,Cash,47415.0,8.94,34.2,4.6,313,3,Completed,CUST0042,DRV1088,VH0179
TRIP01611,2025-01-31,10,Jakarta,Bluebird,Cash,49396.0,10.6,36.8,4.4,698,1,Completed,CUST0423,DRV0996,VH1469
TRIP01612,2025-01-23,18,Jakarta,Silver Bird,Cash,73779.0,10.67,54.8,4.3,632,3,Completed,CUST0135,DRV0415,VH1427
TRIP01613,2025-02-11,9,Jakarta,Bluebird,Debit/Credit,32788.0,8.04,49.3,4.8,596,2,Completed,CUST0786,DRV0403,VH0088
TRIP01614,2025-01-10,8,Bandung,Bluebird,E-Wallet,48055.0,7.96,31.3,4.5,240,1,Completed,CUST0259,DRV1137,VH0094
TRIP01615,2025-02-01,8,Medan,Bluebird,QRIS,20551.0,4.24,36.9,4.3,126,1,Completed,CUST0191,DRV0065,VH0845
TRIP01616,2025-02-22,11,Bandung,Bluebird Van,E-Wallet,79041.0,10.81,42.3,4.4,319,1,Completed,CUST0256,DRV0866,VH1419
TRIP01617,2025-01-30,14,Semarang,Bluebird,Cash,11054.0,1.0,5.0,4.7,174,1,Completed,CUST0748,DRV0401,VH0028
TRIP01618,2025-02-08,19,Jakarta,Bluebird,QRIS,33847.0,8.24,46.3,4.6,617,2,Completed,CUST0494,DRV0290,VH0697
TRIP01619,2025-01-31,7,Jakarta,Bluebird Van,Cash,72942.0,11.92,52.6,4.6,625,3,Completed,CUST0788,DRV1113,VH0075
TRIP01620,2025-03-23,18,Jakarta,Bluebird,Debit/Credit,23854.0,4.41,25.1,4.4,650,2,Completed,CUST0073,DRV0759,VH0054
TRIP01621,2025-01-02,16,Jakarta,Bluebird Van,QRIS,73479.0,9.7,44.0,4.2,596,1,Completed,CUST0074,DRV0844,VH0321
TRIP01622,2025-03-19,10,Jakarta,Bluebird Van,Debit/Credit,,,,,704,2,Cancelled,CUST0635,DRV0661,VH0760
TRIP01623,2025-03-18,15,Medan,Golden Bird,Debit/Credit,57425.0,6.39,30.6,4.8,245,1,Completed,CUST0582,DRV0357,VH1258
TRIP01624,2025-01-12,10,Semarang,Bluebird,QRIS,64567.0,9.64,36.6,4.2,169,1,Completed,CUST0401,DRV0878,VH0630
TRIP01625,2025-02-08,17,Semarang,Bluebird,Debit/Credit,45860.0,7.39,27.5,4.5,83,1,Completed,CUST0079,DRV0998,VH1254
TRIP01626,2025-03-07,14,Jakarta,Silver Bird,E-Wallet,44641.0,2.4,13.5,4.6,719,1,Completed,CUST0248,DRV0752,VH0332
TRIP01627,2025-01-13,8,Medan,Bluebird Van,QRIS,48404.0,4.57,17.8,4.9,159,2,Completed,CUST0187,DRV0749,VH1496
TRIP01628,2025-02-15,7,Jakarta,Bluebird,QRIS,,,,,645,2,Cancelled,CUST0653,DRV0365,VH0317
TRIP01629,2025-01-27,16,Jakarta,Silver Bird,Debit/Credit,,,,,619,1,Cancelled,CUST0556,DRV0267,VH0101
TRIP01630,2025-01-17,20,Medan,Bluebird,Debit/Credit,79035.0,12.74,42.6,4.8,245,1,Completed,CUST0759,DRV0406,VH0248
TRIP01631,2025-03-01,11,Surabaya,Bluebird,Cash,,,,,230,1,Cancelled,CUST0470,DRV0139,VH0861
TRIP01632,2025-03-05,18,Jakarta,Bluebird,QRIS,51002.0,7.47,42.2,4.2,627,2,Completed,CUST0738,DRV1189,VH0870
TRIP01633,2025-03-29,17,Bandung,Silver Bird,QRIS,113195.0,14.51,63.9,3.9,250,2,Completed,CUST0579,DRV0666,VH0221
TRIP01634,2025-02-04,21,Jakarta,Bluebird,QRIS,42824.0,8.57,32.8,4.1,694,1,Completed,CUST0456,DRV1130,VH1363
TRIP01635,2025-03-11,19,Surabaya,Bluebird,Cash,22599.0,5.11,26.2,4.6,183,1,Completed,CUST0276,DRV1173,VH0148
TRIP01636,2025-03-24,16,Bandung,Bluebird Van,E-Wallet,,,,,217,1,Cancelled,CUST0765,DRV0185,VH1013
TRIP01637,2025-01-30,17,Semarang,Bluebird,Debit/Credit,10000.0,1.0,6.7,4.9,125,1,Completed,CUST0792,DRV0783,VH1320
TRIP01638,2025-03-12,20,Jakarta,Bluebird,QRIS,79704.0,13.32,63.6,4.2,689,1,Completed,CUST0179,DRV0871,VH1431
TRIP01639,2025-03-15,13,Jakarta,Bluebird,Debit/Credit,63271.0,13.28,42.8,4.4,699,2,Completed,CUST0791,DRV0703,VH0581
TRIP01640,2025-03-04,11,Bandung,Bluebird,E-Wallet,38898.0,3.95,18.9,4.7,293,1,Completed,CUST0129,DRV0907,VH0478
TRIP01641,2025-01-28,1,Bandung,Bluebird,Cash,23861.0,6.32,29.8,4.4,310,1,Completed,CUST0379,DRV0201,VH1048
TRIP01642,2025-03-01,19,Jakarta,Bluebird Van,Cash,69322.0,8.79,37.8,4.8,616,4,Completed,CUST0115,DRV0618,VH0883
TRIP01643,2025-03-20,19,Surabaya,Bluebird,QRIS,26067.0,5.12,21.3,4.5,159,1,Completed,CUST0322,DRV0220,VH1210
TRIP01644,2025-02-06,7,Medan,Silver Bird,E-Wallet,14110.0,2.23,24.0,4.4,132,2,Completed,CUST0389,DRV0857,VH0170
TRIP01645,2025-01-22,16,Semarang,Bluebird,Cash,51802.0,6.17,25.7,4.9,102,1,Completed,CUST0786,DRV1012,VH0438
TRIP01646,2025-03-09,14,Medan,Bluebird,E-Wallet,48195.0,6.54,21.9,4.8,200,1,Completed,CUST0464,DRV1053,VH1017
TRIP01647,2025-01-20,7,Medan,Bluebird,QRIS,38337.0,6.33,39.5,4.1,150,1,Completed,CUST0202,DRV0064,VH0301
TRIP01648,2025-03-09,23,Bandung,Bluebird,QRIS,42320.0,7.67,30.9,4.8,308,1,Completed,CUST0629,DRV0937,VH0688
TRIP01649,2025-03-05,8,Medan,Bluebird,QRIS,64092.0,11.79,42.6,4.3,120,2,Completed,CUST0547,DRV1120,VH1388
TRIP01650,2025-01-17,6,Jakarta,Bluebird,Cash,43583.0,7.59,50.6,4.3,593,2,Completed,CUST0409,DRV0540,VH0988
TRIP01651,2025-01-12,17,Jakarta,Bluebird,E-Wallet,39820.0,9.01,40.3,4.6,612,4,Completed,CUST0618,DRV0510,VH1201
TRIP01652,2025-01-22,18,Jakarta,Bluebird,E-Wallet,50803.0,10.68,47.9,4.6,594,1,Completed,CUST0761,DRV0251,VH0144
TRIP01653,2025-01-17,5,Bandung,Bluebird,QRIS,65845.0,8.66,36.4,4.7,342,2,Completed,CUST0152,DRV0039,VH0523
TRIP01654,2025-01-10,17,Jakarta,Bluebird,E-Wallet,64360.0,6.66,39.0,4.5,638,4,Completed,CUST0653,DRV0069,VH0659
TRIP01655,2025-03-06,16,Semarang,Bluebird Van,E-Wallet,64985.0,7.09,50.1,4.3,119,1,Completed,CUST0405,DRV0277,VH0485
TRIP01656,2025-01-22,7,Jakarta,Bluebird,QRIS,57384.0,10.14,36.9,4.7,594,3,Completed,CUST0491,DRV1144,VH0822
TRIP01657,2025-03-31,8,Jakarta,Bluebird,Debit/Credit,27596.0,5.11,34.2,4.6,607,1,Completed,CUST0162,DRV1110,VH1461
TRIP01658,2025-03-23,16,Bandung,Bluebird Van,QRIS,61264.0,10.79,56.4,4.8,226,1,Completed,CUST0147,DRV0177,VH0195
TRIP01659,2025-02-19,10,Jakarta,Silver Bird,Debit/Credit,,,,,727,1,Cancelled,CUST0412,DRV0971,VH0466
TRIP01660,2025-01-14,21,Jakarta,Bluebird,Cash,30686.0,6.33,30.8,4.4,672,2,Completed,CUST0256,DRV0606,VH0978
TRIP01661,2025-03-05,19,Jakarta,Bluebird,Debit/Credit,69556.0,9.08,50.9,4.3,632,3,Completed,CUST0603,DRV1116,VH1100
TRIP01662,2025-02-16,23,Bandung,Bluebird,Cash,65462.0,8.93,26.0,4.7,338,1,Completed,CUST0370,DRV0081,VH1184
TRIP01663,2025-01-29,9,Bandung,Bluebird,E-Wallet,,,,,267,1,Cancelled,CUST0730,DRV0341,VH0490
TRIP01664,2025-03-17,22,Medan,Silver Bird,E-Wallet,59185.0,8.94,24.8,5.0,197,1,Completed,CUST0651,DRV0421,VH0100
TRIP01665,2025-02-05,14,Surabaya,Silver Bird,Cash,74916.0,8.49,26.0,4.6,285,1,Completed,CUST0689,DRV0228,VH0116
TRIP01666,2025-02-21,11,Bandung,Bluebird,QRIS,17794.0,2.6,8.6,4.5,329,1,Completed,CUST0291,DRV0473,VH0380
TRIP01667,2025-03-17,6,Jakarta,Bluebird Van,QRIS,42825.0,9.88,61.0,4.0,612,1,Completed,CUST0340,DRV0088,VH0824
TRIP01668,2025-01-07,6,Jakarta,Bluebird,Debit/Credit,34231.0,5.2,26.6,4.7,612,3,Completed,CUST0076,DRV0190,VH0063
TRIP01669,2025-01-29,18,Medan,Bluebird,QRIS,44957.0,10.32,49.1,5.0,111,1,Completed,CUST0569,DRV0867,VH0132
TRIP01670,2025-01-11,14,Jakarta,Golden Bird,Debit/Credit,52816.0,6.49,36.0,4.7,726,1,Completed,CUST0540,DRV0981,VH1272
TRIP01671,2025-02-02,9,Jakarta,Bluebird,QRIS,40982.0,8.02,38.0,4.1,628,2,Completed,CUST0505,DRV0981,VH0395
TRIP01672,2025-01-06,17,Medan,Silver Bird,Cash,80517.0,11.62,46.2,4.3,130,1,Completed,CUST0321,DRV0136,VH0643
TRIP01673,2025-03-20,9,Bandung,Bluebird Van,Cash,56541.0,8.49,39.0,4.4,261,1,Completed,CUST0662,DRV0040,VH1435
TRIP01674,2025-02-01,16,Jakarta,Bluebird,Cash,30795.0,5.26,38.6,4.3,613,1,Completed,CUST0307,DRV0256,VH0976
TRIP01675,2025-02-20,12,Jakarta,Bluebird,E-Wallet,13720.0,5.46,22.3,4.6,722,1,Completed,CUST0347,DRV0947,VH1452
TRIP01676,2025-03-16,19,Semarang,Bluebird,E-Wallet,,,,,107,1,Cancelled,CUST0393,DRV0539,VH0914
TRIP01677,2025-02-27,19,Medan,Bluebird,QRIS,36490.0,8.68,47.9,4.6,129,1,Completed,CUST0199,DRV0858,VH0670
TRIP01678,2025-03-28,15,Surabaya,Bluebird,QRIS,38477.0,9.07,31.8,4.9,279,3,Completed,CUST0676,DRV0132,VH0728
TRIP01679,2025-01-26,11,Bandung,Bluebird,Cash,24935.0,4.47,18.2,4.8,349,1,Completed,CUST0182,DRV0868,VH1350
TRIP01680,2025-02-15,12,Bandung,Silver Bird,Debit/Credit,33789.0,3.5,8.0,4.2,328,2,Completed,CUST0240,DRV0741,VH0546
TRIP01681,2025-01-29,19,Semarang,Bluebird,Cash,56442.0,7.64,33.9,4.3,129,1,Completed,CUST0754,DRV0539,VH0375
TRIP01682,2025-01-04,11,Semarang,Bluebird,Debit/Credit,38569.0,6.25,56.4,4.3,199,1,Completed,CUST0066,DRV0282,VH0844
TRIP01683,2025-03-22,8,Jakarta,Bluebird,E-Wallet,79036.0,14.97,75.0,4.1,616,2,Completed,CUST0171,DRV0492,VH0298
TRIP01684,2025-01-13,6,Medan,Silver Bird,Cash,63244.0,7.61,44.5,4.7,153,1,Completed,CUST0645,DRV0280,VH1303
TRIP01685,2025-02-08,14,Jakarta,Bluebird,Debit/Credit,71257.0,13.94,51.4,4.4,708,2,Completed,CUST0593,DRV0909,VH0996
TRIP01686,2025-01-15,15,Jakarta,Bluebird,Cash,33554.0,4.99,30.9,4.6,676,3,Completed,CUST0165,DRV0666,VH0296
TRIP01687,2025-01-29,19,Surabaya,Silver Bird,QRIS,14173.0,3.28,28.8,4.7,182,1,Completed,CUST0063,DRV0555,VH0115
TRIP01688,2025-01-29,8,Jakarta,Bluebird,Cash,28603.0,5.14,41.7,4.4,618,3,Completed,CUST0355,DRV1134,VH0493
TRIP01689,2025-03-16,12,Semarang,Bluebird,QRIS,65214.0,10.37,54.3,4.4,159,1,Completed,CUST0051,DRV0471,VH1081
TRIP01690,2025-02-01,19,Jakarta,Golden Bird,Cash,151971.0,13.77,52.7,4.6,599,2,Completed,CUST0584,DRV0412,VH0879
TRIP01691,2025-01-02,19,Bandung,Bluebird,QRIS,16952.0,4.65,18.8,4.7,221,3,Completed,CUST0043,DRV0513,VH1166
TRIP01692,2025-02-16,12,Semarang,Bluebird Van,QRIS,44613.0,5.42,14.7,4.7,152,1,Completed,CUST0321,DRV1164,VH0719
TRIP01693,2025-03-19,14,Semarang,Bluebird,QRIS,17437.0,3.29,6.6,4.7,152,1,Completed,CUST0318,DRV0878,VH0652
TRIP01694,2025-03-25,10,Jakarta,Bluebird,Debit/Credit,42678.0,3.07,14.5,5.0,682,1,Completed,CUST0216,DRV0690,VH0619
TRIP01695,2025-01-22,21,Jakarta,Golden Bird,E-Wallet,76945.0,10.66,38.7,4.3,714,1,Completed,CUST0191,DRV0949,VH0409
TRIP01696,2025-03-16,7,Bandung,Bluebird,QRIS,48230.0,7.67,53.2,4.8,240,3,Completed,CUST0670,DRV0060,VH1102
TRIP01697,2025-01-27,21,Jakarta,Silver Bird,Cash,52162.0,8.53,47.5,4.1,696,1,Completed,CUST0490,DRV0419,VH1026
TRIP01698,2025-03-08,17,Semarang,Silver Bird,Cash,26075.0,2.6,18.4,4.5,75,1,Completed,CUST0090,DRV0957,VH0786
TRIP01699,2025-03-22,16,Semarang,Golden Bird,E-Wallet,97660.0,11.72,68.6,4.4,96,2,Completed,CUST0422,DRV0825,VH0035
TRIP01700,2025-02-25,5,Jakarta,Bluebird Van,Debit/Credit,59518.0,6.99,38.4,4.8,704,1,Completed,CUST0491,DRV0908,VH0395
TRIP01701,2025-01-21,15,Jakarta,Bluebird,QRIS,41658.0,10.1,37.2,4.2,729,1,Completed,CUST0616,DRV0733,VH1242
TRIP01702,2025-02-16,13,Jakarta,Bluebird,Cash,33436.0,4.14,5.0,4.4,716,2,Completed,CUST0563,DRV0391,VH1091
TRIP01703,2025-03-21,8,Semarang,Bluebird,QRIS,35977.0,6.23,31.4,4.7,78,1,Completed,CUST0254,DRV1168,VH1093
TRIP01704,2025-02-28,17,Jakarta,Bluebird,Cash,52019.0,9.37,41.0,5.0,642,2,Completed,CUST0107,DRV0736,VH1248
TRIP01705,2025-03-25,22,Jakarta,Golden Bird,E-Wallet,91694.0,9.48,39.4,4.8,675,2,Completed,CUST0294,DRV0661,VH0361
TRIP01706,2025-01-06,16,Bandung,Bluebird,E-Wallet,28252.0,7.46,38.5,4.5,215,1,Completed,CUST0511,DRV0027,VH0458
TRIP01707,2025-01-19,18,Bandung,Bluebird,Cash,53570.0,8.48,42.4,3.9,249,1,Completed,CUST0236,DRV0623,VH0294
TRIP01708,2025-02-26,6,Jakarta,Bluebird,QRIS,25284.0,5.11,32.1,4.6,615,1,Completed,CUST0498,DRV0884,VH1350
TRIP01709,2025-03-10,13,Jakarta,Bluebird,Cash,59046.0,9.09,27.9,4.8,712,1,Completed,CUST0356,DRV0127,VH1227
TRIP01710,2025-01-03,7,Semarang,Bluebird Van,QRIS,52973.0,7.14,39.4,4.4,88,1,Completed,CUST0617,DRV0281,VH0593
TRIP01711,2025-01-01,17,Semarang,Bluebird,E-Wallet,39155.0,7.5,34.9,4.4,85,1,Completed,CUST0767,DRV0319,VH0955
TRIP01712,2025-02-27,21,Medan,Bluebird,QRIS,36296.0,7.72,32.3,4.7,230,1,Completed,CUST0304,DRV0441,VH0297
TRIP01713,2025-02-07,17,Jakarta,Golden Bird,QRIS,56288.0,4.68,33.4,4.4,612,3,Completed,CUST0532,DRV0341,VH0946
TRIP01714,2025-01-15,6,Jakarta,Bluebird,Cash,41175.0,4.55,17.6,5.0,600,3,Completed,CUST0492,DRV0694,VH0261
TRIP01715,2025-02-03,11,Surabaya,Bluebird,E-Wallet,10000.0,1.36,5.0,5.0,245,1,Completed,CUST0584,DRV0119,VH0789
TRIP01716,2025-03-02,16,Jakarta,Bluebird,Debit/Credit,44755.0,10.95,51.0,4.6,618,1,Completed,CUST0117,DRV0778,VH1156
TRIP01717,2025-02-04,13,Semarang,Bluebird,QRIS,55846.0,9.28,33.5,4.6,187,1,Completed,CUST0367,DRV0690,VH1349
TRIP01718,2025-03-05,19,Surabaya,Bluebird,Cash,39794.0,10.53,56.4,4.2,208,1,Completed,CUST0642,DRV0713,VH1092
TRIP01719,2025-01-25,19,Jakarta,Golden Bird,QRIS,68630.0,9.42,40.6,4.5,638,5,Completed,CUST0459,DRV0385,VH1150
TRIP01720,2025-01-24,17,Semarang,Bluebird,E-Wallet,10000.0,1.0,8.1,5.0,117,2,Completed,CUST0120,DRV0510,VH1417
TRIP01721,2025-01-12,12,Semarang,Bluebird Van,QRIS,27090.0,3.72,9.9,4.9,169,2,Completed,CUST0213,DRV1182,VH0402
TRIP01722,2025-01-18,9,Jakarta,Silver Bird,QRIS,,,,,610,1,Cancelled,CUST0741,DRV0086,VH0827
TRIP01723,2025-01-15,7,Bandung,Bluebird,QRIS,21475.0,7.41,34.2,4.8,237,2,Completed,CUST0183,DRV0361,VH0336
TRIP01724,2025-03-21,11,Jakarta,Bluebird,Debit/Credit,31315.0,7.83,34.5,4.7,719,2,Completed,CUST0646,DRV1006,VH0962
TRIP01725,2025-01-27,13,Jakarta,Bluebird,QRIS,56748.0,9.61,52.3,4.5,702,1,Completed,CUST0339,DRV0792,VH0029
TRIP01726,2025-03-13,17,Jakarta,Bluebird,Cash,32964.0,8.53,41.6,4.7,639,1,Completed,CUST0478,DRV1109,VH0804
TRIP01727,2025-03-01,17,Bandung,Bluebird Van,Debit/Credit,47407.0,7.36,45.2,4.6,249,1,Completed,CUST0494,DRV0359,VH0844
TRIP01728,2025-02-15,6,Semarang,Bluebird,Debit/Credit,49451.0,4.88,39.2,4.7,95,1,Completed,CUST0231,DRV0727,VH0045
TRIP01729,2025-03-30,13,Bandung,Bluebird,Debit/Credit,51293.0,9.95,47.0,4.5,343,1,Completed,CUST0364,DRV1157,VH1125
TRIP01730,2025-01-17,8,Jakarta,Bluebird,E-Wallet,43428.0,7.21,36.7,4.5,599,1,Completed,CUST0446,DRV1165,VH1250
TRIP01731,2025-02-22,8,Surabaya,Bluebird,QRIS,16783.0,4.01,28.5,4.5,183,1,Completed,CUST0484,DRV0447,VH0419
TRIP01732,2025-01-08,19,Jakarta,Bluebird,Cash,57252.0,6.19,23.7,4.5,598,3,Completed,CUST0246,DRV1100,VH0616
TRIP01733,2025-03-20,5,Medan,Bluebird,E-Wallet,31322.0,6.45,20.3,4.3,245,2,Completed,CUST0764,DRV1122,VH0262
TRIP01734,2025-01-27,13,Bandung,Bluebird,QRIS,49633.0,9.98,35.7,4.3,325,2,Completed,CUST0225,DRV1079,VH0765
TRIP01735,2025-02-15,8,Jakarta,Bluebird,Debit/Credit,58162.0,8.37,57.2,4.1,600,4,Completed,CUST0157,DRV0305,VH0292
TRIP01736,2025-02-19,20,Jakarta,Bluebird,Debit/Credit,41325.0,7.94,26.1,4.6,679,1,Completed,CUST0631,DRV0771,VH1236
TRIP01737,2025-03-12,16,Surabaya,Silver Bird,QRIS,40028.0,4.25,19.2,5.0,195,1,Completed,CUST0606,DRV0534,VH1480
TRIP01738,2025-01-03,9,Jakarta,Bluebird,Cash,52881.0,10.86,44.1,4.4,596,1,Completed,CUST0740,DRV0035,VH1260
TRIP01739,2025-03-05,15,Surabaya,Bluebird,Debit/Credit,32224.0,6.04,28.1,4.7,280,1,Completed,CUST0365,DRV0682,VH0534
TRIP01740,2025-02-13,18,Jakarta,Bluebird,E-Wallet,47965.0,8.2,41.8,4.6,627,1,Completed,CUST0186,DRV1164,VH1093
TRIP01741,2025-02-22,22,Jakarta,Bluebird,Debit/Credit,70171.0,12.94,59.4,4.7,685,1,Completed,CUST0495,DRV1015,VH1270
TRIP01742,2025-01-24,8,Bandung,Bluebird Van,QRIS,50666.0,8.53,46.8,4.3,260,1,Completed,CUST0185,DRV0641,VH0575
TRIP01743,2025-03-01,20,Semarang,Bluebird,Cash,10000.0,1.92,5.0,4.6,175,1,Completed,CUST0387,DRV1124,VH0237
TRIP01744,2025-01-03,21,Semarang,Bluebird,Cash,10000.0,1.49,5.0,4.7,181,1,Completed,CUST0280,DRV0990,VH1355
TRIP01745,2025-01-20,21,Jakarta,Golden Bird,QRIS,59797.0,8.31,42.8,4.8,730,1,Completed,CUST0742,DRV0759,VH0363
TRIP01746,2025-02-15,17,Jakarta,Silver Bird,QRIS,27448.0,4.86,26.0,5.0,620,2,Completed,CUST0482,DRV1047,VH0531
TRIP01747,2025-01-15,17,Jakarta,Bluebird,E-Wallet,56907.0,10.45,58.1,4.4,640,3,Completed,CUST0265,DRV0284,VH0743
TRIP01748,2025-01-25,13,Bandung,Bluebird,E-Wallet,49045.0,7.13,27.5,5.0,321,1,Completed,CUST0670,DRV0113,VH0465
TRIP01749,2025-03-19,18,Bandung,Bluebird,Debit/Credit,49960.0,7.5,31.2,4.7,254,1,Completed,CUST0352,DRV0373,VH1253
TRIP01750,2025-03-12,16,Semarang,Bluebird,QRIS,10000.0,4.68,24.6,4.7,81,1,Completed,CUST0589,DRV0197,VH0382
TRIP01751,2025-01-17,17,Semarang,Silver Bird,Cash,85544.0,12.02,49.3,4.7,96,1,Completed,CUST0082,DRV1188,VH0127
TRIP01752,2025-03-25,13,Jakarta,Bluebird,E-Wallet,71208.0,17.03,64.2,4.4,726,1,Completed,CUST0181,DRV0893,VH0658
TRIP01753,2025-01-09,18,Bandung,Silver Bird,QRIS,52895.0,6.16,34.0,4.4,231,1,Completed,CUST0342,DRV0822,VH1138
TRIP01754,2025-02-07,19,Medan,Bluebird,Cash,41630.0,8.56,45.8,4.7,124,1,Completed,CUST0196,DRV0010,VH0243
TRIP01755,2025-02-17,7,Medan,Bluebird,QRIS,48416.0,7.79,28.0,4.6,117,2,Completed,CUST0060,DRV0398,VH1169
TRIP01756,2025-03-01,19,Jakarta,Bluebird,E-Wallet,42004.0,7.72,38.8,4.5,593,4,Completed,CUST0151,DRV0152,VH0553
TRIP01757,2025-03-04,16,Jakarta,Golden Bird,E-Wallet,38460.0,6.0,27.9,4.9,641,2,Completed,CUST0061,DRV0191,VH0439
TRIP01758,2025-03-27,19,Bandung,Bluebird,Cash,15454.0,3.75,18.5,4.7,217,2,Completed,CUST0647,DRV0277,VH1362
TRIP01759,2025-01-02,14,Jakarta,Bluebird,E-Wallet,,,,,692,1,Cancelled,CUST0428,DRV0493,VH0408
TRIP01760,2025-03-29,12,Jakarta,Bluebird,Cash,51697.0,9.72,35.0,4.7,722,1,Completed,CUST0331,DRV0488,VH0589
TRIP01761,2025-03-13,21,Jakarta,Bluebird,Cash,24785.0,6.94,37.4,4.4,685,2,Completed,CUST0039,DRV0276,VH1192
TRIP01762,2025-01-11,9,Surabaya,Bluebird,E-Wallet,10000.0,1.0,20.3,4.8,197,3,Completed,CUST0253,DRV0190,VH0796
TRIP01763,2025-03-05,19,Jakarta,Bluebird Van,E-Wallet,64649.0,9.83,55.6,4.7,623,3,Completed,CUST0618,DRV0864,VH1191
TRIP01764,2025-03-18,15,Jakarta,Bluebird,Debit/Credit,31040.0,8.39,30.1,4.4,691,1,Completed,CUST0233,DRV0296,VH1189
TRIP01765,2025-03-22,15,Jakarta,Golden Bird,Debit/Credit,87135.0,12.54,43.4,4.6,718,2,Completed,CUST0354,DRV0341,VH0642
TRIP01766,2025-03-13,10,Medan,Bluebird,E-Wallet,41615.0,8.62,35.1,4.4,212,1,Completed,CUST0170,DRV0593,VH1286
TRIP01767,2025-01-21,16,Medan,Bluebird,E-Wallet,17274.0,3.06,19.2,5.0,166,1,Completed,CUST0217,DRV0883,VH0564
TRIP01768,2025-01-18,11,Bandung,Bluebird,E-Wallet,10000.0,1.0,5.0,5.0,294,1,Completed,CUST0348,DRV0950,VH1285
TRIP01769,2025-03-05,5,Jakarta,Bluebird,Debit/Credit,29225.0,6.34,17.1,4.6,706,1,Completed,CUST0526,DRV0258,VH1199
TRIP01770,2025-03-23,9,Semarang,Bluebird Van,E-Wallet,37833.0,4.92,27.4,5.0,113,1,Completed,CUST0411,DRV0977,VH0811
TRIP01771,2025-02-07,0,Jakarta,Bluebird,E-Wallet,50517.0,11.33,42.5,4.8,676,1,Completed,CUST0528,DRV0014,VH1120
TRIP01772,2025-02-01,23,Jakarta,Bluebird,Cash,46128.0,8.47,38.7,4.7,706,2,Completed,CUST0731,DRV1038,VH1381
TRIP01773,2025-01-11,22,Jakarta,Bluebird,E-Wallet,,,,,695,1,Cancelled,CUST0681,DRV0556,VH0370
TRIP01774,2025-02-14,13,Jakarta,Bluebird Van,QRIS,37275.0,4.53,25.8,4.9,729,1,Completed,CUST0526,DRV1008,VH0907
TRIP01775,2025-03-30,18,Jakarta,Bluebird,QRIS,66802.0,11.4,44.8,4.2,617,2,Completed,CUST0243,DRV0210,VH1166
TRIP01776,2025-02-02,11,Semarang,Bluebird,Debit/Credit,55920.0,8.96,38.6,4.6,153,1,Completed,CUST0008,DRV1064,VH0770
TRIP01777,2025-02-10,17,Bandung,Bluebird,Cash,26182.0,1.0,6.9,4.8,258,1,Completed,CUST0283,DRV1058,VH1191
TRIP01778,2025-01-08,19,Jakarta,Bluebird,QRIS,71002.0,12.47,49.3,4.3,621,3,Completed,CUST0623,DRV0747,VH1343
TRIP01779,2025-01-11,22,Semarang,Bluebird,E-Wallet,41830.0,7.08,25.3,4.8,187,1,Completed,CUST0552,DRV0855,VH0658
TRIP01780,2025-03-27,13,Jakarta,Golden Bird,Cash,79195.0,9.68,46.2,4.8,715,1,Completed,CUST0580,DRV0848,VH0993
TRIP01781,2025-02-20,19,Jakarta,Bluebird,QRIS,30535.0,5.91,29.0,4.5,598,2,Completed,CUST0635,DRV0951,VH1359
TRIP01782,2025-03-29,9,Bandung,Bluebird,E-Wallet,46791.0,10.83,62.3,4.2,245,2,Completed,CUST0166,DRV0640,VH0989
TRIP01783,2025-02-10,23,Bandung,Bluebird,QRIS,23837.0,3.44,17.6,4.5,315,1,Completed,CUST0203,DRV0408,VH1498
TRIP01784,2025-01-17,4,Jakarta,Bluebird,QRIS,63274.0,11.0,41.2,4.1,680,1,Completed,CUST0640,DRV0816,VH1169
TRIP01785,2025-03-17,17,Jakarta,Bluebird,QRIS,48871.0,10.96,60.0,4.5,609,2,Completed,CUST0364,DRV1104,VH1078
TRIP01786,2025-02-15,17,Surabaya,Bluebird Van,QRIS,38183.0,5.08,31.4,4.6,202,1,Completed,CUST0152,DRV0176,VH0122
TRIP01787,2025-02-01,18,Surabaya,Golden Bird,Debit/Credit,107052.0,13.95,57.3,4.3,197,3,Completed,CUST0425,DRV1015,VH1148
TRIP01788,2025-03-20,7,Surabaya,Golden Bird,E-Wallet,78599.0,8.69,55.8,4.1,197,1,Completed,CUST0658,DRV0848,VH0167
TRIP01789,2025-03-21,21,Jakarta,Golden Bird,QRIS,83570.0,10.46,43.7,4.4,717,1,Completed,CUST0561,DRV0318,VH0944
TRIP01790,2025-02-23,8,Jakarta,Bluebird,E-Wallet,18461.0,3.92,23.8,5.0,627,2,Completed,CUST0469,DRV0410,VH0834
TRIP01791,2025-03-27,17,Bandung,Bluebird,QRIS,59605.0,13.35,55.4,4.3,224,1,Completed,CUST0410,DRV1166,VH0022
TRIP01792,2025-01-20,8,Jakarta,Bluebird,QRIS,34802.0,4.83,35.6,4.6,624,3,Completed,CUST0515,DRV0247,VH1300
TRIP01793,2025-02-02,10,Semarang,Bluebird,Debit/Credit,50474.0,9.87,43.1,4.5,158,1,Completed,CUST0251,DRV0177,VH0408
TRIP01794,2025-03-15,16,Bandung,Bluebird,Debit/Credit,22002.0,4.02,28.5,4.3,242,2,Completed,CUST0077,DRV0811,VH0482
TRIP01795,2025-02-09,13,Jakarta,Bluebird,Debit/Credit,40166.0,6.64,23.0,4.9,680,1,Completed,CUST0422,DRV0264,VH0299
TRIP01796,2025-02-01,8,Surabaya,Bluebird,Cash,49446.0,10.37,55.3,4.0,171,1,Completed,CUST0732,DRV0168,VH0277
TRIP01797,2025-01-02,8,Bandung,Golden Bird,Cash,97633.0,10.08,54.7,4.1,215,2,Completed,CUST0385,DRV1049,VH0816
TRIP01798,2025-02-02,13,Jakarta,Silver Bird,QRIS,32553.0,4.69,14.1,4.4,725,1,Completed,CUST0379,DRV0703,VH0322
TRIP01799,2025-03-18,18,Medan,Bluebird Van,QRIS,67269.0,10.77,41.2,4.5,146,1,Completed,CUST0228,DRV0528,VH0115
TRIP01800,2025-01-30,20,Medan,Bluebird,Debit/Credit,40661.0,10.63,46.6,4.4,246,1,Completed,CUST0118,DRV0028,VH0272
TRIP01801,2025-02-02,6,Surabaya,Bluebird,Cash,27848.0,5.19,17.7,4.7,206,1,Completed,CUST0267,DRV0664,VH1192
TRIP01802,2025-03-18,13,Jakarta,Bluebird,Debit/Credit,49394.0,13.3,54.3,4.1,729,3,Completed,CUST0235,DRV0580,VH1460
TRIP01803,2025-01-26,7,Bandung,Bluebird,Cash,27772.0,2.63,15.4,5.0,259,1,Completed,CUST0168,DRV0037,VH0264
TRIP01804,2025-01-22,2,Surabaya,Bluebird,QRIS,43024.0,6.13,33.1,4.8,250,1,Completed,CUST0772,DRV0888,VH0250
TRIP01805,2025-03-07,17,Jakarta,Bluebird,QRIS,59584.0,9.94,45.0,4.4,601,2,Completed,CUST0705,DRV0547,VH1486
TRIP01806,2025-02-07,17,Jakarta,Bluebird,Cash,34831.0,5.94,39.5,4.4,596,3,Completed,CUST0696,DRV0646,VH0878
TRIP01807,2025-03-31,8,Medan,Bluebird,E-Wallet,35848.0,8.29,37.6,4.4,111,1,Completed,CUST0522,DRV0878,VH0439
TRIP01808,2025-02-15,9,Jakarta,Bluebird,Cash,40643.0,9.22,51.9,4.3,628,2,Completed,CUST0337,DRV0673,VH1366
TRIP01809,2025-01-15,4,Surabaya,Bluebird,QRIS,56294.0,7.44,44.2,4.1,270,1,Completed,CUST0327,DRV0372,VH1490
TRIP01810,2025-02-13,19,Bandung,Bluebird,E-Wallet,64207.0,9.5,38.5,4.3,233,1,Completed,CUST0359,DRV0736,VH1082
TRIP01811,2025-02-18,22,Bandung,Bluebird,Debit/Credit,37359.0,6.31,27.3,4.9,315,1,Completed,CUST0448,DRV0102,VH0005
TRIP01812,2025-03-16,7,Jakarta,Bluebird,QRIS,43361.0,9.19,64.0,4.3,614,1,Completed,CUST0653,DRV0465,VH0863
TRIP01813,2025-03-02,9,Medan,Bluebird,QRIS,69728.0,10.94,52.2,4.8,129,4,Completed,CUST0534,DRV0694,VH0265
TRIP01814,2025-03-08,20,Jakarta,Bluebird,Debit/Credit,,,,,709,1,Cancelled,CUST0705,DRV0480,VH1273
TRIP01815,2025-01-06,21,Bandung,Silver Bird,E-Wallet,73698.0,9.36,43.0,4.4,330,2,Completed,CUST0604,DRV0910,VH0095
TRIP01816,2025-01-09,13,Surabaya,Silver Bird,E-Wallet,54939.0,4.55,18.5,4.6,271,1,Completed,CUST0097,DRV0216,VH0819
TRIP01817,2025-01-06,6,Surabaya,Bluebird,QRIS,41788.0,9.57,34.3,4.5,193,1,Completed,CUST0653,DRV0999,VH0697
TRIP01818,2025-03-14,5,Semarang,Bluebird,E-Wallet,35180.0,4.16,24.6,4.5,151,2,Completed,CUST0769,DRV0700,VH1481
TRIP01819,2025-02-01,16,Bandung,Bluebird,Cash,27794.0,3.16,6.6,4.8,251,2,Completed,CUST0550,DRV0600,VH0741
TRIP01820,2025-02-10,13,Jakarta,Bluebird,Cash,44209.0,8.28,30.2,4.6,704,2,Completed,CUST0759,DRV1013,VH0317
TRIP01821,2025-03-17,4,Semarang,Bluebird,E-Wallet,16653.0,4.09,24.8,4.6,182,1,Completed,CUST0256,DRV1112,VH0774
TRIP01822,2025-01-08,16,Surabaya,Bluebird,Cash,46347.0,10.37,47.0,4.7,166,2,Completed,CUST0442,DRV0334,VH0119
TRIP01823,2025-03-13,1,Jakarta,Bluebird,Cash,58937.0,10.94,38.9,5.0,727,2,Completed,CUST0409,DRV0664,VH0794
TRIP01824,2025-02-19,19,Jakarta,Bluebird,Cash,10000.0,2.79,25.3,5.0,611,1,Completed,CUST0085,DRV0779,VH0202
TRIP01825,2025-03-03,10,Medan,Bluebird,QRIS,31893.0,5.02,14.1,4.8,190,2,Completed,CUST0417,DRV1002,VH1077
TRIP01826,2025-03-25,5,Jakarta,Bluebird,Debit/Credit,32127.0,4.12,7.9,4.9,706,1,Completed,CUST0549,DRV0450,VH0317
TRIP01827,2025-03-03,16,Surabaya,Silver Bird,Debit/Credit,64116.0,6.61,36.4,5.0,179,1,Completed,CUST0502,DRV0216,VH1268
TRIP01828,2025-01-07,13,Bandung,Bluebird,Cash,31007.0,8.37,32.2,4.8,335,1,Completed,CUST0697,DRV0941,VH1118
TRIP01829,2025-03-16,22,Jakarta,Bluebird,QRIS,55573.0,7.77,22.4,4.6,675,1,Completed,CUST0098,DRV0586,VH1304
TRIP01830,2025-03-25,16,Bandung,Bluebird Van,E-Wallet,56315.0,5.23,33.4,4.7,250,1,Completed,CUST0542,DRV0672,VH1116
TRIP01831,2025-03-21,9,Jakarta,Bluebird Van,E-Wallet,82002.0,12.4,60.9,4.4,643,1,Completed,CUST0503,DRV1017,VH0813
TRIP01832,2025-01-04,18,Jakarta,Bluebird,QRIS,10000.0,1.59,11.8,4.5,603,1,Completed,CUST0451,DRV0505,VH0038
TRIP01833,2025-01-06,9,Bandung,Bluebird,E-Wallet,,,,,245,1,Cancelled,CUST0191,DRV0438,VH0413
TRIP01834,2025-02-27,21,Bandung,Bluebird,Debit/Credit,31615.0,5.37,24.8,5.0,322,3,Completed,CUST0791,DRV0470,VH0243
TRIP01835,2025-01-22,12,Surabaya,Bluebird,Cash,45116.0,7.77,39.4,4.1,267,1,Completed,CUST0201,DRV0006,VH1388
TRIP01836,2025-01-26,16,Medan,Golden Bird,Cash,57072.0,5.92,29.7,4.3,148,1,Completed,CUST0322,DRV0219,VH1088
TRIP01837,2025-01-03,6,Medan,Bluebird Van,Cash,79260.0,12.13,61.1,4.2,162,1,Completed,CUST0701,DRV0576,VH0855
TRIP01838,2025-02-10,13,Jakarta,Bluebird,Debit/Credit,28776.0,4.81,23.2,4.8,675,2,Completed,CUST0258,DRV0513,VH0201
TRIP01839,2025-03-01,19,Jakarta,Bluebird,Cash,48373.0,8.54,48.3,4.1,615,4,Completed,CUST0155,DRV0869,VH0307
TRIP01840,2025-01-14,19,Bandung,Bluebird,QRIS,41289.0,8.58,42.6,4.5,233,1,Completed,CUST0487,DRV0975,VH0175
TRIP01841,2025-03-16,9,Semarang,Bluebird,Cash,14089.0,1.97,9.5,5.0,102,1,Completed,CUST0228,DRV0769,VH0972
TRIP01842,2025-03-23,9,Medan,Bluebird Van,E-Wallet,30967.0,4.74,23.7,4.7,117,1,Completed,CUST0517,DRV0977,VH1016
TRIP01843,2025-01-12,19,Medan,Golden Bird,QRIS,84113.0,7.06,38.6,4.8,153,1,Completed,CUST0641,DRV0686,VH0994
TRIP01844,2025-03-28,21,Jakarta,Bluebird,E-Wallet,48751.0,5.84,36.1,4.4,730,2,Completed,CUST0511,DRV0621,VH0597
TRIP01845,2025-01-12,7,Bandung,Bluebird,E-Wallet,34118.0,4.55,22.8,4.5,252,2,Completed,CUST0074,DRV0555,VH0672
TRIP01846,2025-01-13,14,Bandung,Bluebird,Cash,,,,,323,1,Cancelled,CUST0365,DRV0550,VH0694
TRIP01847,2025-01-25,11,Jakarta,Bluebird,QRIS,61920.0,10.45,39.5,4.6,703,3,Completed,CUST0024,DRV0363,VH0548
TRIP01848,2025-02-14,20,Jakarta,Silver Bird,Cash,61438.0,7.47,30.7,4.3,693,3,Completed,CUST0463,DRV0594,VH1123
TRIP01849,2025-01-19,6,Semarang,Bluebird,E-Wallet,37116.0,10.04,58.8,4.1,71,2,Completed,CUST0481,DRV0623,VH1250
TRIP01850,2025-02-24,8,Jakarta,Bluebird,QRIS,30071.0,5.51,35.4,5.0,597,1,Completed,CUST0791,DRV1160,VH0549
TRIP01851,2025-02-14,18,Jakarta,Bluebird,Cash,26032.0,4.74,18.3,4.5,642,3,Completed,CUST0718,DRV0434,VH0273
TRIP01852,2025-01-08,6,Jakarta,Silver Bird,Cash,90755.0,14.28,61.1,4.5,614,2,Completed,CUST0658,DRV0318,VH0976
TRIP01853,2025-02-22,15,Semarang,Bluebird,QRIS,14907.0,4.83,28.1,4.5,206,2,Completed,CUST0089,DRV0535,VH0784
TRIP01854,2025-02-24,14,Bandung,Golden Bird,E-Wallet,41559.0,3.07,13.3,4.7,319,1,Completed,CUST0534,DRV1083,VH1210
TRIP01855,2025-02-01,11,Surabaya,Golden Bird,Debit/Credit,37748.0,2.77,5.0,4.8,261,1,Completed,CUST0300,DRV0778,VH0940
TRIP01856,2025-02-20,13,Semarang,Bluebird Van,E-Wallet,53487.0,10.03,34.4,4.1,205,1,Completed,CUST0044,DRV0140,VH0452
TRIP01857,2025-02-13,16,Jakarta,Bluebird,QRIS,33705.0,7.48,42.8,4.1,619,2,Completed,CUST0037,DRV0893,VH0561
TRIP01858,2025-03-23,8,Surabaya,Bluebird,Cash,51744.0,7.24,43.9,4.5,206,2,Completed,CUST0519,DRV0628,VH0094
TRIP01859,2025-03-11,16,Jakarta,Bluebird,E-Wallet,34709.0,8.02,40.2,4.3,596,3,Completed,CUST0474,DRV0158,VH1331
TRIP01860,2025-01-18,19,Jakarta,Bluebird,Cash,60330.0,11.54,71.5,4.4,637,2,Completed,CUST0280,DRV0974,VH0517
TRIP01861,2025-03-24,18,Medan,Bluebird,E-Wallet,37030.0,6.96,41.6,4.1,133,1,Completed,CUST0461,DRV0196,VH0954
TRIP01862,2025-01-22,8,Surabaya,Bluebird,QRIS,,,,,203,1,Cancelled,CUST0169,DRV0724,VH0174
TRIP01863,2025-02-06,7,Jakarta,Bluebird,Cash,38709.0,8.9,37.9,4.2,598,2,Completed,CUST0070,DRV0553,VH0695
TRIP01864,2025-02-25,9,Jakarta,Golden Bird,Debit/Credit,98691.0,11.69,47.9,4.3,605,1,Completed,CUST0213,DRV0862,VH1097
TRIP01865,2025-02-28,12,Bandung,Bluebird,E-Wallet,51193.0,9.42,40.0,4.3,291,1,Completed,CUST0583,DRV0884,VH1169
TRIP01866,2025-01-03,13,Jakarta,Bluebird,E-Wallet,47379.0,8.39,30.1,5.0,704,1,Completed,CUST0719,DRV0458,VH0908
TRIP01867,2025-01-28,17,Jakarta,Silver Bird,Cash,55865.0,6.74,46.7,4.1,623,2,Completed,CUST0072,DRV0820,VH0056
TRIP01868,2025-03-15,6,Jakarta,Silver Bird,Cash,75729.0,9.5,56.3,4.3,611,2,Completed,CUST0180,DRV1069,VH0695
TRIP01869,2025-02-04,5,Jakarta,Golden Bird,Debit/Credit,107931.0,10.03,44.6,4.0,688,1,Completed,CUST0208,DRV0038,VH0634
TRIP01870,2025-03-02,12,Medan,Silver Bird,Debit/Credit,74701.0,5.78,14.9,5.0,248,1,Completed,CUST0177,DRV0676,VH0244
TRIP01871,2025-02-23,18,Jakarta,Bluebird Van,Debit/Credit,53233.0,9.0,39.3,4.6,638,1,Completed,CUST0707,DRV0341,VH0894
TRIP01872,2025-03-04,8,Jakarta,Bluebird,Cash,38321.0,12.21,65.6,4.2,641,2,Completed,CUST0301,DRV0302,VH0204
TRIP01873,2025-03-20,17,Bandung,Bluebird,E-Wallet,71758.0,13.21,56.9,4.7,230,1,Completed,CUST0751,DRV0635,VH0016
TRIP01874,2025-01-07,9,Medan,Bluebird,Debit/Credit,54121.0,10.06,56.1,4.4,121,1,Completed,CUST0154,DRV0898,VH0126
TRIP01875,2025-03-17,20,Jakarta,Bluebird,E-Wallet,80197.0,14.09,59.7,4.3,680,2,Completed,CUST0154,DRV0616,VH0599
TRIP01876,2025-02-18,20,Jakarta,Bluebird,QRIS,40272.0,6.61,26.8,4.7,721,1,Completed,CUST0030,DRV0132,VH0466
TRIP01877,2025-03-26,10,Jakarta,Bluebird,QRIS,55209.0,10.61,37.5,4.7,723,1,Completed,CUST0027,DRV1194,VH0790
TRIP01878,2025-01-31,9,Surabaya,Bluebird,E-Wallet,71975.0,12.02,55.4,4.2,168,1,Completed,CUST0240,DRV0945,VH1452
TRIP01879,2025-02-27,13,Bandung,Bluebird,Debit/Credit,40221.0,4.31,18.6,4.6,347,1,Completed,CUST0755,DRV0885,VH1375
TRIP01880,2025-03-02,9,Medan,Bluebird,E-Wallet,21106.0,6.04,39.4,4.7,115,4,Completed,CUST0644,DRV0471,VH0079
TRIP01881,2025-01-24,17,Semarang,Bluebird Van,E-Wallet,67638.0,12.01,49.8,4.5,111,2,Completed,CUST0691,DRV0349,VH0789
TRIP01882,2025-01-20,19,Medan,Bluebird,Debit/Credit,27595.0,4.57,24.4,4.7,123,1,Completed,CUST0098,DRV0043,VH1403
TRIP01883,2025-02-06,17,Bandung,Silver Bird,QRIS,32615.0,2.98,20.2,4.3,242,2,Completed,CUST0326,DRV0776,VH0264
TRIP01884,2025-01-04,19,Bandung,Bluebird,Cash,56534.0,11.58,59.0,4.7,256,1,Completed,CUST0237,DRV0482,VH0305
TRIP01885,2025-01-20,13,Jakarta,Bluebird Van,Cash,,,,,707,1,Cancelled,CUST0138,DRV0078,VH0740
TRIP01886,2025-03-01,8,Semarang,Golden Bird,Cash,82281.0,8.1,31.2,4.9,82,1,Completed,CUST0630,DRV1060,VH0125
TRIP01887,2025-01-24,18,Jakarta,Bluebird,Cash,62175.0,8.36,46.2,4.5,645,1,Completed,CUST0618,DRV0816,VH0618
TRIP01888,2025-02-19,12,Jakarta,Bluebird,Cash,45663.0,7.18,18.1,4.4,695,1,Completed,CUST0548,DRV1198,VH0742
TRIP01889,2025-02-18,17,Surabaya,Bluebird,QRIS,38532.0,8.85,52.4,4.7,163,1,Completed,CUST0046,DRV0928,VH0081
TRIP01890,2025-02-20,9,Jakarta,Bluebird Van,QRIS,80941.0,13.24,59.9,4.3,634,1,Completed,CUST0616,DRV0647,VH0872
TRIP01891,2025-02-05,6,Bandung,Golden Bird,QRIS,68870.0,7.72,28.0,5.0,233,1,Completed,CUST0390,DRV0652,VH0175
TRIP01892,2025-03-07,23,Bandung,Golden Bird,Cash,115779.0,13.5,50.6,4.3,337,2,Completed,CUST0364,DRV1079,VH0676
TRIP01893,2025-03-20,8,Bandung,Bluebird,Cash,31415.0,4.31,27.9,4.8,210,1,Completed,CUST0360,DRV0764,VH1149
TRIP01894,2025-02-03,23,Medan,Bluebird,Debit/Credit,61496.0,7.44,26.0,4.2,235,1,Completed,CUST0582,DRV0279,VH0348
TRIP01895,2025-02-05,23,Jakarta,Golden Bird,QRIS,62596.0,7.38,29.7,4.5,714,1,Completed,CUST0207,DRV0459,VH1391
TRIP01896,2025-01-06,19,Bandung,Bluebird,QRIS,28930.0,3.74,28.1,4.3,264,1,Completed,CUST0733,DRV0692,VH1439
TRIP01897,2025-02-08,17,Bandung,Bluebird,Debit/Credit,60669.0,6.54,32.7,4.5,239,1,Completed,CUST0601,DRV0525,VH0878
TRIP01898,2025-02-11,16,Surabaya,Bluebird,E-Wallet,42923.0,9.25,38.4,4.7,159,1,Completed,CUST0515,DRV0492,VH0843
TRIP01899,2025-02-27,20,Medan,Bluebird Van,QRIS,61453.0,9.07,34.2,4.4,199,2,Completed,CUST0366,DRV0074,VH0574
TRIP01900,2025-01-12,10,Jakarta,Bluebird,Debit/Credit,64094.0,15.01,69.9,4.4,697,2,Completed,CUST0438,DRV0819,VH0724
TRIP01901,2025-01-03,14,Surabaya,Bluebird,E-Wallet,50198.0,9.39,49.4,4.2,233,1,Completed,CUST0231,DRV0155,VH1276
TRIP01902,2025-01-18,17,Jakarta,Bluebird,E-Wallet,52583.0,11.95,41.7,4.7,603,2,Completed,CUST0423,DRV0519,VH0608
TRIP01903,2025-02-09,13,Semarang,Silver Bird,QRIS,67163.0,7.0,35.6,4.9,161,1,Completed,CUST0469,DRV0375,VH0569
TRIP01904,2025-01-21,13,Jakarta,Bluebird,Debit/Credit,68652.0,13.53,55.9,4.6,723,1,Completed,CUST0630,DRV0343,VH0234
TRIP01905,2025-01-15,11,Surabaya,Bluebird,Cash,65006.0,15.2,67.3,4.1,267,1,Completed,CUST0311,DRV0665,VH0358
TRIP01906,2025-01-26,16,Jakarta,Bluebird,Debit/Credit,60793.0,10.09,44.5,3.9,636,1,Completed,CUST0395,DRV0044,VH1350
TRIP01907,2025-01-08,20,Jakarta,Silver Bird,E-Wallet,49264.0,5.52,9.7,4.8,706,1,Completed,CUST0114,DRV0548,VH1089
TRIP01908,2025-03-28,8,Bandung,Bluebird Van,QRIS,49534.0,5.35,33.5,4.6,219,3,Completed,CUST0202,DRV1121,VH0293
TRIP01909,2025-02-11,21,Medan,Silver Bird,E-Wallet,53636.0,8.35,26.8,4.4,230,1,Completed,CUST0463,DRV0165,VH1348
TRIP01910,2025-02-13,18,Bandung,Bluebird,QRIS,48679.0,8.37,31.8,4.5,236,1,Completed,CUST0542,DRV0746,VH0991
TRIP01911,2025-01-14,19,Semarang,Bluebird Van,E-Wallet,66821.0,8.9,34.4,4.9,111,2,Completed,CUST0364,DRV1127,VH1355
TRIP01912,2025-03-19,16,Bandung,Bluebird,Debit/Credit,40800.0,8.38,45.7,4.2,265,2,Completed,CUST0247,DRV0436,VH0529
TRIP01913,2025-01-02,19,Bandung,Bluebird,Cash,26596.0,7.02,37.1,4.7,221,3,Completed,CUST0593,DRV0447,VH0135
TRIP01914,2025-02-06,2,Jakarta,Bluebird,Debit/Credit,36921.0,6.59,31.8,4.7,691,1,Completed,CUST0246,DRV1031,VH0820
TRIP01915,2025-03-10,19,Medan,Bluebird,Cash,58691.0,8.7,47.5,4.3,113,2,Completed,CUST0184,DRV1118,VH1443
TRIP01916,2025-02-07,5,Jakarta,Silver Bird,Cash,111973.0,14.06,53.3,4.5,698,1,Completed,CUST0413,DRV0444,VH0130
TRIP01917,2025-02-10,20,Medan,Bluebird,E-Wallet,50124.0,10.56,41.7,4.9,225,1,Completed,CUST0273,DRV0479,VH0569
TRIP01918,2025-03-03,23,Semarang,Bluebird,Cash,32289.0,8.4,30.0,4.6,194,1,Completed,CUST0545,DRV0037,VH1381
TRIP01919,2025-03-01,10,Semarang,Bluebird,E-Wallet,47215.0,9.89,38.1,4.5,206,2,Completed,CUST0614,DRV0098,VH0522
TRIP01920,2025-01-14,8,Bandung,Bluebird,QRIS,,,,,223,2,Cancelled,CUST0277,DRV0814,VH0460
TRIP01921,2025-03-30,18,Surabaya,Bluebird,Cash,41328.0,6.48,36.7,4.8,161,1,Completed,CUST0623,DRV1045,VH0593
TRIP01922,2025-03-25,9,Medan,Bluebird,E-Wallet,30568.0,5.26,36.6,4.5,154,1,Completed,CUST0499,DRV0468,VH0942
TRIP01923,2025-01-02,20,Jakarta,Bluebird,QRIS,,,,,689,1,Cancelled,CUST0718,DRV0354,VH0901
TRIP01924,2025-03-11,7,Bandung,Bluebird,Debit/Credit,44682.0,5.73,39.9,4.0,254,2,Completed,CUST0778,DRV0072,VH0614
TRIP01925,2025-01-17,7,Jakarta,Bluebird,Debit/Credit,62520.0,12.12,57.3,4.1,612,3,Completed,CUST0490,DRV1076,VH0539
TRIP01926,2025-03-30,23,Bandung,Silver Bird,Debit/Credit,52133.0,5.57,24.0,4.4,311,1,Completed,CUST0215,DRV1024,VH0261
TRIP01927,2025-01-28,17,Jakarta,Bluebird,E-Wallet,17937.0,6.09,20.5,4.9,623,2,Completed,CUST0103,DRV0990,VH1160
TRIP01928,2025-03-07,19,Jakarta,Golden Bird,Debit/Credit,92279.0,14.33,52.7,4.3,610,2,Completed,CUST0590,DRV0460,VH0609
TRIP01929,2025-02-04,11,Jakarta,Bluebird Van,QRIS,35306.0,7.15,29.6,4.6,720,1,Completed,CUST0175,DRV1191,VH1251
TRIP01930,2025-01-05,17,Bandung,Silver Bird,E-Wallet,54758.0,7.46,43.4,4.5,218,2,Completed,CUST0052,DRV0501,VH0228
TRIP01931,2025-03-06,17,Surabaya,Bluebird,Cash,54969.0,9.35,40.7,4.3,159,1,Completed,CUST0297,DRV0717,VH0761
TRIP01932,2025-02-09,17,Jakarta,Bluebird,QRIS,10000.0,5.09,40.1,4.9,638,1,Completed,CUST0175,DRV0367,VH0258
TRIP01933,2025-03-17,17,Bandung,Bluebird Van,E-Wallet,84745.0,10.71,56.0,4.7,219,3,Completed,CUST0343,DRV1060,VH1438
TRIP01934,2025-02-25,16,Jakarta,Bluebird,Debit/Credit,55469.0,10.41,43.3,4.9,641,1,Completed,CUST0711,DRV0607,VH0826
TRIP01935,2025-02-05,13,Bandung,Bluebird,E-Wallet,72827.0,11.68,46.9,4.6,334,2,Completed,CUST0600,DRV0528,VH1244
TRIP01936,2025-02-14,9,Surabaya,Bluebird,Debit/Credit,,,,,201,1,Cancelled,CUST0171,DRV0999,VH1260
TRIP01937,2025-01-23,18,Bandung,Bluebird,E-Wallet,45429.0,7.3,28.5,5.0,266,2,Completed,CUST0037,DRV0749,VH1044
TRIP01938,2025-02-16,9,Surabaya,Bluebird Van,E-Wallet,,,,,179,1,Cancelled,CUST0635,DRV0602,VH0424
TRIP01939,2025-01-31,18,Jakarta,Bluebird,Cash,57124.0,9.29,42.9,4.3,622,2,Completed,CUST0201,DRV0620,VH0413
TRIP01940,2025-01-11,9,Surabaya,Bluebird,Cash,22314.0,3.64,27.5,4.5,151,3,Completed,CUST0064,DRV0255,VH1413
TRIP01941,2025-01-10,17,Bandung,Bluebird,QRIS,45251.0,7.33,46.2,4.6,258,4,Completed,CUST0486,DRV0930,VH0345
TRIP01942,2025-03-08,18,Bandung,Bluebird,Debit/Credit,31718.0,2.72,16.2,4.5,241,1,Completed,CUST0455,DRV0677,VH0650
TRIP01943,2025-01-14,8,Surabaya,Bluebird,Cash,41532.0,9.08,52.2,4.3,194,1,Completed,CUST0700,DRV0836,VH0467
TRIP01944,2025-03-21,6,Jakarta,Bluebird,Cash,20495.0,2.11,32.0,4.2,606,1,Completed,CUST0727,DRV0669,VH0189
TRIP01945,2025-03-15,7,Surabaya,Bluebird,QRIS,10000.0,2.45,18.3,4.8,177,1,Completed,CUST0409,DRV1055,VH1392
TRIP01946,2025-01-10,17,Bandung,Bluebird,E-Wallet,56703.0,9.46,51.3,4.0,254,4,Completed,CUST0755,DRV0601,VH1409
TRIP01947,2025-03-17,20,Jakarta,Silver Bird,Debit/Credit,75369.0,6.86,23.3,4.5,686,2,Completed,CUST0150,DRV0486,VH1122
TRIP01948,2025-01-01,5,Jakarta,Bluebird,QRIS,20378.0,5.54,22.3,5.0,720,2,Completed,CUST0502,DRV0259,VH0953
TRIP01949,2025-01-05,18,Jakarta,Bluebird,Cash,61019.0,12.31,56.0,4.6,648,3,Completed,CUST0636,DRV0253,VH0270
TRIP01950,2025-01-20,11,Semarang,Bluebird,QRIS,51259.0,7.78,36.7,4.7,163,1,Completed,CUST0710,DRV0494,VH0665
TRIP01951,2025-01-08,15,Surabaya,Bluebird,Cash,54980.0,10.62,50.9,4.5,281,2,Completed,CUST0548,DRV1131,VH1242
TRIP01952,2025-02-12,21,Jakarta,Golden Bird,Cash,73261.0,8.0,31.2,4.5,679,1,Completed,CUST0278,DRV0790,VH0021
TRIP01953,2025-03-17,11,Jakarta,Golden Bird,E-Wallet,128291.0,16.54,76.9,3.9,703,1,Completed,CUST0035,DRV0336,VH1296
TRIP01954,2025-01-01,14,Bandung,Bluebird,E-Wallet,27035.0,5.19,31.5,4.5,303,1,Completed,CUST0625,DRV0053,VH0714
TRIP01955,2025-02-26,1,Medan,Bluebird,Cash,62872.0,12.73,56.8,3.9,206,1,Completed,CUST0175,DRV0687,VH1184
TRIP01956,2025-03-05,6,Jakarta,Silver Bird,Cash,65342.0,8.32,37.7,4.6,626,1,Completed,CUST0033,DRV1066,VH0429
TRIP01957,2025-03-25,9,Jakarta,Bluebird,QRIS,12408.0,3.54,17.9,4.7,611,2,Completed,CUST0725,DRV0210,VH0576
TRIP01958,2025-01-28,4,Medan,Bluebird,QRIS,46825.0,8.95,30.1,4.4,207,1,Completed,CUST0715,DRV1066,VH0596
TRIP01959,2025-02-06,17,Jakarta,Bluebird Van,Cash,77675.0,9.44,52.4,4.8,624,1,Completed,CUST0397,DRV1013,VH0585
TRIP01960,2025-02-16,13,Jakarta,Bluebird,QRIS,27814.0,5.35,12.9,4.9,717,2,Completed,CUST0254,DRV0682,VH1018
TRIP01961,2025-03-17,16,Semarang,Bluebird Van,Cash,20539.0,4.03,28.9,4.8,127,1,Completed,CUST0568,DRV0894,VH0991
TRIP01962,2025-02-06,8,Bandung,Bluebird,Debit/Credit,37285.0,6.93,28.2,4.5,260,1,Completed,CUST0323,DRV0337,VH0659
TRIP01963,2025-02-18,10,Jakarta,Bluebird,Debit/Credit,42919.0,9.55,44.0,4.5,687,1,Completed,CUST0013,DRV0716,VH1071
TRIP01964,2025-02-13,17,Jakarta,Bluebird,Debit/Credit,,,,,641,1,Cancelled,CUST0050,DRV0849,VH0223
TRIP01965,2025-02-25,22,Jakarta,Bluebird,QRIS,,,,,699,1,Cancelled,CUST0760,DRV0675,VH0960
TRIP01966,2025-01-28,6,Jakarta,Bluebird,E-Wallet,32083.0,7.02,44.1,4.9,626,1,Completed,CUST0233,DRV0105,VH0158
TRIP01967,2025-03-20,20,Medan,Bluebird,E-Wallet,17803.0,3.5,24.0,4.6,229,1,Completed,CUST0540,DRV0703,VH1071
TRIP01968,2025-01-06,16,Jakarta,Bluebird,Cash,59210.0,11.32,63.5,4.1,595,1,Completed,CUST0616,DRV1148,VH0801
TRIP01969,2025-03-02,16,Surabaya,Bluebird,Cash,27767.0,7.93,40.7,4.7,164,1,Completed,CUST0096,DRV1123,VH0722
TRIP01970,2025-01-20,15,Semarang,Bluebird,QRIS,36519.0,10.45,33.7,4.3,206,1,Completed,CUST0343,DRV0006,VH1375
TRIP01971,2025-03-19,6,Jakarta,Bluebird,Cash,57892.0,9.81,39.9,4.8,624,1,Completed,CUST0193,DRV0800,VH0319
TRIP01972,2025-01-02,7,Jakarta,Bluebird,QRIS,26242.0,8.5,27.4,4.3,615,2,Completed,CUST0511,DRV1067,VH1255
TRIP01973,2025-03-14,17,Bandung,Bluebird,Debit/Credit,27355.0,6.54,26.6,4.8,250,2,Completed,CUST0451,DRV0653,VH0298
TRIP01974,2025-02-06,11,Semarang,Bluebird,QRIS,26477.0,8.25,33.5,4.4,176,1,Completed,CUST0125,DRV0551,VH0445
TRIP01975,2025-01-20,21,Medan,Bluebird,QRIS,31057.0,6.26,21.1,4.8,219,1,Completed,CUST0081,DRV0942,VH0105
TRIP01976,2025-01-26,13,Jakarta,Bluebird,QRIS,38823.0,5.94,22.5,4.9,680,1,Completed,CUST0007,DRV0674,VH0883
TRIP01977,2025-01-29,7,Surabaya,Bluebird,E-Wallet,52392.0,9.83,50.8,4.4,201,2,Completed,CUST0330,DRV0928,VH1323
TRIP01978,2025-01-01,18,Bandung,Silver Bird,Cash,77933.0,6.57,32.2,4.3,233,1,Completed,CUST0083,DRV0324,VH1092
TRIP01979,2025-02-04,10,Semarang,Bluebird,Debit/Credit,49539.0,6.9,19.7,4.5,207,1,Completed,CUST0536,DRV0616,VH0538
TRIP01980,2025-03-11,16,Jakarta,Bluebird,Cash,50299.0,11.77,54.7,4.2,644,3,Completed,CUST0626,DRV0757,VH0673
TRIP01981,2025-02-28,18,Bandung,Golden Bird,Cash,50132.0,6.66,28.4,4.2,223,2,Completed,CUST0527,DRV1089,VH0801
TRIP01982,2025-03-10,20,Medan,Bluebird,Debit/Credit,68532.0,7.55,28.3,4.9,212,1,Completed,CUST0113,DRV0201,VH0817
TRIP01983,2025-02-02,19,Jakarta,Bluebird,Cash,48436.0,6.7,44.2,4.5,598,2,Completed,CUST0440,DRV0242,VH1065
TRIP01984,2025-02-20,17,Bandung,Golden Bird,Cash,79561.0,8.29,39.3,4.2,251,2,Completed,CUST0762,DRV1031,VH1224
TRIP01985,2025-03-19,17,Jakarta,Bluebird,Cash,50814.0,9.55,58.6,4.7,636,2,Completed,CUST0657,DRV0003,VH0968
TRIP01986,2025-01-12,22,Jakarta,Golden Bird,Debit/Credit,97049.0,11.2,54.8,4.2,687,2,Completed,CUST0019,DRV0854,VH0863
TRIP01987,2025-01-20,10,Jakarta,Bluebird,Debit/Credit,23247.0,6.76,23.0,4.8,722,1,Completed,CUST0009,DRV0968,VH1399
TRIP01988,2025-02-22,0,Semarang,Bluebird,Cash,33919.0,5.43,13.9,4.5,200,1,Completed,CUST0185,DRV0965,VH1430
TRIP01989,2025-03-29,9,Jakarta,Bluebird Van,Debit/Credit,70442.0,10.88,51.2,3.9,628,3,Completed,CUST0038,DRV0305,VH1258
TRIP01990,2025-02-12,8,Bandung,Bluebird,Cash,33327.0,7.76,47.1,4.1,228,1,Completed,CUST0723,DRV0314,VH0242
TRIP01991,2025-03-30,17,Surabaya,Bluebird,Debit/Credit,26319.0,5.28,25.7,4.6,154,1,Completed,CUST0134,DRV0478,VH0943
TRIP01992,2025-02-19,17,Jakarta,Bluebird,QRIS,77558.0,12.42,64.0,4.5,642,1,Completed,CUST0102,DRV0796,VH1363
TRIP01993,2025-01-29,16,Bandung,Bluebird,Debit/Credit,15918.0,1.9,24.1,4.8,227,1,Completed,CUST0149,DRV0883,VH0020
TRIP01994,2025-02-26,2,Surabaya,Bluebird,E-Wallet,74217.0,10.35,36.0,4.6,288,1,Completed,CUST0093,DRV0498,VH0894
TRIP01995,2025-02-08,18,Medan,Bluebird,E-Wallet,10000.0,3.7,18.1,4.2,142,2,Completed,CUST0140,DRV0071,VH1195
TRIP01996,2025-02-25,11,Surabaya,Bluebird,Cash,,,,,273,1,Cancelled,CUST0295,DRV1037,VH1240
TRIP01997,2025-02-12,17,Surabaya,Bluebird,E-Wallet,10000.0,3.37,22.5,4.8,187,1,Completed,CUST0774,DRV0406,VH0841
TRIP01998,2025-02-19,16,Jakarta,Bluebird,Cash,48334.0,11.96,51.0,4.4,602,2,Completed,CUST0593,DRV1046,VH0744
TRIP01999,2025-01-23,11,Semarang,Bluebird,E-Wallet,28926.0,6.56,23.8,5.0,198,1,Completed,CUST0544,DRV0895,VH1040
TRIP02000,2025-02-13,7,Jakarta,Bluebird,QRIS,43973.0,7.4,37.1,4.9,598,3,Completed,CUST0188,DRV0031,VH1307
TRIP02001,2025-02-07,7,Medan,Bluebird Van,QRIS,57241.0,8.06,29.3,4.9,135,1,Completed,CUST0136,DRV1086,VH0301
TRIP02002,2025-03-25,19,Jakarta,Bluebird,Cash,46927.0,10.4,55.0,4.3,642,1,Completed,CUST0166,DRV0162,VH0165
TRIP02003,2025-01-23,21,Semarang,Bluebird,Cash,10000.0,4.09,13.0,4.4,150,2,Completed,CUST0477,DRV0564,VH0781
TRIP02004,2025-02-14,17,Surabaya,Silver Bird,Debit/Credit,62431.0,5.55,10.7,4.9,161,1,Completed,CUST0147,DRV0158,VH1282
TRIP02005,2025-02-21,7,Surabaya,Silver Bird,E-Wallet,,,,,173,1,Cancelled,CUST0245,DRV0013,VH0353
TRIP02006,2025-03-21,13,Jakarta,Bluebird,Debit/Credit,12371.0,3.38,8.3,5.0,670,1,Completed,CUST0183,DRV0734,VH1111
TRIP02007,2025-02-19,18,Bandung,Golden Bird,Debit/Credit,54848.0,5.25,40.8,4.5,213,2,Completed,CUST0009,DRV0753,VH1021
TRIP02008,2025-01-08,19,Bandung,Bluebird,Debit/Credit,80360.0,16.12,68.4,3.9,216,1,Completed,CUST0436,DRV0309,VH0871
TRIP02009,2025-03-26,7,Surabaya,Golden Bird,Cash,47808.0,5.1,20.7,4.4,201,1,Completed,CUST0156,DRV0148,VH0759
TRIP02010,2025-01-01,0,Jakarta,Bluebird,Cash,61827.0,11.94,51.3,4.1,697,1,Completed,CUST0688,DRV1021,VH0878
TRIP02011,2025-01-08,18,Semarang,Bluebird,Cash,19122.0,5.04,23.5,4.7,106,1,Completed,CUST0114,DRV1079,VH0753
TRIP02012,2025-01-29,12,Medan,Bluebird,QRIS,55428.0,9.03,30.7,4.6,244,2,Completed,CUST0755,DRV0927,VH0866
TRIP02013,2025-01-05,9,Jakarta,Silver Bird,Cash,68299.0,10.46,53.4,4.1,641,1,Completed,CUST0167,DRV0571,VH1033
TRIP02014,2025-03-27,1,Medan,Bluebird,Cash,49771.0,10.89,36.3,4.5,194,1,Completed,CUST0488,DRV0668,VH1487
TRIP02015,2025-02-16,16,Bandung,Bluebird,Cash,43008.0,6.4,23.4,4.4,248,1,Completed,CUST0437,DRV0692,VH1321
TRIP02016,2025-02-03,20,Bandung,Bluebird,Cash,76811.0,12.97,64.0,4.4,321,1,Completed,CUST0223,DRV0510,VH1241
TRIP02017,2025-03-06,22,Jakarta,Bluebird Van,E-Wallet,63281.0,6.73,31.0,4.6,718,1,Completed,CUST0191,DRV0586,VH0228
TRIP02018,2025-02-24,16,Bandung,Golden Bird,Cash,80039.0,7.7,37.0,4.5,240,1,Completed,CUST0787,DRV0937,VH1056
TRIP02019,2025-03-31,15,Surabaya,Bluebird,QRIS,43341.0,8.74,34.9,4.3,273,1,Completed,CUST0576,DRV0045,VH0431
TRIP02020,2025-02-12,6,Jakarta,Bluebird,Debit/Credit,15649.0,5.13,32.1,4.5,604,1,Completed,CUST0794,DRV0086,VH0789
TRIP02021,2025-03-15,16,Surabaya,Bluebird,QRIS,53753.0,7.14,43.4,4.4,152,1,Completed,CUST0173,DRV0264,VH0170
TRIP02022,2025-01-30,12,Surabaya,Bluebird,Cash,59171.0,8.48,28.6,4.7,278,1,Completed,CUST0257,DRV1008,VH1255
TRIP02023,2025-03-23,17,Surabaya,Bluebird Van,QRIS,40543.0,6.7,37.4,4.6,195,1,Completed,CUST0715,DRV0216,VH0070
TRIP02024,2025-01-17,12,Jakarta,Bluebird,Cash,86238.0,15.82,59.7,4.5,716,1,Completed,CUST0450,DRV0231,VH1135
TRIP02025,2025-01-26,9,Medan,Bluebird,QRIS,27092.0,4.98,26.6,4.6,156,1,Completed,CUST0501,DRV0654,VH1113
TRIP02026,2025-01-08,7,Bandung,Bluebird,Cash,69335.0,10.54,51.3,3.9,224,3,Completed,CUST0077,DRV0702,VH0002
TRIP02027,2025-02-16,10,Jakarta,Bluebird,Debit/Credit,51452.0,11.07,44.2,4.7,720,2,Completed,CUST0615,DRV0707,VH1080
TRIP02028,2025-03-17,7,Jakarta,Bluebird,Debit/Credit,65165.0,8.46,47.0,4.2,632,3,Completed,CUST0226,DRV0513,VH0670
TRIP02029,2025-03-13,8,Bandung,Bluebird,QRIS,35781.0,4.4,29.0,4.4,227,2,Completed,CUST0226,DRV1128,VH0271
TRIP02030,2025-03-30,23,Medan,Bluebird,QRIS,49335.0,5.2,10.2,4.7,210,1,Completed,CUST0739,DRV1125,VH1298
TRIP02031,2025-02-15,14,Jakarta,Bluebird,QRIS,,,,,679,1,Cancelled,CUST0608,DRV0305,VH0544
TRIP02032,2025-03-09,16,Surabaya,Bluebird,E-Wallet,24402.0,2.64,16.0,4.6,170,1,Completed,CUST0076,DRV0351,VH0270
TRIP02033,2025-02-02,20,Jakarta,Bluebird,Cash,22914.0,5.49,34.8,4.4,695,2,Completed,CUST0033,DRV0803,VH0190
TRIP02034,2025-01-01,23,Bandung,Bluebird,Debit/Credit,28405.0,2.55,5.0,4.6,330,1,Completed,CUST0594,DRV0451,VH0722
TRIP02035,2025-01-19,16,Semarang,Silver Bird,Debit/Credit,89628.0,10.84,49.9,4.8,125,1,Completed,CUST0069,DRV0933,VH1332
TRIP02036,2025-01-31,19,Medan,Bluebird,QRIS,73218.0,9.36,41.7,4.5,112,1,Completed,CUST0415,DRV1062,VH0022
TRIP02037,2025-03-21,11,Jakarta,Bluebird,QRIS,60518.0,10.86,39.6,4.3,670,2,Completed,CUST0731,DRV0902,VH0014
TRIP02038,2025-01-14,10,Bandung,Silver Bird,QRIS,74972.0,8.77,36.3,4.3,310,1,Completed,CUST0448,DRV0762,VH1488
TRIP02039,2025-02-22,13,Jakarta,Bluebird,Cash,42992.0,9.0,45.8,4.4,680,1,Completed,CUST0362,DRV0733,VH0568
TRIP02040,2025-02-17,17,Jakarta,Bluebird,Cash,69798.0,12.88,62.7,4.3,605,2,Completed,CUST0370,DRV0063,VH1457
TRIP02041,2025-03-10,17,Medan,Bluebird,Cash,29582.0,5.67,25.1,4.8,144,2,Completed,CUST0399,DRV0505,VH0575
TRIP02042,2025-03-31,10,Medan,Bluebird,Cash,43785.0,7.82,50.6,4.4,210,1,Completed,CUST0120,DRV0945,VH1424
TRIP02043,2025-03-03,7,Jakarta,Bluebird,QRIS,56927.0,10.74,51.5,4.2,630,1,Completed,CUST0048,DRV0265,VH0592
TRIP02044,2025-03-07,17,Semarang,Bluebird,E-Wallet,17689.0,2.84,15.3,4.6,80,1,Completed,CUST0068,DRV0535,VH0552
TRIP02045,2025-03-05,7,Bandung,Golden Bird,Cash,131057.0,16.29,83.0,4.2,240,2,Completed,CUST0339,DRV1103,VH0806
TRIP02046,2025-03-11,16,Jakarta,Golden Bird,E-Wallet,72043.0,8.59,39.1,4.2,638,3,Completed,CUST0085,DRV0946,VH0914
TRIP02047,2025-03-04,18,Bandung,Bluebird,E-Wallet,37152.0,7.43,49.4,4.3,210,2,Completed,CUST0377,DRV0495,VH0279
TRIP02048,2025-03-14,18,Bandung,Bluebird,E-Wallet,66078.0,10.77,45.0,4.6,250,3,Completed,CUST0385,DRV0903,VH0768
TRIP02049,2025-02-02,18,Bandung,Bluebird,E-Wallet,52636.0,9.74,57.0,4.5,241,1,Completed,CUST0276,DRV0764,VH1134
TRIP02050,2025-02-10,20,Bandung,Bluebird,QRIS,43044.0,7.11,29.8,4.6,292,1,Completed,CUST0768,DRV0855,VH0048
TRIP02051,2025-03-30,15,Bandung,Bluebird,Cash,26204.0,7.39,38.6,4.4,349,1,Completed,CUST0205,DRV0331,VH0744
TRIP02052,2025-02-17,18,Jakarta,Golden Bird,Debit/Credit,47394.0,3.99,37.3,4.2,621,2,Completed,CUST0745,DRV0904,VH1106
TRIP02053,2025-01-13,17,Medan,Bluebird,Debit/Credit,39373.0,5.83,23.4,4.8,151,3,Completed,CUST0065,DRV0292,VH0686
TRIP02054,2025-03-14,8,Bandung,Bluebird Van,E-Wallet,53223.0,8.55,51.1,4.7,214,2,Completed,CUST0079,DRV0426,VH0625
TRIP02055,2025-03-18,4,Jakarta,Bluebird,E-Wallet,72119.0,9.83,29.5,5.0,726,1,Completed,CUST0526,DRV0295,VH1302
TRIP02056,2025-01-31,10,Surabaya,Silver Bird,QRIS,62858.0,11.66,39.3,4.6,272,2,Completed,CUST0325,DRV0833,VH0381
TRIP02057,2025-03-16,14,Semarang,Bluebird,QRIS,44536.0,6.44,20.1,4.7,186,1,Completed,CUST0378,DRV0500,VH0310
TRIP02058,2025-03-09,17,Semarang,Bluebird,Cash,27480.0,2.64,22.1,4.5,81,1,Completed,CUST0681,DRV0845,VH0552
TRIP02059,2025-01-04,20,Jakarta,Bluebird,Cash,64597.0,11.67,46.9,4.0,683,1,Completed,CUST0671,DRV0653,VH0542
TRIP02060,2025-01-19,8,Jakarta,Bluebird,QRIS,65845.0,12.81,58.1,4.3,633,1,Completed,CUST0628,DRV1061,VH0767
TRIP02061,2025-03-11,7,Bandung,Bluebird,Debit/Credit,56174.0,9.69,47.8,5.0,260,2,Completed,CUST0346,DRV0634,VH1264
TRIP02062,2025-03-23,22,Jakarta,Bluebird,E-Wallet,52125.0,8.01,36.2,4.9,678,1,Completed,CUST0704,DRV0750,VH1207
TRIP02063,2025-01-13,7,Semarang,Bluebird,QRIS,44440.0,9.93,52.4,4.7,129,1,Completed,CUST0435,DRV0396,VH0184
TRIP02064,2025-01-23,15,Jakarta,Bluebird,E-Wallet,92789.0,18.79,82.8,4.1,676,2,Completed,CUST0695,DRV1046,VH0466
TRIP02065,2025-03-24,16,Jakarta,Silver Bird,Debit/Credit,66397.0,8.85,56.1,4.4,605,1,Completed,CUST0378,DRV0495,VH0639
TRIP02066,2025-03-16,16,Jakarta,Bluebird,E-Wallet,17670.0,4.56,26.1,4.1,617,5,Completed,CUST0743,DRV0926,VH1461
TRIP02067,2025-01-01,6,Jakarta,Bluebird,Cash,45154.0,6.74,31.3,4.8,649,1,Completed,CUST0680,DRV0950,VH0594
TRIP02068,2025-03-29,6,Medan,Bluebird,E-Wallet,43690.0,9.38,49.8,4.3,116,1,Completed,CUST0015,DRV1039,VH1257
TRIP02069,2025-02-23,7,Bandung,Bluebird Van,Debit/Credit,10000.0,2.19,8.8,4.5,223,1,Completed,CUST0454,DRV1054,VH0704
TRIP02070,2025-03-12,16,Jakarta,Bluebird,Cash,42352.0,9.01,39.3,4.4,621,1,Completed,CUST0193,DRV1053,VH0001
TRIP02071,2025-03-30,16,Jakarta,Bluebird,Cash,42463.0,9.64,53.6,4.3,597,2,Completed,CUST0233,DRV0160,VH1008
TRIP02072,2025-03-26,9,Bandung,Bluebird,E-Wallet,,,,,236,1,Cancelled,CUST0263,DRV0670,VH0362
TRIP02073,2025-01-15,17,Jakarta,Bluebird Van,Cash,79593.0,12.43,49.3,4.4,642,3,Completed,CUST0446,DRV0620,VH0719
TRIP02074,2025-03-06,19,Bandung,Silver Bird,QRIS,86667.0,9.59,35.9,4.4,259,2,Completed,CUST0054,DRV0627,VH0283
TRIP02075,2025-03-17,5,Bandung,Bluebird,QRIS,10000.0,1.0,5.0,4.7,348,1,Completed,CUST0692,DRV0272,VH0831
TRIP02076,2025-03-12,15,Surabaya,Bluebird,Debit/Credit,64010.0,10.76,51.0,4.0,286,1,Completed,CUST0004,DRV0420,VH0169
TRIP02077,2025-01-15,18,Semarang,Bluebird,E-Wallet,75752.0,8.92,51.6,4.3,72,1,Completed,CUST0257,DRV0850,VH0889
TRIP02078,2025-01-21,9,Semarang,Bluebird,QRIS,45111.0,7.57,39.1,4.3,96,1,Completed,CUST0361,DRV0489,VH1210
TRIP02079,2025-01-19,10,Semarang,Bluebird,QRIS,24539.0,1.61,20.5,4.5,179,1,Completed,CUST0240,DRV0176,VH0122
TRIP02080,2025-03-01,17,Jakarta,Silver Bird,E-Wallet,58455.0,6.17,31.9,4.7,623,3,Completed,CUST0482,DRV0796,VH0441
TRIP02081,2025-03-30,20,Jakarta,Bluebird Van,E-Wallet,23904.0,5.0,19.0,4.3,695,3,Completed,CUST0675,DRV0762,VH0639
TRIP02082,2025-02-02,19,Jakarta,Bluebird,E-Wallet,25393.0,2.45,5.0,4.5,647,2,Completed,CUST0461,DRV0467,VH0474
TRIP02083,2025-02-18,16,Medan,Bluebird,QRIS,44272.0,7.49,34.8,4.7,146,1,Completed,CUST0138,DRV0440,VH1146
TRIP02084,2025-02-04,18,Semarang,Bluebird,Cash,25366.0,4.41,31.6,4.3,109,1,Completed,CUST0451,DRV1080,VH0732
TRIP02085,2025-02-13,12,Medan,Bluebird,QRIS,66294.0,15.38,72.5,4.6,240,2,Completed,CUST0324,DRV0273,VH0941
TRIP02086,2025-03-31,17,Jakarta,Silver Bird,Debit/Credit,69807.0,7.99,34.1,4.9,611,1,Completed,CUST0473,DRV0702,VH0660
TRIP02087,2025-01-11,14,Semarang,Bluebird,Cash,45200.0,10.68,46.0,4.3,181,1,Completed,CUST0741,DRV1045,VH0292
TRIP02088,2025-03-13,8,Bandung,Bluebird,Cash,40183.0,2.29,24.5,4.5,250,2,Completed,CUST0614,DRV0165,VH0938
TRIP02089,2025-03-19,18,Jakarta,Bluebird,Cash,39855.0,6.91,35.7,4.6,591,3,Completed,CUST0477,DRV0883,VH0247
TRIP02090,2025-03-15,16,Bandung,Bluebird,QRIS,28114.0,7.29,21.2,4.3,256,2,Completed,CUST0193,DRV0992,VH0188
TRIP02091,2025-03-07,12,Jakarta,Golden Bird,E-Wallet,50719.0,5.78,24.9,4.2,677,1,Completed,CUST0307,DRV0956,VH1308
TRIP02092,2025-02-15,21,Bandung,Bluebird,Cash,30858.0,5.73,28.3,4.5,331,1,Completed,CUST0542,DRV0885,VH0557
TRIP02093,2025-01-09,3,Jakarta,Silver Bird,Debit/Credit,86119.0,7.85,24.8,4.7,676,1,Completed,CUST0759,DRV0188,VH1148
TRIP02094,2025-01-03,10,Bandung,Bluebird,E-Wallet,27244.0,6.3,23.4,4.7,308,2,Completed,CUST0221,DRV0208,VH0890
TRIP02095,2025-03-26,6,Bandung,Silver Bird,Cash,90262.0,12.57,50.2,4.2,242,1,Completed,CUST0172,DRV0074,VH0247
TRIP02096,2025-01-26,18,Medan,Bluebird,Debit/Credit,40731.0,8.63,24.5,5.0,163,1,Completed,CUST0160,DRV0674,VH1430
TRIP02097,2025-03-13,18,Surabaya,Golden Bird,E-Wallet,86819.0,9.44,52.9,4.0,151,1,Completed,CUST0172,DRV0673,VH1361
TRIP02098,2025-02-17,11,Bandung,Bluebird,E-Wallet,40847.0,8.62,34.5,4.3,292,1,Completed,CUST0063,DRV0490,VH0959
TRIP02099,2025-03-07,17,Medan,Bluebird,Cash,37771.0,9.34,56.5,4.4,137,1,Completed,CUST0573,DRV0572,VH1183
TRIP02100,2025-03-11,13,Semarang,Bluebird,Cash,35212.0,6.55,32.2,4.3,163,1,Completed,CUST0065,DRV1050,VH1291
TRIP02101,2025-01-28,18,Jakarta,Bluebird,Cash,38428.0,7.54,35.7,4.3,604,2,Completed,CUST0169,DRV0874,VH0292
TRIP02102,2025-01-26,14,Bandung,Bluebird,Debit/Credit,35328.0,7.5,29.4,4.7,310,1,Completed,CUST0081,DRV0515,VH0895
TRIP02103,2025-01-25,13,Jakarta,Bluebird,Debit/Credit,55083.0,11.97,51.8,4.1,683,2,Completed,CUST0759,DRV0280,VH0151
TRIP02104,2025-01-12,21,Jakarta,Bluebird Van,Debit/Credit,86952.0,11.88,54.3,4.3,728,1,Completed,CUST0268,DRV0818,VH1309
TRIP02105,2025-01-05,9,Surabaya,Bluebird,QRIS,37107.0,7.28,39.4,4.4,189,1,Completed,CUST0380,DRV0939,VH0151
TRIP02106,2025-02-17,7,Medan,Silver Bird,Cash,62812.0,9.8,54.9,4.1,127,2,Completed,CUST0770,DRV0760,VH0124
TRIP02107,2025-02-06,16,Jakarta,Bluebird Van,Debit/Credit,49199.0,7.92,37.6,4.0,643,3,Completed,CUST0073,DRV0556,VH0272
TRIP02108,2025-03-20,22,Medan,Bluebird,QRIS,42223.0,7.6,23.4,4.7,238,1,Completed,CUST0332,DRV1057,VH1364
TRIP02109,2025-02-13,12,Medan,Bluebird,Debit/Credit,21781.0,6.08,23.9,4.4,228,2,Completed,CUST0188,DRV0291,VH0659
TRIP02110,2025-01-15,6,Semarang,Bluebird,QRIS,52178.0,6.26,34.5,4.5,89,1,Completed,CUST0025,DRV0785,VH0608
TRIP02111,2025-02-12,11,Jakarta,Bluebird,QRIS,71512.0,12.52,41.7,4.4,670,1,Completed,CUST0228,DRV0826,VH1471
TRIP02112,2025-02-17,15,Semarang,Bluebird,QRIS,53746.0,7.08,19.0,4.6,158,1,Completed,CUST0118,DRV1067,VH0981
TRIP02113,2025-03-28,8,Jakarta,Bluebird Van,Cash,63063.0,8.91,46.8,4.4,598,1,Completed,CUST0445,DRV0971,VH1481
TRIP02114,2025-03-11,17,Bandung,Bluebird,Cash,10000.0,2.66,15.8,4.7,252,3,Completed,CUST0108,DRV0742,VH0555
TRIP02115,2025-02-15,23,Jakarta,Bluebird,Cash,56904.0,7.57,29.1,4.5,720,1,Completed,CUST0242,DRV0083,VH0531
TRIP02116,2025-02-12,14,Jakarta,Bluebird,QRIS,33818.0,7.78,28.6,5.0,707,1,Completed,CUST0611,DRV0642,VH1137
TRIP02117,2025-01-21,11,Surabaya,Golden Bird,Cash,46122.0,5.51,32.7,4.1,268,3,Completed,CUST0534,DRV1162,VH0725
TRIP02118,2025-01-23,13,Bandung,Bluebird,Cash,40921.0,7.06,37.1,4.5,318,1,Completed,CUST0481,DRV0083,VH0646
TRIP02119,2025-03-21,7,Jakarta,Bluebird,Debit/Credit,53785.0,7.21,28.2,4.9,604,2,Completed,CUST0503,DRV0648,VH0064
TRIP02120,2025-02-16,20,Jakarta,Bluebird,QRIS,57115.0,8.74,31.2,4.7,689,2,Completed,CUST0498,DRV0619,VH1417
TRIP02121,2025-01-15,13,Surabaya,Bluebird,Debit/Credit,54011.0,8.36,39.4,4.3,267,1,Completed,CUST0056,DRV0151,VH0518
TRIP02122,2025-01-25,12,Jakarta,Bluebird Van,Debit/Credit,38393.0,5.63,26.7,4.5,710,1,Completed,CUST0149,DRV0944,VH1379
TRIP02123,2025-02-05,17,Medan,Golden Bird,Debit/Credit,56272.0,6.3,32.9,4.4,139,1,Completed,CUST0311,DRV0860,VH1177
TRIP02124,2025-03-16,14,Jakarta,Bluebird,E-Wallet,49998.0,8.73,27.0,4.8,716,1,Completed,CUST0552,DRV0319,VH0329
TRIP02125,2025-02-20,17,Jakarta,Bluebird,Cash,59514.0,12.05,51.4,4.2,615,2,Completed,CUST0662,DRV1061,VH0690
TRIP02126,2025-01-15,6,Jakarta,Bluebird,Debit/Credit,57754.0,9.27,41.5,4.6,643,3,Completed,CUST0121,DRV0115,VH0479
TRIP02127,2025-03-09,19,Bandung,Bluebird,E-Wallet,38844.0,5.01,30.0,4.7,264,2,Completed,CUST0772,DRV1105,VH0391
TRIP02128,2025-01-21,21,Jakarta,Bluebird,E-Wallet,56623.0,9.7,50.7,5.0,675,1,Completed,CUST0026,DRV0705,VH0575
TRIP02129,2025-01-13,17,Jakarta,Bluebird,Cash,42306.0,13.62,57.7,4.4,628,2,Completed,CUST0112,DRV0726,VH0412
TRIP02130,2025-03-27,22,Semarang,Bluebird,QRIS,51345.0,9.55,31.0,4.4,166,1,Completed,CUST0511,DRV1108,VH1282
TRIP02131,2025-01-19,8,Surabaya,Bluebird Van,Cash,,,,,155,1,Cancelled,CUST0023,DRV0887,VH0869
TRIP02132,2025-02-03,15,Jakarta,Bluebird,Debit/Credit,56604.0,10.68,49.9,4.3,697,1,Completed,CUST0681,DRV0778,VH0507
TRIP02133,2025-03-19,17,Bandung,Bluebird Van,Debit/Credit,64552.0,11.32,43.2,4.5,218,1,Completed,CUST0264,DRV0810,VH0958
TRIP02134,2025-03-09,16,Medan,Bluebird,QRIS,41891.0,10.73,61.1,3.7,136,1,Completed,CUST0116,DRV0154,VH0294
TRIP02135,2025-02-21,13,Jakarta,Bluebird,QRIS,57491.0,10.2,39.6,4.3,704,2,Completed,CUST0480,DRV0253,VH0763
TRIP02136,2025-01-27,11,Jakarta,Golden Bird,Debit/Credit,94369.0,11.71,41.7,4.6,715,2,Completed,CUST0307,DRV0502,VH0508
TRIP02137,2025-01-29,7,Surabaya,Bluebird,QRIS,35215.0,4.76,15.8,4.6,155,2,Completed,CUST0231,DRV0448,VH0119
TRIP02138,2025-01-28,12,Bandung,Bluebird,E-Wallet,12998.0,2.49,14.9,4.9,293,2,Completed,CUST0701,DRV0930,VH0478
TRIP02139,2025-02-04,8,Bandung,Bluebird,Debit/Credit,55280.0,7.47,36.7,4.2,225,1,Completed,CUST0492,DRV0825,VH0564
TRIP02140,2025-01-08,18,Jakarta,Bluebird,Cash,56464.0,8.71,44.0,4.6,612,3,Completed,CUST0769,DRV0854,VH0842
TRIP02141,2025-01-16,8,Jakarta,Bluebird Van,Debit/Credit,51145.0,6.87,29.2,4.9,637,1,Completed,CUST0120,DRV0507,VH1343
TRIP02142,2025-02-05,6,Surabaya,Golden Bird,Cash,87073.0,10.48,47.7,4.7,172,1,Completed,CUST0286,DRV0132,VH1419
TRIP02143,2025-01-30,16,Jakarta,Bluebird,Debit/Credit,30037.0,2.91,16.2,4.3,618,3,Completed,CUST0785,DRV0351,VH1072
TRIP02144,2025-01-18,17,Bandung,Bluebird,E-Wallet,36145.0,5.4,28.9,4.7,250,1,Completed,CUST0407,DRV1107,VH1462
TRIP02145,2025-01-02,20,Bandung,Bluebird,E-Wallet,35251.0,5.55,17.5,4.5,293,2,Completed,CUST0358,DRV0818,VH0475
TRIP02146,2025-02-18,16,Jakarta,Bluebird,QRIS,34866.0,3.59,11.6,4.3,629,1,Completed,CUST0152,DRV0126,VH0946
TRIP02147,2025-03-18,11,Semarang,Bluebird,QRIS,71769.0,11.28,64.2,4.1,205,1,Completed,CUST0598,DRV0835,VH0752
TRIP02148,2025-01-04,19,Medan,Bluebird,Cash,,,,,149,1,Cancelled,CUST0325,DRV0896,VH0550
TRIP02149,2025-03-31,16,Surabaya,Bluebird,QRIS,25285.0,6.23,34.2,4.8,173,1,Completed,CUST0246,DRV0955,VH0728
TRIP02150,2025-03-30,6,Jakarta,Bluebird,Cash,49443.0,11.22,40.5,4.6,595,1,Completed,CUST0315,DRV0462,VH0136
TRIP02151,2025-03-16,16,Jakarta,Bluebird,QRIS,38868.0,10.44,35.8,4.3,629,5,Completed,CUST0162,DRV0625,VH0518
TRIP02152,2025-01-07,21,Bandung,Bluebird,Cash,24197.0,3.68,15.4,4.5,295,1,Completed,CUST0612,DRV0105,VH0759
TRIP02153,2025-03-15,13,Jakarta,Bluebird,QRIS,60366.0,10.55,43.4,4.4,727,2,Completed,CUST0369,DRV0063,VH0324
TRIP02154,2025-02-08,10,Semarang,Bluebird Van,Cash,52262.0,7.67,39.5,4.5,163,1,Completed,CUST0185,DRV0963,VH1221
TRIP02155,2025-01-13,7,Jakarta,Golden Bird,E-Wallet,119481.0,15.5,72.8,4.4,603,1,Completed,CUST0276,DRV0751,VH0111
TRIP02156,2025-01-31,8,Bandung,Bluebird,Debit/Credit,55568.0,8.21,39.8,4.7,259,1,Completed,CUST0529,DRV0026,VH1139
TRIP02157,2025-03-12,14,Jakarta,Bluebird,QRIS,,,,,714,1,Cancelled,CUST0436,DRV0001,VH0724
TRIP02158,2025-03-04,17,Surabaya,Golden Bird,Cash,56806.0,5.43,40.2,4.5,196,1,Completed,CUST0260,DRV0094,VH0488
TRIP02159,2025-02-25,6,Jakarta,Bluebird Van,QRIS,56494.0,6.27,39.6,4.1,624,1,Completed,CUST0245,DRV0883,VH0365
TRIP02160,2025-02-11,21,Bandung,Golden Bird,Cash,45687.0,4.52,9.4,5.0,295,2,Completed,CUST0338,DRV0452,VH0767
TRIP02161,2025-03-02,18,Jakarta,Bluebird,QRIS,83825.0,12.61,58.7,4.2,612,2,Completed,CUST0050,DRV1036,VH0832
TRIP02162,2025-02-11,16,Medan,Bluebird Van,E-Wallet,47353.0,7.55,39.2,4.9,129,2,Completed,CUST0272,DRV0298,VH1334
TRIP02163,2025-02-25,19,Jakarta,Bluebird,Debit/Credit,72839.0,10.2,46.4,4.5,606,1,Completed,CUST0235,DRV1191,VH0113
TRIP02164,2025-02-05,6,Semarang,Silver Bird,Debit/Credit,74008.0,11.34,58.8,4.8,89,1,Completed,CUST0584,DRV0254,VH1294
TRIP02165,2025-03-25,15,Medan,Bluebird Van,QRIS,21800.0,1.0,9.8,4.9,237,1,Completed,CUST0556,DRV1168,VH0320
TRIP02166,2025-03-09,17,Jakarta,Bluebird,E-Wallet,55637.0,12.34,56.0,4.0,595,1,Completed,CUST0306,DRV0209,VH0175
TRIP02167,2025-01-07,19,Medan,Bluebird Van,E-Wallet,63672.0,7.67,36.7,4.4,149,1,Completed,CUST0477,DRV0907,VH1043
TRIP02168,2025-02-23,19,Jakarta,Bluebird,QRIS,46401.0,9.81,57.7,4.3,650,2,Completed,CUST0488,DRV0284,VH1227
TRIP02169,2025-01-01,9,Semarang,Bluebird Van,QRIS,37325.0,4.31,31.8,4.4,97,1,Completed,CUST0080,DRV1135,VH0126
TRIP02170,2025-02-13,21,Bandung,Bluebird,QRIS,,,,,302,1,Cancelled,CUST0286,DRV0350,VH0995
TRIP02171,2025-02-14,7,Jakarta,Bluebird Van,Cash,74211.0,9.97,36.5,4.2,618,1,Completed,CUST0561,DRV1104,VH1491
TRIP02172,2025-02-16,20,Jakarta,Bluebird,Debit/Credit,69737.0,15.65,65.0,4.2,714,2,Completed,CUST0098,DRV0184,VH0254
TRIP02173,2025-01-13,22,Jakarta,Bluebird,QRIS,75327.0,11.51,50.9,4.4,689,1,Completed,CUST0478,DRV0212,VH0929
TRIP02174,2025-01-22,8,Semarang,Bluebird,Cash,44620.0,10.6,31.1,4.4,127,1,Completed,CUST0406,DRV0167,VH0767
TRIP02175,2025-01-21,18,Jakarta,Bluebird,Cash,29600.0,7.92,41.4,5.0,606,1,Completed,CUST0537,DRV1186,VH0292
TRIP02176,2025-03-27,5,Surabaya,Bluebird,QRIS,45176.0,6.2,21.9,4.7,282,1,Completed,CUST0726,DRV0875,VH1176
TRIP02177,2025-01-09,13,Bandung,Bluebird,E-Wallet,23122.0,4.66,17.1,4.5,344,1,Completed,CUST0568,DRV0407,VH0199
TRIP02178,2025-01-26,15,Semarang,Bluebird,Debit/Credit,31890.0,5.34,15.0,4.3,203,2,Completed,CUST0255,DRV0438,VH1223
TRIP02179,2025-01-09,16,Jakarta,Bluebird,Debit/Credit,15840.0,2.34,16.3,4.7,624,3,Completed,CUST0668,DRV1111,VH0687
TRIP02180,2025-01-15,21,Bandung,Bluebird,QRIS,,,,,334,1,Cancelled,CUST0487,DRV0405,VH1477
TRIP02181,2025-01-10,17,Bandung,Bluebird Van,Debit/Credit,39075.0,5.32,26.2,4.9,248,4,Completed,CUST0673,DRV0275,VH0782
TRIP02182,2025-03-29,15,Surabaya,Bluebird,QRIS,53770.0,7.47,36.6,4.5,281,1,Completed,CUST0194,DRV0562,VH0941
TRIP02183,2025-02-11,19,Jakarta,Bluebird,Debit/Credit,57301.0,8.9,38.0,4.2,626,3,Completed,CUST0516,DRV0112,VH1204
TRIP02184,2025-03-13,22,Jakarta,Bluebird,Cash,52555.0,9.59,43.7,4.9,712,2,Completed,CUST0464,DRV0792,VH0218
TRIP02185,2025-01-24,3,Jakarta,Bluebird,QRIS,56501.0,8.46,33.9,4.7,692,1,Completed,CUST0780,DRV0302,VH0630
TRIP02186,2025-03-21,23,Surabaya,Bluebird,QRIS,25323.0,6.26,27.5,4.6,247,2,Completed,CUST0504,DRV0136,VH0818
TRIP02187,2025-02-18,6,Jakarta,Bluebird,QRIS,16968.0,2.61,18.5,4.7,625,2,Completed,CUST0036,DRV0333,VH0833
TRIP02188,2025-01-26,19,Bandung,Golden Bird,E-Wallet,56199.0,5.27,33.6,4.7,229,1,Completed,CUST0016,DRV1027,VH1344
TRIP02189,2025-02-06,10,Jakarta,Bluebird,Cash,31690.0,5.58,5.0,4.3,723,2,Completed,CUST0649,DRV1186,VH0023
TRIP02190,2025-03-09,7,Medan,Bluebird,QRIS,44802.0,8.9,33.7,4.6,169,2,Completed,CUST0590,DRV0077,VH0637
TRIP02191,2025-02-19,14,Semarang,Bluebird,QRIS,37973.0,9.53,41.0,4.4,208,2,Completed,CUST0073,DRV0185,VH1108
TRIP02192,2025-01-24,17,Bandung,Bluebird,E-Wallet,30413.0,9.82,33.0,4.7,216,1,Completed,CUST0320,DRV0570,VH0711
TRIP02193,2025-01-19,12,Jakarta,Bluebird,QRIS,63490.0,10.77,39.4,4.3,705,1,Completed,CUST0245,DRV1187,VH1350
TRIP02194,2025-03-01,6,Jakarta,Silver Bird,Debit/Credit,65986.0,8.1,40.0,4.4,631,2,Completed,CUST0740,DRV1045,VH0699
TRIP02195,2025-02-08,17,Jakarta,Bluebird,E-Wallet,47819.0,6.93,29.9,5.0,590,1,Completed,CUST0195,DRV0953,VH0329
TRIP02196,2025-03-15,20,Jakarta,Bluebird,QRIS,31546.0,6.26,20.2,5.0,718,3,Completed,CUST0758,DRV0299,VH1354
TRIP02197,2025-03-30,12,Surabaya,Bluebird,QRIS,16836.0,3.48,15.8,3.9,266,1,Completed,CUST0089,DRV0472,VH0711
TRIP02198,2025-01-18,8,Bandung,Golden Bird,QRIS,85724.0,9.98,55.0,4.6,258,2,Completed,CUST0772,DRV0410,VH0473
TRIP02199,2025-01-19,14,Semarang,Bluebird,E-Wallet,44546.0,6.28,18.4,4.7,184,2,Completed,CUST0798,DRV0687,VH0478
TRIP02200,2025-02-05,5,Jakarta,Bluebird,Cash,27153.0,4.76,15.0,4.5,710,1,Completed,CUST0139,DRV0165,VH1259
TRIP02201,2025-03-15,19,Surabaya,Bluebird,QRIS,40754.0,5.52,25.0,4.4,152,1,Completed,CUST0563,DRV1106,VH0922
TRIP02202,2025-02-24,19,Bandung,Bluebird,Debit/Credit,17857.0,4.4,8.7,4.5,244,1,Completed,CUST0659,DRV0658,VH0556
TRIP02203,2025-03-10,16,Bandung,Bluebird Van,Debit/Credit,47959.0,7.13,37.5,4.4,238,3,Completed,CUST0754,DRV0164,VH0588
TRIP02204,2025-02-16,11,Jakarta,Bluebird,QRIS,58609.0,11.7,53.3,4.1,678,1,Completed,CUST0397,DRV0104,VH0694
TRIP02205,2025-02-18,19,Bandung,Bluebird,QRIS,46892.0,5.96,39.0,4.2,246,1,Completed,CUST0484,DRV1154,VH0119
TRIP02206,2025-02-02,16,Bandung,Bluebird Van,Cash,18701.0,1.0,5.9,4.4,269,2,Completed,CUST0387,DRV0596,VH1064
TRIP02207,2025-01-21,19,Surabaya,Bluebird,QRIS,58410.0,7.43,29.0,4.7,205,1,Completed,CUST0368,DRV0120,VH0260
TRIP02208,2025-03-22,17,Semarang,Bluebird,QRIS,22742.0,6.33,33.5,4.6,111,1,Completed,CUST0458,DRV0259,VH0949
TRIP02209,2025-01-22,19,Jakarta,Bluebird,E-Wallet,43968.0,7.83,45.1,4.6,636,2,Completed,CUST0422,DRV1128,VH0756
TRIP02210,2025-02-17,17,Jakarta,Bluebird,Cash,39260.0,6.62,35.6,4.6,614,2,Completed,CUST0232,DRV0364,VH0006
TRIP02211,2025-02-06,13,Bandung,Bluebird,E-Wallet,48096.0,7.65,32.6,4.3,301,1,Completed,CUST0539,DRV0369,VH0311
TRIP02212,2025-01-15,22,Bandung,Golden Bird,Debit/Credit,57800.0,7.2,36.8,4.7,327,1,Completed,CUST0344,DRV0958,VH0066
TRIP02213,2025-02-04,16,Jakarta,Bluebird,Cash,62093.0,8.43,36.5,4.3,596,1,Completed,CUST0720,DRV0394,VH1398
TRIP02214,2025-03-12,17,Surabaya,Bluebird,Debit/Credit,48862.0,9.24,43.4,4.6,156,1,Completed,CUST0138,DRV0530,VH0731
TRIP02215,2025-02-01,8,Semarang,Silver Bird,Cash,36534.0,5.51,41.5,4.2,124,1,Completed,CUST0374,DRV0135,VH1170
TRIP02216,2025-01-11,17,Semarang,Bluebird,E-Wallet,31802.0,5.34,28.0,4.5,73,1,Completed,CUST0437,DRV0045,VH1258
TRIP02217,2025-01-10,16,Jakarta,Bluebird,E-Wallet,60220.0,12.64,49.7,4.3,650,1,Completed,CUST0155,DRV0624,VH0029
TRIP02218,2025-03-14,8,Medan,Bluebird,QRIS,76306.0,9.18,40.0,4.7,154,1,Completed,CUST0519,DRV0925,VH0660
TRIP02219,2025-03-19,6,Surabaya,Golden Bird,Cash,99705.0,10.48,43.4,4.5,196,1,Completed,CUST0115,DRV0595,VH0900
TRIP02220,2025-03-18,17,Bandung,Golden Bird,QRIS,91121.0,10.68,53.2,4.4,240,1,Completed,CUST0092,DRV0766,VH0904
TRIP02221,2025-02-26,18,Bandung,Bluebird Van,QRIS,56248.0,8.58,36.0,5.0,259,1,Completed,CUST0346,DRV1169,VH1494
TRIP02222,2025-01-25,16,Medan,Golden Bird,QRIS,97368.0,10.29,51.1,3.9,159,2,Completed,CUST0594,DRV0293,VH0361
TRIP02223,2025-01-02,9,Bandung,Bluebird,QRIS,28707.0,2.26,11.9,4.4,248,2,Completed,CUST0525,DRV0536,VH0962
TRIP02224,2025-03-05,17,Jakarta,Bluebird,Debit/Credit,19058.0,9.11,29.6,4.4,599,3,Completed,CUST0584,DRV0634,VH1379
TRIP02225,2025-02-04,6,Bandung,Silver Bird,Cash,59696.0,6.45,35.9,4.1,257,1,Completed,CUST0091,DRV0466,VH0026
TRIP02226,2025-01-07,14,Bandung,Bluebird,E-Wallet,61009.0,12.03,49.2,4.2,312,1,Completed,CUST0700,DRV0049,VH1314
TRIP02227,2025-03-26,8,Jakarta,Bluebird,E-Wallet,44393.0,11.28,56.7,4.5,615,2,Completed,CUST0398,DRV0661,VH0071
TRIP02228,2025-01-18,8,Semarang,Bluebird,QRIS,38915.0,4.91,22.9,4.6,92,1,Completed,CUST0105,DRV0459,VH1113
TRIP02229,2025-03-08,8,Surabaya,Bluebird,E-Wallet,70678.0,9.12,39.0,4.4,178,3,Completed,CUST0596,DRV0697,VH0177
TRIP02230,2025-02-11,12,Surabaya,Bluebird Van,Cash,62505.0,8.5,36.8,4.1,237,1,Completed,CUST0540,DRV0762,VH0027
TRIP02231,2025-02-08,6,Jakarta,Bluebird,Cash,62402.0,9.86,58.1,4.1,608,1,Completed,CUST0279,DRV0425,VH1313
TRIP02232,2025-02-10,13,Bandung,Bluebird,Debit/Credit,43983.0,3.94,15.8,4.6,318,1,Completed,CUST0012,DRV0755,VH0840
TRIP02233,2025-03-16,15,Jakarta,Bluebird Van,QRIS,54440.0,9.58,41.3,4.7,712,1,Completed,CUST0307,DRV0877,VH0817
TRIP02234,2025-01-24,15,Jakarta,Bluebird,Debit/Credit,24050.0,7.82,29.0,4.2,722,2,Completed,CUST0364,DRV0661,VH0575
TRIP02235,2025-03-01,12,Bandung,Bluebird,E-Wallet,49324.0,7.85,20.6,4.6,295,1,Completed,CUST0662,DRV0068,VH1000
TRIP02236,2025-02-15,19,Jakarta,Bluebird,E-Wallet,33743.0,6.33,40.1,4.8,618,1,Completed,CUST0318,DRV0509,VH0531
TRIP02237,2025-01-19,7,Bandung,Silver Bird,Debit/Credit,31980.0,5.24,35.3,4.5,233,1,Completed,CUST0538,DRV0736,VH1458
TRIP02238,2025-03-09,15,Jakarta,Silver Bird,Debit/Credit,87213.0,12.02,53.1,3.8,725,3,Completed,CUST0214,DRV0210,VH0493
TRIP02239,2025-03-31,6,Bandung,Silver Bird,Cash,44330.0,3.85,22.1,5.0,219,1,Completed,CUST0314,DRV0704,VH0278
TRIP02240,2025-02-11,6,Jakarta,Bluebird,Cash,31461.0,5.57,34.5,4.8,640,1,Completed,CUST0455,DRV0124,VH0999
TRIP02241,2025-02-01,16,Semarang,Bluebird,Debit/Credit,29727.0,6.65,40.9,4.7,129,1,Completed,CUST0399,DRV0796,VH1370
TRIP02242,2025-02-08,16,Bandung,Golden Bird,QRIS,45820.0,4.68,38.1,4.1,223,1,Completed,CUST0752,DRV0292,VH1262
TRIP02243,2025-02-05,20,Surabaya,Golden Bird,QRIS,52543.0,5.34,28.3,5.0,281,1,Completed,CUST0222,DRV0421,VH1161
TRIP02244,2025-02-05,16,Jakarta,Bluebird,QRIS,27631.0,8.82,43.7,4.3,595,3,Completed,CUST0580,DRV0812,VH1187
TRIP02245,2025-01-03,22,Jakarta,Bluebird,Debit/Credit,24686.0,3.98,6.8,4.6,673,1,Completed,CUST0262,DRV0050,VH0839
TRIP02246,2025-03-14,5,Semarang,Bluebird Van,Cash,18124.0,3.78,16.2,4.5,207,2,Completed,CUST0496,DRV0183,VH0847
TRIP02247,2025-01-08,7,Jakarta,Golden Bird,Debit/Credit,125453.0,14.66,68.4,4.4,641,2,Completed,CUST0623,DRV0247,VH0900
TRIP02248,2025-03-11,5,Bandung,Golden Bird,Cash,58696.0,8.38,38.5,4.5,304,1,Completed,CUST0130,DRV1112,VH0293
TRIP02249,2025-02-10,8,Surabaya,Golden Bird,Cash,65844.0,5.76,40.5,4.6,186,2,Completed,CUST0159,DRV0650,VH1052
TRIP02250,2025-03-09,16,Jakarta,Bluebird,QRIS,46833.0,9.75,46.3,4.5,637,2,Completed,CUST0792,DRV0550,VH0256
TRIP02251,2025-01-13,17,Medan,Bluebird,Cash,43130.0,9.2,59.5,4.3,167,3,Completed,CUST0291,DRV0561,VH0905
TRIP02252,2025-02-18,5,Bandung,Bluebird,E-Wallet,,,,,328,2,Cancelled,CUST0543,DRV0072,VH0665
TRIP02253,2025-03-01,22,Jakarta,Bluebird,Cash,35256.0,8.12,35.4,5.0,697,1,Completed,CUST0089,DRV0770,VH0265
TRIP02254,2025-01-02,19,Jakarta,Silver Bird,Cash,87104.0,11.43,48.1,4.1,591,2,Completed,CUST0332,DRV0556,VH0401
TRIP02255,2025-03-01,10,Jakarta,Bluebird,QRIS,11913.0,2.38,5.0,4.8,682,1,Completed,CUST0630,DRV0504,VH0460
TRIP02256,2025-01-05,6,Medan,Bluebird,QRIS,22052.0,4.33,23.9,4.8,111,1,Completed,CUST0506,DRV0628,VH0777
TRIP02257,2025-02-13,8,Surabaya,Bluebird,Cash,49561.0,8.49,31.8,4.9,209,1,Completed,CUST0130,DRV0661,VH1157
TRIP02258,2025-01-27,7,Jakarta,Bluebird,Cash,38421.0,9.49,44.8,4.8,647,2,Completed,CUST0207,DRV0508,VH1021
TRIP02259,2025-02-01,7,Jakarta,Bluebird,E-Wallet,21125.0,5.76,31.3,4.6,630,3,Completed,CUST0360,DRV1095,VH1215
TRIP02260,2025-01-21,15,Surabaya,Bluebird,Debit/Credit,49236.0,8.78,42.9,4.6,261,2,Completed,CUST0059,DRV0161,VH1148
TRIP02261,2025-01-08,9,Bandung,Bluebird,QRIS,30790.0,5.13,18.0,5.0,261,2,Completed,CUST0096,DRV0127,VH1455
TRIP02262,2025-03-13,12,Jakarta,Bluebird,QRIS,,,,,674,1,Cancelled,CUST0246,DRV0490,VH1242
TRIP02263,2025-02-19,23,Jakarta,Bluebird Van,Cash,76715.0,11.57,47.0,4.2,672,1,Completed,CUST0459,DRV0239,VH0403
TRIP02264,2025-03-08,17,Jakarta,Bluebird,QRIS,57863.0,11.23,60.1,4.2,591,3,Completed,CUST0145,DRV0176,VH0995
TRIP02265,2025-02-13,22,Surabaya,Bluebird,Debit/Credit,36624.0,5.01,17.0,4.4,243,2,Completed,CUST0310,DRV0210,VH1346
TRIP02266,2025-02-27,7,Semarang,Bluebird,E-Wallet,,,,,127,2,Cancelled,CUST0637,DRV0359,VH0301
TRIP02267,2025-01-03,12,Jakarta,Bluebird,Cash,20188.0,7.27,20.6,5.0,709,1,Completed,CUST0534,DRV0634,VH1095
TRIP02268,2025-03-27,16,Bandung,Bluebird,E-Wallet,21277.0,6.92,26.6,4.7,261,2,Completed,CUST0381,DRV1057,VH0214
TRIP02269,2025-03-11,6,Bandung,Silver Bird,Cash,63692.0,5.03,31.5,4.2,253,1,Completed,CUST0353,DRV0501,VH0874
TRIP02270,2025-01-02,0,Bandung,Silver Bird,Cash,76149.0,10.12,50.8,4.6,338,1,Completed,CUST0285,DRV0312,VH0374
TRIP02271,2025-03-28,17,Jakarta,Bluebird,Cash,59524.0,9.54,42.2,4.0,618,2,Completed,CUST0719,DRV1175,VH1360
TRIP02272,2025-02-13,17,Medan,Bluebird,Cash,43039.0,8.72,47.3,4.0,157,1,Completed,CUST0502,DRV0111,VH1195
TRIP02273,2025-01-02,13,Bandung,Bluebird Van,E-Wallet,27870.0,3.2,5.0,4.7,327,2,Completed,CUST0258,DRV1156,VH0344
TRIP02274,2025-03-22,15,Bandung,Golden Bird,QRIS,84814.0,10.5,43.3,4.5,295,2,Completed,CUST0052,DRV0520,VH1480
TRIP02275,2025-02-04,13,Jakarta,Bluebird,Cash,37959.0,1.0,8.7,4.8,719,1,Completed,CUST0550,DRV1053,VH0862
TRIP02276,2025-03-28,4,Jakarta,Bluebird,E-Wallet,,,,,703,1,Cancelled,CUST0665,DRV0850,VH1434
TRIP02277,2025-01-30,11,Jakarta,Bluebird,E-Wallet,52241.0,11.3,43.8,4.9,677,2,Completed,CUST0216,DRV0933,VH0301
TRIP02278,2025-01-08,8,Surabaya,Bluebird,Debit/Credit,21295.0,6.7,39.8,4.5,208,2,Completed,CUST0446,DRV0408,VH1315
TRIP02279,2025-01-22,7,Jakarta,Bluebird,E-Wallet,81713.0,12.32,36.7,4.8,644,3,Completed,CUST0223,DRV0624,VH0749
TRIP02280,2025-02-13,22,Surabaya,Bluebird,Cash,40950.0,7.81,40.6,4.7,275,2,Completed,CUST0655,DRV1129,VH0437
TRIP02281,2025-02-27,17,Jakarta,Bluebird,E-Wallet,53809.0,8.69,45.2,4.1,591,3,Completed,CUST0105,DRV0719,VH0102
TRIP02282,2025-02-05,18,Jakarta,Bluebird,Debit/Credit,58496.0,9.52,51.1,4.3,615,1,Completed,CUST0522,DRV0552,VH0010
TRIP02283,2025-03-10,10,Bandung,Silver Bird,E-Wallet,111673.0,16.56,63.4,4.8,306,2,Completed,CUST0754,DRV0780,VH1065
TRIP02284,2025-03-18,13,Jakarta,Golden Bird,E-Wallet,110475.0,12.53,38.1,4.4,728,3,Completed,CUST0383,DRV0320,VH0370
TRIP02285,2025-01-31,9,Jakarta,Bluebird,QRIS,48539.0,10.6,54.1,4.2,613,1,Completed,CUST0114,DRV1070,VH0126
TRIP02286,2025-02-16,7,Jakarta,Golden Bird,Debit/Credit,45813.0,5.76,30.5,4.7,620,1,Completed,CUST0745,DRV0667,VH0785
TRIP02287,2025-02-24,8,Surabaya,Bluebird,Cash,56894.0,8.43,41.9,4.4,165,1,Completed,CUST0069,DRV0628,VH0383
TRIP02288,2025-03-21,19,Surabaya,Golden Bird,QRIS,52716.0,5.56,37.9,4.3,207,1,Completed,CUST0365,DRV1061,VH0327
TRIP02289,2025-03-03,17,Jakarta,Bluebird,Cash,61356.0,10.97,57.2,4.2,639,2,Completed,CUST0044,DRV1134,VH0450
TRIP02290,2025-01-30,16,Bandung,Bluebird,E-Wallet,45015.0,7.42,51.1,4.7,230,1,Completed,CUST0681,DRV0076,VH0523
TRIP02291,2025-02-24,15,Jakarta,Bluebird,QRIS,37438.0,5.13,21.6,4.7,707,1,Completed,CUST0211,DRV0610,VH1010
TRIP02292,2025-01-16,21,Jakarta,Bluebird,QRIS,31017.0,8.74,30.1,4.3,695,3,Completed,CUST0276,DRV0479,VH0942
TRIP02293,2025-01-12,6,Jakarta,Bluebird Van,QRIS,37378.0,5.95,30.5,4.3,606,1,Completed,CUST0107,DRV0588,VH0983
TRIP02294,2025-01-17,10,Medan,Bluebird,E-Wallet,39940.0,7.95,34.7,5.0,239,1,Completed,CUST0479,DRV0593,VH0273
TRIP02295,2025-01-16,11,Jakarta,Bluebird,QRIS,26141.0,5.92,30.8,4.6,715,2,Completed,CUST0679,DRV0364,VH0502
TRIP02296,2025-01-12,19,Jakarta,Bluebird,Debit/Credit,50184.0,8.58,32.1,4.7,631,1,Completed,CUST0205,DRV0309,VH1251
TRIP02297,2025-01-08,23,Jakarta,Bluebird,E-Wallet,67094.0,10.75,43.1,4.3,673,1,Completed,CUST0119,DRV1087,VH1251
TRIP02298,2025-03-25,9,Jakarta,Bluebird,QRIS,58314.0,8.34,52.6,4.4,639,2,Completed,CUST0486,DRV0267,VH0866
TRIP02299,2025-01-03,20,Surabaya,Bluebird,QRIS,34977.0,6.83,25.6,5.0,272,1,Completed,CUST0109,DRV0033,VH0341
TRIP02300,2025-01-16,19,Jakarta,Silver Bird,Debit/Credit,72771.0,9.11,51.0,4.2,643,2,Completed,CUST0454,DRV0040,VH0272
TRIP02301,2025-01-30,9,Jakarta,Golden Bird,E-Wallet,94442.0,10.59,53.8,4.5,637,3,Completed,CUST0239,DRV0686,VH0395
TRIP02302,2025-01-23,13,Surabaya,Bluebird Van,Debit/Credit,42618.0,4.68,25.4,4.3,233,2,Completed,CUST0008,DRV0260,VH1148
TRIP02303,2025-01-05,13,Jakarta,Bluebird,Cash,40123.0,9.28,31.5,5.0,728,1,Completed,CUST0512,DRV0736,VH0910
TRIP02304,2025-03-25,23,Surabaya,Bluebird,E-Wallet,78591.0,11.95,42.2,4.6,248,1,Completed,CUST0043,DRV0267,VH0195
TRIP02305,2025-03-06,8,Bandung,Bluebird,QRIS,55761.0,8.72,43.0,4.4,247,2,Completed,CUST0394,DRV0667,VH1197
TRIP02306,2025-01-30,19,Jakarta,Bluebird,Debit/Credit,55807.0,8.67,32.0,4.5,614,2,Completed,CUST0132,DRV0639,VH1227
TRIP02307,2025-01-21,11,Surabaya,Bluebird,E-Wallet,63691.0,9.92,37.8,4.4,237,3,Completed,CUST0718,DRV1029,VH1057
TRIP02308,2025-03-25,18,Jakarta,Bluebird Van,Cash,69589.0,9.86,49.2,4.3,607,1,Completed,CUST0792,DRV1021,VH0211
TRIP02309,2025-03-11,13,Bandung,Silver Bird,E-Wallet,60513.0,9.26,49.5,3.8,340,1,Completed,CUST0751,DRV0446,VH0813
TRIP02310,2025-01-22,16,Bandung,Bluebird Van,Debit/Credit,15235.0,1.0,14.8,4.7,227,1,Completed,CUST0789,DRV0288,VH0694
TRIP02311,2025-03-23,19,Jakarta,Golden Bird,E-Wallet,25584.0,3.84,27.7,4.6,637,1,Completed,CUST0394,DRV1082,VH0753
TRIP02312,2025-03-13,19,Bandung,Bluebird Van,Cash,69204.0,10.01,56.2,4.4,267,1,Completed,CUST0558,DRV1096,VH1001
TRIP02313,2025-02-01,20,Medan,Silver Bird,QRIS,,,,,196,1,Cancelled,CUST0198,DRV0794,VH1075
TRIP02314,2025-02-02,6,Semarang,Bluebird,E-Wallet,42995.0,8.0,38.8,4.3,126,1,Completed,CUST0464,DRV1106,VH0892
TRIP02315,2025-01-16,18,Bandung,Bluebird,Cash,46582.0,5.94,48.7,4.4,226,1,Completed,CUST0121,DRV0775,VH1431
TRIP02316,2025-03-17,7,Jakarta,Bluebird,Cash,28123.0,5.51,29.5,4.2,648,3,Completed,CUST0300,DRV0277,VH0541
TRIP02317,2025-02-07,13,Jakarta,Bluebird,E-Wallet,47544.0,9.55,46.0,4.5,672,1,Completed,CUST0220,DRV0963,VH0518
TRIP02318,2025-01-14,16,Jakarta,Bluebird,QRIS,48350.0,9.1,51.1,3.9,611,4,Completed,CUST0094,DRV0736,VH0935
TRIP02319,2025-02-05,13,Bandung,Bluebird,E-Wallet,47919.0,13.33,43.0,4.8,304,2,Completed,CUST0292,DRV1160,VH0133
TRIP02320,2025-01-23,15,Jakarta,Bluebird,Cash,34848.0,6.63,28.7,4.8,700,2,Completed,CUST0153,DRV0736,VH0096
TRIP02321,2025-03-07,23,Semarang,Bluebird Van,QRIS,46162.0,11.12,45.5,4.2,185,2,Completed,CUST0525,DRV0114,VH0424
TRIP02322,2025-03-26,7,Jakarta,Bluebird Van,Debit/Credit,56780.0,9.56,48.5,4.6,615,2,Completed,CUST0719,DRV0772,VH0858
TRIP02323,2025-01-02,17,Jakarta,Bluebird,Debit/Credit,,,,,637,1,Cancelled,CUST0767,DRV0157,VH0974
TRIP02324,2025-03-14,13,Jakarta,Bluebird,Debit/Credit,60343.0,10.9,35.8,4.3,683,1,Completed,CUST0422,DRV1013,VH0082
TRIP02325,2025-03-06,7,Medan,Bluebird,QRIS,42612.0,9.2,41.5,4.0,167,1,Completed,CUST0158,DRV0255,VH0789
TRIP02326,2025-03-16,8,Surabaya,Bluebird,E-Wallet,44281.0,8.11,39.8,4.6,166,2,Completed,CUST0270,DRV1055,VH0315
TRIP02327,2025-03-08,22,Bandung,Silver Bird,Cash,50933.0,7.8,39.5,4.3,298,1,Completed,CUST0580,DRV0108,VH0916
TRIP02328,2025-02-21,20,Jakarta,Bluebird,QRIS,37830.0,6.71,39.6,4.8,676,1,Completed,CUST0257,DRV0282,VH1304
TRIP02329,2025-03-03,21,Medan,Bluebird,Cash,59889.0,5.02,29.9,4.6,235,2,Completed,CUST0701,DRV0621,VH1110
TRIP02330,2025-01-23,23,Jakarta,Golden Bird,Debit/Credit,109792.0,10.78,49.1,4.2,696,1,Completed,CUST0515,DRV0390,VH0366
TRIP02331,2025-01-26,8,Medan,Silver Bird,Cash,56161.0,6.83,28.3,5.0,137,1,Completed,CUST0237,DRV0529,VH0366
TRIP02332,2025-03-09,11,Bandung,Bluebird,QRIS,39669.0,6.76,24.2,4.8,344,1,Completed,CUST0445,DRV1194,VH1117
TRIP02333,2025-03-23,17,Jakarta,Bluebird,QRIS,39366.0,9.34,46.8,3.5,601,1,Completed,CUST0644,DRV0878,VH0071
TRIP02334,2025-02-24,15,Bandung,Bluebird,Cash,34522.0,7.8,26.8,4.6,306,1,Completed,CUST0171,DRV1199,VH0326
TRIP02335,2025-01-06,13,Surabaya,Bluebird,Cash,28575.0,3.71,18.9,4.4,238,1,Completed,CUST0270,DRV1098,VH1350
TRIP02336,2025-02-04,12,Jakarta,Bluebird,Debit/Credit,56899.0,12.36,54.5,4.1,713,1,Completed,CUST0601,DRV0454,VH0844
TRIP02337,2025-01-22,17,Medan,Bluebird,QRIS,51839.0,7.86,43.2,4.4,153,1,Completed,CUST0615,DRV0509,VH1215
TRIP02338,2025-02-12,16,Bandung,Bluebird,E-Wallet,52174.0,6.39,40.7,4.6,217,1,Completed,CUST0637,DRV0096,VH0214
TRIP02339,2025-01-15,8,Jakarta,Bluebird,Debit/Credit,54423.0,9.79,40.8,4.6,616,1,Completed,CUST0067,DRV0202,VH1071
TRIP02340,2025-03-27,15,Jakarta,Bluebird,Cash,49620.0,9.21,43.4,4.7,729,3,Completed,CUST0775,DRV1061,VH0089
TRIP02341,2025-03-01,16,Bandung,Silver Bird,Debit/Credit,54228.0,9.3,40.3,4.7,251,2,Completed,CUST0008,DRV0091,VH0996
TRIP02342,2025-01-12,16,Bandung,Bluebird,Cash,53499.0,8.61,35.9,4.7,221,1,Completed,CUST0556,DRV0233,VH1251
TRIP02343,2025-02-18,8,Jakarta,Bluebird,E-Wallet,43358.0,10.65,54.3,4.4,626,2,Completed,CUST0448,DRV0659,VH1421
TRIP02344,2025-02-11,18,Surabaya,Golden Bird,E-Wallet,96165.0,12.05,64.7,4.5,169,1,Completed,CUST0135,DRV1011,VH0217
TRIP02345,2025-02-07,4,Bandung,Bluebird,QRIS,60091.0,9.65,42.0,4.4,290,1,Completed,CUST0760,DRV0809,VH0301
TRIP02346,2025-03-23,11,Semarang,Bluebird Van,Debit/Credit,55518.0,6.32,25.4,4.6,158,2,Completed,CUST0025,DRV0912,VH1440
TRIP02347,2025-02-14,19,Bandung,Bluebird,Cash,19944.0,3.63,24.7,4.2,256,2,Completed,CUST0465,DRV0253,VH0926
TRIP02348,2025-02-04,16,Medan,Bluebird,QRIS,,,,,133,1,Cancelled,CUST0374,DRV0724,VH0853
TRIP02349,2025-01-30,9,Jakarta,Bluebird,E-Wallet,35504.0,7.79,31.3,4.6,650,3,Completed,CUST0196,DRV0441,VH0894
TRIP02350,2025-03-29,18,Jakarta,Bluebird,Cash,27465.0,7.08,27.6,5.0,623,2,Completed,CUST0704,DRV0996,VH0170
TRIP02351,2025-01-30,16,Jakarta,Bluebird,Cash,16799.0,3.29,20.6,4.6,625,3,Completed,CUST0402,DRV0064,VH1389
TRIP02352,2025-03-19,19,Bandung,Bluebird,QRIS,27355.0,8.02,40.6,4.5,213,1,Completed,CUST0122,DRV0005,VH1256
TRIP02353,2025-01-06,18,Medan,Bluebird,Debit/Credit,50016.0,7.95,39.9,4.7,138,1,Completed,CUST0772,DRV0072,VH0620
TRIP02354,2025-03-08,17,Jakarta,Bluebird,QRIS,29930.0,3.95,28.5,4.4,612,3,Completed,CUST0559,DRV0617,VH1352
TRIP02355,2025-03-21,15,Jakarta,Bluebird,E-Wallet,57003.0,9.86,37.9,4.6,704,2,Completed,CUST0209,DRV0330,VH1257
TRIP02356,2025-01-07,7,Medan,Bluebird,Cash,25299.0,6.01,36.0,4.6,125,1,Completed,CUST0301,DRV1171,VH0682
TRIP02357,2025-02-21,9,Jakarta,Bluebird,QRIS,68300.0,16.57,73.3,4.0,597,1,Completed,CUST0601,DRV0349,VH0643
TRIP02358,2025-01-14,13,Surabaya,Bluebird,Debit/Credit,36582.0,6.29,37.9,4.8,256,1,Completed,CUST0515,DRV0365,VH0037
TRIP02359,2025-03-14,17,Bandung,Bluebird,Cash,34108.0,5.69,31.3,4.4,248,2,Completed,CUST0657,DRV0791,VH0771
TRIP02360,2025-01-15,15,Medan,Bluebird,Debit/Credit,28511.0,4.88,35.9,4.6,247,1,Completed,CUST0534,DRV0416,VH1426
TRIP02361,2025-01-21,10,Jakarta,Silver Bird,Cash,87033.0,12.33,51.8,4.7,681,1,Completed,CUST0039,DRV0625,VH1011
TRIP02362,2025-02-04,0,Jakarta,Bluebird,Cash,57842.0,7.38,28.0,4.5,713,1,Completed,CUST0619,DRV0507,VH0636
TRIP02363,2025-03-07,15,Bandung,Silver Bird,Cash,47425.0,4.83,13.0,4.6,293,1,Completed,CUST0612,DRV0523,VH0426
TRIP02364,2025-01-02,10,Semarang,Bluebird,E-Wallet,67063.0,8.92,25.6,5.0,196,1,Completed,CUST0784,DRV0706,VH0408
TRIP02365,2025-02-04,18,Jakarta,Bluebird,Debit/Credit,,,,,614,3,Cancelled,CUST0741,DRV0250,VH0775
TRIP02366,2025-03-23,4,Jakarta,Bluebird,E-Wallet,70667.0,10.38,35.4,4.4,675,1,Completed,CUST0797,DRV0901,VH0865
TRIP02367,2025-03-19,16,Bandung,Bluebird,QRIS,51317.0,12.34,60.1,4.5,212,2,Completed,CUST0206,DRV0249,VH0217
TRIP02368,2025-01-20,21,Semarang,Bluebird,Debit/Credit,51482.0,8.5,30.3,4.5,188,1,Completed,CUST0583,DRV0854,VH0170
TRIP02369,2025-03-23,8,Medan,Bluebird,QRIS,45145.0,9.41,46.9,4.0,163,1,Completed,CUST0681,DRV0448,VH0610
TRIP02370,2025-01-10,15,Semarang,Bluebird,E-Wallet,32829.0,9.41,46.6,4.8,173,1,Completed,CUST0697,DRV0083,VH0358
TRIP02371,2025-01-25,7,Jakarta,Bluebird,Debit/Credit,82569.0,13.63,61.9,4.0,610,3,Completed,CUST0412,DRV0339,VH0186
TRIP02372,2025-03-07,17,Jakarta,Bluebird,Debit/Credit,58222.0,12.13,71.1,4.8,595,2,Completed,CUST0333,DRV1104,VH0725
TRIP02373,2025-01-25,16,Bandung,Bluebird,Cash,34225.0,8.32,33.0,4.5,242,2,Completed,CUST0208,DRV0095,VH0870
TRIP02374,2025-02-23,13,Medan,Bluebird,QRIS,48757.0,10.21,39.8,5.0,197,2,Completed,CUST0405,DRV0912,VH0824
TRIP02375,2025-02-02,16,Jakarta,Bluebird,QRIS,26150.0,5.84,27.6,4.3,622,2,Completed,CUST0388,DRV0259,VH0679
TRIP02376,2025-02-05,20,Jakarta,Bluebird,E-Wallet,48632.0,10.83,49.9,4.7,717,1,Completed,CUST0487,DRV0122,VH1185
TRIP02377,2025-01-14,8,Medan,Silver Bird,Cash,,,,,112,1,Cancelled,CUST0382,DRV1148,VH0284
TRIP02378,2025-03-06,3,Jakarta,Bluebird,Cash,58128.0,7.4,19.5,4.9,729,1,Completed,CUST0271,DRV0535,VH0184
TRIP02379,2025-03-21,20,Jakarta,Bluebird,QRIS,10000.0,1.0,5.0,4.9,671,2,Completed,CUST0437,DRV0953,VH0142
TRIP02380,2025-02-23,16,Bandung,Bluebird,Cash,60853.0,8.2,51.7,4.3,247,1,Completed,CUST0430,DRV0905,VH0231
TRIP02381,2025-02-21,20,Bandung,Golden Bird,Cash,59310.0,5.07,21.9,4.4,329,1,Completed,CUST0647,DRV0947,VH1492
TRIP02382,2025-01-03,17,Surabaya,Bluebird,E-Wallet,61682.0,11.33,43.9,4.5,205,2,Completed,CUST0658,DRV0092,VH0388
TRIP02383,2025-02-10,19,Jakarta,Bluebird,Debit/Credit,58062.0,9.67,38.3,4.6,628,2,Completed,CUST0345,DRV1048,VH0735
TRIP02384,2025-01-06,14,Bandung,Silver Bird,E-Wallet,77844.0,10.37,53.2,4.2,328,1,Completed,CUST0149,DRV1131,VH0158
TRIP02385,2025-01-25,18,Bandung,Bluebird,E-Wallet,37986.0,3.75,18.7,4.8,233,1,Completed,CUST0628,DRV0052,VH1342
TRIP02386,2025-01-13,21,Bandung,Bluebird,QRIS,,,,,310,1,Cancelled,CUST0392,DRV0711,VH1209
TRIP02387,2025-01-08,16,Surabaya,Golden Bird,QRIS,99804.0,14.32,75.6,3.9,200,2,Completed,CUST0187,DRV0294,VH1445
TRIP02388,2025-01-21,8,Jakarta,Bluebird,Cash,58360.0,10.79,58.2,4.4,607,1,Completed,CUST0020,DRV0300,VH1207
TRIP02389,2025-03-09,9,Jakarta,Silver Bird,E-Wallet,88664.0,10.87,60.4,4.2,624,1,Completed,CUST0338,DRV0345,VH0577
TRIP02390,2025-01-25,8,Jakarta,Silver Bird,QRIS,66337.0,9.01,37.4,4.4,600,2,Completed,CUST0373,DRV0194,VH1076
TRIP02391,2025-03-20,9,Jakarta,Bluebird Van,QRIS,49761.0,6.93,25.0,4.9,600,1,Completed,CUST0756,DRV0436,VH1027
TRIP02392,2025-03-09,10,Bandung,Bluebird,QRIS,,,,,292,1,Cancelled,CUST0067,DRV0385,VH0077
TRIP02393,2025-02-14,16,Medan,Bluebird,QRIS,10000.0,2.98,22.3,4.6,169,1,Completed,CUST0439,DRV0855,VH0582
TRIP02394,2025-03-01,16,Surabaya,Bluebird,Cash,22521.0,6.75,37.6,4.6,172,2,Completed,CUST0062,DRV0751,VH0608
TRIP02395,2025-01-12,13,Medan,Bluebird,QRIS,10000.0,2.19,19.1,5.0,190,1,Completed,CUST0486,DRV0320,VH1040
TRIP02396,2025-02-01,17,Jakarta,Bluebird,E-Wallet,43167.0,6.39,21.4,4.7,612,3,Completed,CUST0786,DRV0239,VH0230
TRIP02397,2025-01-13,6,Jakarta,Bluebird,E-Wallet,28946.0,10.43,55.7,4.5,611,2,Completed,CUST0622,DRV0392,VH0904
TRIP02398,2025-01-31,7,Jakarta,Bluebird,QRIS,45421.0,10.02,40.4,4.4,648,3,Completed,CUST0568,DRV0648,VH0917
TRIP02399,2025-03-19,8,Jakarta,Bluebird,QRIS,38538.0,8.65,48.6,4.4,631,2,Completed,CUST0085,DRV0013,VH0889
TRIP02400,2025-01-20,15,Jakarta,Bluebird,E-Wallet,44921.0,9.01,32.7,4.6,699,1,Completed,CUST0406,DRV0541,VH1291
TRIP02401,2025-01-18,8,Bandung,Silver Bird,Cash,,,,,211,2,Cancelled,CUST0776,DRV0690,VH1330
TRIP02402,2025-03-01,10,Semarang,Silver Bird,E-Wallet,52504.0,5.68,18.5,4.6,207,2,Completed,CUST0395,DRV0257,VH1030
TRIP02403,2025-03-04,13,Jakarta,Bluebird Van,Cash,33241.0,6.46,15.7,5.0,686,1,Completed,CUST0619,DRV0108,VH1134
TRIP02404,2025-01-06,19,Jakarta,Bluebird,Debit/Credit,48360.0,6.52,34.4,4.5,630,2,Completed,CUST0524,DRV0183,VH0143
TRIP02405,2025-02-01,2,Medan,Bluebird Van,Debit/Credit,55020.0,9.3,31.8,4.2,239,1,Completed,CUST0176,DRV0367,VH0207
TRIP02406,2025-02-12,17,Jakarta,Golden Bird,Debit/Credit,55896.0,5.92,37.2,5.0,609,1,Completed,CUST0359,DRV1020,VH0429
TRIP02407,2025-01-02,17,Medan,Bluebird,E-Wallet,33505.0,5.69,35.2,4.5,118,1,Completed,CUST0539,DRV0831,VH0166
TRIP02408,2025-03-01,19,Surabaya,Bluebird,Cash,18924.0,1.74,26.8,5.0,206,1,Completed,CUST0291,DRV0862,VH0260
TRIP02409,2025-01-23,21,Semarang,Bluebird,QRIS,34826.0,5.92,26.2,5.0,209,2,Completed,CUST0130,DRV0874,VH0394
TRIP02410,2025-03-24,3,Jakarta,Bluebird,QRIS,27261.0,5.24,24.6,4.9,680,1,Completed,CUST0739,DRV0173,VH0121
TRIP02411,2025-01-31,8,Surabaya,Bluebird,E-Wallet,47862.0,8.24,50.8,4.3,166,1,Completed,CUST0479,DRV0760,VH0950
TRIP02412,2025-01-05,20,Bandung,Bluebird,Cash,31506.0,4.15,12.2,4.8,303,1,Completed,CUST0648,DRV0771,VH0413
TRIP02413,2025-03-24,14,Surabaya,Silver Bird,E-Wallet,57212.0,8.31,22.8,4.4,247,2,Completed,CUST0532,DRV0452,VH1164
TRIP02414,2025-02-03,16,Bandung,Bluebird,QRIS,41515.0,6.57,35.7,5.0,227,1,Completed,CUST0264,DRV0471,VH0168
TRIP02415,2025-01-10,17,Jakarta,Bluebird,Cash,79053.0,13.52,52.1,4.2,633,4,Completed,CUST0671,DRV1105,VH1108
TRIP02416,2025-03-30,17,Bandung,Golden Bird,Debit/Credit,82145.0,8.49,59.1,4.2,259,2,Completed,CUST0503,DRV0321,VH0421
TRIP02417,2025-01-02,21,Bandung,Bluebird,Cash,24688.0,1.48,16.1,4.7,297,1,Completed,CUST0160,DRV0441,VH0788
TRIP02418,2025-01-11,23,Medan,Bluebird Van,QRIS,32910.0,3.71,30.0,4.6,218,1,Completed,CUST0538,DRV0399,VH0268
TRIP02419,2025-02-19,18,Surabaya,Bluebird,Cash,34769.0,8.17,41.1,4.3,157,2,Completed,CUST0081,DRV0188,VH0038
TRIP02420,2025-01-31,10,Surabaya,Bluebird Van,QRIS,31157.0,5.21,24.7,5.0,255,2,Completed,CUST0413,DRV0885,VH0926
TRIP02421,2025-02-25,20,Jakarta,Bluebird,Debit/Credit,16499.0,1.0,5.0,4.9,697,2,Completed,CUST0475,DRV0850,VH1327
TRIP02422,2025-03-20,5,Surabaya,Bluebird,Debit/Credit,70243.0,12.05,54.4,4.4,237,1,Completed,CUST0018,DRV0743,VH0338
TRIP02423,2025-03-14,9,Bandung,Bluebird,QRIS,76247.0,9.16,36.1,4.5,269,1,Completed,CUST0069,DRV0862,VH0330
TRIP02424,2025-03-28,20,Medan,Bluebird,QRIS,57776.0,9.06,18.4,5.0,209,1,Completed,CUST0130,DRV0515,VH0199
TRIP02425,2025-03-24,9,Semarang,Golden Bird,Cash,38479.0,4.98,22.4,4.6,116,1,Completed,CUST0647,DRV0181,VH0810
TRIP02426,2025-01-09,8,Jakarta,Bluebird,QRIS,43381.0,9.78,36.9,4.9,597,2,Completed,CUST0730,DRV0410,VH0005
TRIP02427,2025-01-21,7,Medan,Bluebird Van,E-Wallet,63006.0,5.39,39.9,4.5,123,1,Completed,CUST0310,DRV0516,VH1456
TRIP02428,2025-03-14,20,Jakarta,Bluebird,E-Wallet,,,,,682,1,Cancelled,CUST0487,DRV0912,VH0989
TRIP02429,2025-01-28,15,Jakarta,Bluebird,Cash,34157.0,5.74,13.1,4.7,724,2,Completed,CUST0015,DRV0860,VH1395
TRIP02430,2025-03-03,17,Bandung,Golden Bird,Cash,87193.0,11.55,63.2,4.3,249,3,Completed,CUST0496,DRV1096,VH0895
TRIP02431,2025-01-07,9,Jakarta,Bluebird,E-Wallet,40948.0,3.79,29.8,4.9,606,1,Completed,CUST0186,DRV0182,VH0103
TRIP02432,2025-03-21,18,Surabaya,Bluebird,QRIS,64313.0,11.7,43.8,5.0,200,2,Completed,CUST0417,DRV0104,VH0435
TRIP02433,2025-01-16,18,Jakarta,Bluebird Van,QRIS,49836.0,8.62,39.7,4.9,615,2,Completed,CUST0707,DRV0287,VH0650
TRIP02434,2025-01-04,10,Jakarta,Bluebird Van,E-Wallet,39098.0,7.03,24.1,4.9,675,3,Completed,CUST0703,DRV0087,VH0381
TRIP02435,2025-01-04,13,Bandung,Bluebird Van,QRIS,54635.0,7.5,35.2,4.7,306,1,Completed,CUST0746,DRV0386,VH0066
TRIP02436,2025-02-09,8,Surabaya,Bluebird Van,QRIS,66517.0,10.2,40.2,4.4,153,1,Completed,CUST0432,DRV1097,VH0579
TRIP02437,2025-01-17,22,Semarang,Bluebird,E-Wallet,64191.0,10.9,42.9,4.6,174,1,Completed,CUST0066,DRV0603,VH0270
TRIP02438,2025-02-21,17,Surabaya,Golden Bird,Debit/Credit,83749.0,8.94,39.0,4.3,156,2,Completed,CUST0081,DRV0699,VH0047
TRIP02439,2025-02-21,21,Surabaya,Bluebird,Cash,29274.0,5.33,24.6,4.8,246,1,Completed,CUST0036,DRV0443,VH0916
TRIP02440,2025-02-05,10,Jakarta,Bluebird Van,Cash,52413.0,8.67,33.2,4.7,730,1,Completed,CUST0747,DRV0585,VH0365
TRIP02441,2025-02-07,19,Jakarta,Bluebird,Cash,67386.0,13.95,60.1,3.8,649,1,Completed,CUST0017,DRV0254,VH1204
TRIP02442,2025-02-19,18,Jakarta,Bluebird,Debit/Credit,,,,,611,1,Cancelled,CUST0514,DRV0952,VH0068
TRIP02443,2025-03-04,18,Bandung,Bluebird,QRIS,49537.0,9.73,61.2,4.4,263,2,Completed,CUST0033,DRV0355,VH1139
TRIP02444,2025-03-04,22,Surabaya,Bluebird,Cash,53841.0,10.39,38.6,4.5,257,1,Completed,CUST0349,DRV0410,VH1050
TRIP02445,2025-03-03,13,Jakarta,Bluebird,E-Wallet,45601.0,10.6,35.1,4.7,719,3,Completed,CUST0380,DRV0429,VH0207
TRIP02446,2025-01-07,7,Surabaya,Golden Bird,Cash,102607.0,11.48,58.0,4.0,155,2,Completed,CUST0508,DRV0475,VH0073
TRIP02447,2025-01-27,17,Bandung,Silver Bird,Cash,44449.0,5.63,29.5,4.5,239,1,Completed,CUST0646,DRV0588,VH1283
TRIP02448,2025-03-27,18,Jakarta,Bluebird,Cash,19630.0,4.43,15.8,5.0,599,3,Completed,CUST0267,DRV0977,VH1410
TRIP02449,2025-01-14,16,Jakarta,Silver Bird,Cash,63841.0,8.71,58.5,4.3,639,4,Completed,CUST0517,DRV0917,VH0030
TRIP02450,2025-03-12,8,Medan,Bluebird,QRIS,33138.0,5.05,25.7,4.8,165,2,Completed,CUST0798,DRV0342,VH1445
TRIP02451,2025-03-27,15,Surabaya,Bluebird,E-Wallet,30599.0,4.83,16.7,4.6,268,1,Completed,CUST0485,DRV0474,VH1027
TRIP02452,2025-01-05,10,Medan,Bluebird,E-Wallet,36183.0,5.34,22.5,4.7,203,1,Completed,CUST0347,DRV0397,VH0521
TRIP02453,2025-02-24,13,Jakarta,Golden Bird,QRIS,137070.0,15.96,76.0,3.5,723,2,Completed,CUST0603,DRV1069,VH0888
TRIP02454,2025-01-02,17,Semarang,Bluebird,QRIS,53052.0,7.21,25.1,4.9,115,2,Completed,CUST0664,DRV0691,VH0401
TRIP02455,2025-03-03,18,Jakarta,Bluebird,Debit/Credit,53092.0,9.59,48.3,4.9,631,3,Completed,CUST0443,DRV0734,VH0654
TRIP02456,2025-01-21,9,Jakarta,Bluebird,Cash,19075.0,4.83,41.9,4.2,611,4,Completed,CUST0378,DRV1041,VH0950
TRIP02457,2025-03-20,13,Semarang,Bluebird,Cash,11770.0,1.27,6.0,4.5,206,1,Completed,CUST0630,DRV0219,VH0848
TRIP02458,2025-01-21,9,Jakarta,Bluebird,E-Wallet,24929.0,6.04,23.5,4.8,630,4,Completed,CUST0573,DRV0596,VH1298
TRIP02459,2025-01-10,8,Surabaya,Bluebird,Cash,78902.0,12.31,52.9,4.7,175,1,Completed,CUST0358,DRV0191,VH1496
TRIP02460,2025-03-28,19,Jakarta,Bluebird,Cash,69724.0,9.5,47.4,4.4,599,2,Completed,CUST0538,DRV0644,VH0935
TRIP02461,2025-02-27,21,Bandung,Bluebird,QRIS,53343.0,8.8,44.5,4.2,291,3,Completed,CUST0621,DRV0094,VH1396
TRIP02462,2025-02-08,12,Semarang,Bluebird Van,QRIS,68317.0,9.02,33.7,4.5,152,1,Completed,CUST0210,DRV1119,VH0431
TRIP02463,2025-01-05,18,Jakarta,Bluebird,Cash,40448.0,6.73,40.7,4.3,637,3,Completed,CUST0771,DRV1106,VH0539
TRIP02464,2025-03-06,20,Surabaya,Bluebird,Cash,64949.0,12.16,38.6,4.4,271,1,Completed,CUST0042,DRV0340,VH1372
TRIP02465,2025-01-13,19,Jakarta,Bluebird,QRIS,21405.0,6.6,24.3,4.6,644,3,Completed,CUST0013,DRV0808,VH0071
TRIP02466,2025-03-26,8,Surabaya,Golden Bird,Debit/Credit,100812.0,12.22,53.5,4.1,160,1,Completed,CUST0601,DRV0360,VH0256
TRIP02467,2025-03-31,22,Jakarta,Silver Bird,Cash,65529.0,9.83,49.4,4.2,679,1,Completed,CUST0600,DRV0112,VH1127
TRIP02468,2025-03-26,12,Jakarta,Golden Bird,QRIS,39871.0,3.13,13.0,4.7,681,1,Completed,CUST0489,DRV0303,VH0147
TRIP02469,2025-02-22,11,Jakarta,Bluebird,Debit/Credit,35322.0,6.26,27.1,4.7,730,1,Completed,CUST0187,DRV0051,VH0902
TRIP02470,2025-03-23,6,Jakarta,Silver Bird,E-Wallet,52158.0,3.15,22.5,4.3,603,1,Completed,CUST0063,DRV0806,VH0670
TRIP02471,2025-02-14,15,Semarang,Bluebird,QRIS,62413.0,10.29,48.9,4.5,179,1,Completed,CUST0336,DRV0701,VH0140
TRIP02472,2025-02-01,7,Jakarta,Bluebird,Cash,48094.0,8.43,37.4,4.5,630,3,Completed,CUST0555,DRV0661,VH0655
TRIP02473,2025-02-05,9,Jakarta,Bluebird,QRIS,14114.0,1.81,20.1,4.9,649,1,Completed,CUST0745,DRV1137,VH0621
TRIP02474,2025-03-22,10,Bandung,Bluebird,Debit/Credit,,,,,302,1,Cancelled,CUST0746,DRV0036,VH1447
TRIP02475,2025-03-01,19,Jakarta,Bluebird Van,Cash,47984.0,6.89,49.4,4.3,619,4,Completed,CUST0075,DRV0623,VH0871
TRIP02476,2025-01-11,20,Surabaya,Golden Bird,QRIS,43354.0,3.55,8.6,4.9,267,1,Completed,CUST0765,DRV0683,VH0064
TRIP02477,2025-03-04,10,Semarang,Bluebird,Cash,60291.0,11.83,41.1,4.3,160,1,Completed,CUST0149,DRV1102,VH1295
TRIP02478,2025-01-21,20,Bandung,Bluebird,Cash,36434.0,7.32,33.1,4.9,290,1,Completed,CUST0694,DRV0849,VH0868
TRIP02479,2025-02-21,20,Medan,Bluebird,QRIS,37831.0,6.62,27.0,4.5,216,1,Completed,CUST0207,DRV0960,VH0835
TRIP02480,2025-02-24,18,Bandung,Bluebird,QRIS,14320.0,5.8,33.5,4.7,256,1,Completed,CUST0693,DRV0045,VH0513
TRIP02481,2025-01-26,7,Jakarta,Bluebird,E-Wallet,10551.0,3.96,25.4,4.6,628,1,Completed,CUST0685,DRV0873,VH1031
TRIP02482,2025-03-09,18,Surabaya,Bluebird Van,Debit/Credit,36730.0,4.09,16.7,4.4,192,1,Completed,CUST0241,DRV0952,VH1417
TRIP02483,2025-02-03,21,Bandung,Bluebird Van,QRIS,85251.0,10.85,54.7,4.6,338,3,Completed,CUST0676,DRV0654,VH1025
TRIP02484,2025-02-21,17,Surabaya,Bluebird,QRIS,,,,,186,2,Cancelled,CUST0575,DRV0015,VH1285
TRIP02485,2025-03-23,11,Medan,Golden Bird,QRIS,61355.0,7.57,39.8,4.1,198,1,Completed,CUST0235,DRV0640,VH0047
TRIP02486,2025-02-21,15,Bandung,Bluebird,Cash,10000.0,1.0,5.0,4.0,347,1,Completed,CUST0125,DRV0167,VH0868
TRIP02487,2025-01-29,17,Semarang,Bluebird,E-Wallet,29100.0,2.85,22.3,4.5,117,1,Completed,CUST0257,DRV0063,VH0778
TRIP02488,2025-02-07,15,Surabaya,Bluebird,E-Wallet,45597.0,9.83,40.7,4.9,272,1,Completed,CUST0092,DRV0203,VH1026
TRIP02489,2025-02-11,7,Bandung,Bluebird,Cash,50391.0,8.13,48.4,4.7,235,1,Completed,CUST0737,DRV1181,VH0535
TRIP02490,2025-01-21,10,Bandung,Silver Bird,Cash,93390.0,12.26,57.2,4.1,314,1,Completed,CUST0707,DRV0278,VH0359
TRIP02491,2025-02-11,19,Jakarta,Bluebird,Cash,67662.0,12.53,59.5,4.2,606,3,Completed,CUST0207,DRV1125,VH1446
TRIP02492,2025-01-13,20,Semarang,Bluebird,Debit/Credit,35609.0,6.11,13.8,4.6,155,1,Completed,CUST0417,DRV0895,VH0815
TRIP02493,2025-03-05,7,Surabaya,Bluebird,Debit/Credit,53342.0,9.42,58.1,4.0,164,1,Completed,CUST0288,DRV1193,VH0596
TRIP02494,2025-01-17,22,Jakarta,Bluebird Van,E-Wallet,50637.0,7.55,34.1,4.4,730,2,Completed,CUST0215,DRV0403,VH0204
TRIP02495,2025-01-09,11,Jakarta,Bluebird,Debit/Credit,65685.0,14.66,54.4,4.6,672,1,Completed,CUST0698,DRV1165,VH0971
TRIP02496,2025-02-10,17,Surabaya,Silver Bird,QRIS,74806.0,11.45,56.6,4.4,180,1,Completed,CUST0638,DRV0347,VH0227
TRIP02497,2025-01-01,18,Jakarta,Silver Bird,Debit/Credit,45377.0,9.01,33.5,4.7,617,1,Completed,CUST0794,DRV0787,VH0948
TRIP02498,2025-01-02,19,Jakarta,Bluebird,Debit/Credit,46319.0,9.1,51.8,4.0,598,2,Completed,CUST0767,DRV0976,VH0817
TRIP02499,2025-03-01,22,Bandung,Bluebird,QRIS,,,,,333,2,Cancelled,CUST0512,DRV0834,VH0151
TRIP02500,2025-02-17,10,Jakarta,Golden Bird,QRIS,94804.0,10.24,39.4,4.0,720,1,Completed,CUST0573,DRV0193,VH1271
TRIP02501,2025-01-29,20,Bandung,Bluebird,Debit/Credit,61501.0,11.68,48.4,4.6,307,1,Completed,CUST0368,DRV0899,VH0017
TRIP02502,2025-01-10,7,Jakarta,Bluebird Van,Debit/Credit,14230.0,1.92,23.0,4.8,637,1,Completed,CUST0401,DRV0152,VH0304
TRIP02503,2025-02-27,18,Jakarta,Bluebird,Debit/Credit,61457.0,9.88,48.3,4.1,629,2,Completed,CUST0201,DRV0386,VH1221
TRIP02504,2025-03-01,18,Surabaya,Bluebird,Debit/Credit,,,,,181,1,Cancelled,CUST0581,DRV0989,VH1470
TRIP02505,2025-01-21,17,Bandung,Golden Bird,Debit/Credit,117655.0,12.27,56.9,3.9,228,1,Completed,CUST0285,DRV1102,VH1365
TRIP02506,2025-01-28,9,Jakarta,Golden Bird,Debit/Credit,98267.0,13.14,60.3,4.4,594,1,Completed,CUST0063,DRV0172,VH0781
TRIP02507,2025-03-16,20,Jakarta,Bluebird Van,QRIS,49975.0,8.6,35.0,4.7,713,1,Completed,CUST0646,DRV0337,VH1085
TRIP02508,2025-02-03,8,Bandung,Bluebird,Debit/Credit,50450.0,11.61,53.1,4.1,215,1,Completed,CUST0751,DRV0892,VH0267
TRIP02509,2025-01-08,6,Jakarta,Bluebird Van,QRIS,70873.0,13.85,51.6,4.4,601,2,Completed,CUST0764,DRV0605,VH1121
TRIP02510,2025-02-28,18,Jakarta,Golden Bird,Cash,67348.0,8.72,37.5,4.1,647,4,Completed,CUST0361,DRV0489,VH1307
TRIP02511,2025-03-27,15,Jakarta,Golden Bird,Cash,128835.0,15.92,65.4,3.5,716,3,Completed,CUST0187,DRV0666,VH1271
TRIP02512,2025-03-13,19,Medan,Bluebird,Debit/Credit,33741.0,7.41,35.9,4.3,151,1,Completed,CUST0483,DRV0106,VH0035
TRIP02513,2025-02-18,12,Surabaya,Bluebird,Debit/Credit,10000.0,7.36,28.3,4.5,246,1,Completed,CUST0371,DRV0870,VH0786
TRIP02514,2025-03-20,8,Surabaya,Bluebird Van,E-Wallet,78968.0,10.6,48.1,4.6,188,1,Completed,CUST0021,DRV0352,VH1493
TRIP02515,2025-01-17,19,Surabaya,Bluebird,QRIS,22001.0,6.94,29.7,4.7,208,1,Completed,CUST0308,DRV0848,VH0068
TRIP02516,2025-03-01,16,Surabaya,Bluebird,QRIS,,,,,156,2,Cancelled,CUST0046,DRV0048,VH0189
TRIP02517,2025-03-28,8,Bandung,Bluebird,Cash,57601.0,11.23,50.8,4.1,262,3,Completed,CUST0194,DRV0031,VH0041
TRIP02518,2025-03-29,18,Surabaya,Bluebird,Cash,64832.0,8.06,40.3,4.4,206,1,Completed,CUST0057,DRV0475,VH0608
TRIP02519,2025-02-14,15,Jakarta,Bluebird,Debit/Credit,33633.0,3.41,16.4,4.5,680,1,Completed,CUST0554,DRV0477,VH0683
TRIP02520,2025-03-24,17,Surabaya,Bluebird,Cash,43084.0,9.1,43.1,4.2,183,1,Completed,CUST0457,DRV1150,VH0945
TRIP02521,2025-03-10,14,Medan,Golden Bird,Debit/Credit,46213.0,5.41,14.4,4.6,242,1,Completed,CUST0333,DRV0219,VH0907
TRIP02522,2025-02-01,19,Bandung,Bluebird,Debit/Credit,65307.0,9.6,36.6,4.6,211,1,Completed,CUST0747,DRV0245,VH1091
TRIP02523,2025-02-13,19,Jakarta,Bluebird,QRIS,39778.0,10.59,68.5,4.0,603,2,Completed,CUST0016,DRV0443,VH0947
TRIP02524,2025-03-06,18,Jakarta,Bluebird,E-Wallet,66422.0,12.91,51.7,4.3,607,1,Completed,CUST0645,DRV0501,VH1332
TRIP02525,2025-03-28,7,Surabaya,Bluebird,QRIS,53785.0,10.72,47.2,4.6,197,1,Completed,CUST0513,DRV0898,VH1143
TRIP02526,2025-01-08,19,Surabaya,Bluebird,QRIS,54029.0,11.27,56.7,4.2,209,1,Completed,CUST0744,DRV0769,VH0853
TRIP02527,2025-03-18,17,Medan,Bluebird,E-Wallet,36142.0,5.49,32.5,4.3,152,1,Completed,CUST0150,DRV0255,VH1210
TRIP02528,2025-03-13,18,Jakarta,Bluebird,E-Wallet,57809.0,10.91,55.3,4.5,598,1,Completed,CUST0634,DRV0070,VH0974
TRIP02529,2025-03-28,12,Surabaya,Bluebird Van,Cash,90590.0,13.91,52.5,4.4,268,1,Completed,CUST0794,DRV0455,VH1094
TRIP02530,2025-02-12,20,Bandung,Bluebird,Cash,31589.0,4.93,21.4,4.8,293,1,Completed,CUST0213,DRV0578,VH1011
TRIP02531,2025-01-01,18,Medan,Bluebird,Cash,68647.0,12.9,60.0,4.4,157,1,Completed,CUST0391,DRV1026,VH0757
TRIP02532,2025-02-20,7,Bandung,Bluebird,QRIS,32939.0,5.35,27.2,4.8,223,1,Completed,CUST0281,DRV0495,VH1007
TRIP02533,2025-01-24,13,Bandung,Bluebird,E-Wallet,21498.0,4.44,19.5,4.7,300,1,Completed,CUST0652,DRV0325,VH1308
TRIP02534,2025-01-24,20,Bandung,Silver Bird,Debit/Credit,62284.0,7.89,38.9,5.0,319,1,Completed,CUST0671,DRV0781,VH0548
TRIP02535,2025-01-17,5,Surabaya,Golden Bird,QRIS,79720.0,10.15,40.4,4.2,269,1,Completed,CUST0539,DRV0403,VH1372
TRIP02536,2025-01-05,22,Semarang,Bluebird,E-Wallet,42218.0,9.54,38.1,4.4,192,2,Completed,CUST0342,DRV0851,VH0915
TRIP02537,2025-01-20,17,Jakarta,Bluebird,QRIS,29761.0,5.61,37.9,4.8,616,2,Completed,CUST0674,DRV0129,VH1219
TRIP02538,2025-01-21,17,Jakarta,Bluebird,QRIS,49946.0,9.8,53.9,4.4,618,1,Completed,CUST0630,DRV0146,VH0484
TRIP02539,2025-02-27,9,Semarang,Bluebird,E-Wallet,,,,,121,1,Cancelled,CUST0337,DRV1120,VH0588
TRIP02540,2025-01-31,9,Bandung,Bluebird Van,E-Wallet,34013.0,2.53,5.8,4.7,241,1,Completed,CUST0075,DRV0501,VH1304
TRIP02541,2025-01-11,21,Bandung,Bluebird,E-Wallet,22118.0,4.21,23.2,5.0,338,1,Completed,CUST0093,DRV0008,VH1372
TRIP02542,2025-02-21,10,Bandung,Silver Bird,QRIS,44635.0,4.75,23.2,4.4,349,1,Completed,CUST0546,DRV0220,VH1122
TRIP02543,2025-01-15,18,Jakarta,Bluebird,E-Wallet,53438.0,10.06,42.0,4.8,619,4,Completed,CUST0115,DRV0725,VH0282
TRIP02544,2025-03-24,13,Surabaya,Bluebird,Cash,52192.0,11.46,47.6,4.7,255,2,Completed,CUST0421,DRV0102,VH0630
TRIP02545,2025-01-07,7,Surabaya,Bluebird,Debit/Credit,25131.0,3.58,29.7,4.3,179,2,Completed,CUST0113,DRV0774,VH0419
TRIP02546,2025-01-28,1,Jakarta,Bluebird,E-Wallet,60135.0,9.56,32.4,4.8,720,1,Completed,CUST0368,DRV0002,VH0223
TRIP02547,2025-02-20,16,Jakarta,Silver Bird,QRIS,45903.0,4.97,31.0,4.6,599,1,Completed,CUST0060,DRV0695,VH1276
TRIP02548,2025-02-27,22,Medan,Bluebird,E-Wallet,51643.0,9.39,43.7,4.3,201,1,Completed,CUST0282,DRV0771,VH0080
TRIP02549,2025-01-05,12,Jakarta,Silver Bird,QRIS,47335.0,6.63,19.0,4.2,702,2,Completed,CUST0237,DRV0834,VH0826
TRIP02550,2025-01-05,12,Medan,Bluebird,Cash,47394.0,4.35,16.4,4.4,223,1,Completed,CUST0638,DRV0740,VH0682
TRIP02551,2025-01-08,11,Jakarta,Bluebird Van,Debit/Credit,63354.0,10.9,45.7,4.6,687,1,Completed,CUST0045,DRV0200,VH0413
TRIP02552,2025-03-05,15,Bandung,Bluebird,Cash,14854.0,5.24,15.4,4.9,328,1,Completed,CUST0800,DRV0026,VH1417
TRIP02553,2025-01-10,14,Semarang,Golden Bird,Debit/Credit,64958.0,5.85,17.2,4.6,165,1,Completed,CUST0741,DRV0944,VH0334
TRIP02554,2025-02-07,20,Surabaya,Silver Bird,Cash,20257.0,1.34,5.0,4.9,274,1,Completed,CUST0197,DRV0102,VH0889
TRIP02555,2025-03-22,15,Jakarta,Bluebird Van,E-Wallet,69172.0,11.34,51.0,4.6,673,2,Completed,CUST0724,DRV0963,VH1352
TRIP02556,2025-01-08,15,Surabaya,Bluebird,QRIS,48522.0,10.46,46.3,4.5,239,2,Completed,CUST0499,DRV0857,VH1026
TRIP02557,2025-01-25,7,Jakarta,Silver Bird,Cash,84889.0,8.52,36.1,4.4,617,3,Completed,CUST0583,DRV0372,VH1227
TRIP02558,2025-03-14,23,Jakarta,Bluebird,Cash,,,,,710,1,Cancelled,CUST0747,DRV0197,VH0258
TRIP02559,2025-03-07,9,Semarang,Bluebird,E-Wallet,59347.0,10.43,43.9,4.6,87,1,Completed,CUST0791,DRV0510,VH0763
TRIP02560,2025-03-20,6,Surabaya,Bluebird,Debit/Credit,36426.0,6.0,20.7,4.9,158,2,Completed,CUST0449,DRV1015,VH1391
TRIP02561,2025-02-19,17,Surabaya,Bluebird,Debit/Credit,40252.0,6.64,32.0,4.8,171,1,Completed,CUST0679,DRV1054,VH1170
TRIP02562,2025-03-08,17,Jakarta,Bluebird Van,QRIS,108226.0,15.44,77.6,3.7,599,3,Completed,CUST0195,DRV0923,VH0837
TRIP02563,2025-02-18,13,Jakarta,Bluebird,QRIS,33968.0,6.39,30.2,4.5,709,1,Completed,CUST0685,DRV0299,VH1402
TRIP02564,2025-02-05,13,Jakarta,Bluebird,Cash,40570.0,10.73,42.9,4.0,692,1,Completed,CUST0195,DRV1157,VH1465
TRIP02565,2025-03-09,19,Bandung,Bluebird,Debit/Credit,55048.0,8.69,39.8,4.7,252,2,Completed,CUST0575,DRV0021,VH0455
TRIP02566,2025-03-19,8,Surabaya,Bluebird,Cash,53398.0,9.17,42.0,4.4,162,1,Completed,CUST0582,DRV1065,VH1431
TRIP02567,2025-02-10,19,Bandung,Bluebird,E-Wallet,43835.0,7.85,40.2,4.6,233,1,Completed,CUST0735,DRV0964,VH0019
TRIP02568,2025-03-30,17,Medan,Bluebird,E-Wallet,50817.0,8.63,35.0,4.2,122,1,Completed,CUST0310,DRV0967,VH0954
TRIP02569,2025-03-03,13,Jakarta,Bluebird,QRIS,45369.0,9.32,34.8,4.9,717,3,Completed,CUST0795,DRV0459,VH0979
TRIP02570,2025-01-10,14,Jakarta,Bluebird,Cash,45069.0,8.34,31.9,4.3,714,1,Completed,CUST0591,DRV0514,VH0433
TRIP02571,2025-01-21,9,Jakarta,Bluebird Van,E-Wallet,79969.0,13.03,50.7,4.6,614,4,Completed,CUST0548,DRV1068,VH1453
TRIP02572,2025-02-05,18,Bandung,Silver Bird,Cash,26214.0,3.06,14.4,4.7,253,1,Completed,CUST0389,DRV0041,VH0252
TRIP02573,2025-01-12,15,Jakarta,Bluebird Van,Cash,85277.0,11.56,49.1,4.4,716,1,Completed,CUST0707,DRV0838,VH0796
TRIP02574,2025-01-02,11,Semarang,Bluebird,Cash,34738.0,9.27,37.1,4.5,178,1,Completed,CUST0435,DRV0263,VH0907
TRIP02575,2025-01-13,17,Jakarta,Bluebird,Debit/Credit,78189.0,10.6,48.2,4.3,605,2,Completed,CUST0729,DRV0685,VH0649
TRIP02576,2025-02-22,23,Semarang,Bluebird,E-Wallet,61419.0,10.15,34.2,4.9,189,1,Completed,CUST0800,DRV1033,VH0910
TRIP02577,2025-02-01,14,Bandung,Bluebird,QRIS,20116.0,6.72,37.9,4.5,295,2,Completed,CUST0661,DRV1077,VH0738
TRIP02578,2025-01-16,21,Semarang,Bluebird,Cash,11875.0,1.19,5.0,4.4,205,1,Completed,CUST0496,DRV1023,VH0221
TRIP02579,2025-02-01,11,Bandung,Bluebird,QRIS,36469.0,6.78,28.9,4.6,297,1,Completed,CUST0785,DRV0128,VH0113
TRIP02580,2025-02-01,6,Semarang,Bluebird,Debit/Credit,29388.0,3.83,19.9,4.7,103,2,Completed,CUST0201,DRV0531,VH1173
TRIP02581,2025-01-11,8,Jakarta,Bluebird,Cash,26196.0,6.3,33.5,4.8,607,1,Completed,CUST0666,DRV0644,VH0560
TRIP02582,2025-01-10,13,Surabaya,Golden Bird,Cash,45466.0,4.27,20.3,4.5,272,1,Completed,CUST0534,DRV0525,VH1082
TRIP02583,2025-01-15,8,Semarang,Bluebird,E-Wallet,30880.0,5.37,19.9,4.6,101,1,Completed,CUST0297,DRV0757,VH0197
TRIP02584,2025-01-17,0,Jakarta,Bluebird,E-Wallet,30477.0,6.71,26.8,4.7,718,1,Completed,CUST0494,DRV0966,VH1042
TRIP02585,2025-02-09,21,Jakarta,Bluebird,E-Wallet,10000.0,1.37,13.8,4.9,679,1,Completed,CUST0727,DRV1164,VH0780
TRIP02586,2025-01-18,19,Bandung,Bluebird,E-Wallet,57318.0,9.1,56.7,4.0,243,1,Completed,CUST0331,DRV0894,VH0215
TRIP02587,2025-02-24,18,Semarang,Bluebird,Cash,49912.0,13.46,60.9,4.4,92,1,Completed,CUST0634,DRV0759,VH0636
TRIP02588,2025-03-14,8,Bandung,Bluebird,Cash,51705.0,8.82,43.6,4.4,268,2,Completed,CUST0778,DRV0232,VH1040
TRIP02589,2025-01-25,7,Bandung,Bluebird,QRIS,44452.0,6.39,49.0,4.3,228,1,Completed,CUST0261,DRV0933,VH0677
TRIP02590,2025-02-28,6,Jakarta,Golden Bird,QRIS,71837.0,8.34,49.3,4.9,609,1,Completed,CUST0055,DRV0088,VH0660
TRIP02591,2025-03-19,18,Jakarta,Silver Bird,E-Wallet,58715.0,7.24,32.6,4.6,641,3,Completed,CUST0282,DRV0766,VH1423
TRIP02592,2025-03-30,21,Medan,Bluebird,E-Wallet,54046.0,7.77,26.7,4.9,241,1,Completed,CUST0772,DRV0637,VH0233
TRIP02593,2025-01-22,14,Jakarta,Bluebird,Debit/Credit,38028.0,8.39,40.3,4.7,703,1,Completed,CUST0795,DRV0201,VH0025
TRIP02594,2025-01-30,7,Surabaya,Bluebird,Cash,26547.0,5.48,22.8,4.4,208,1,Completed,CUST0742,DRV0986,VH1425
TRIP02595,2025-03-25,15,Semarang,Silver Bird,E-Wallet,81980.0,11.85,55.0,3.9,187,2,Completed,CUST0638,DRV0361,VH1389
TRIP02596,2025-03-26,11,Jakarta,Bluebird,E-Wallet,38025.0,4.04,18.5,4.9,686,2,Completed,CUST0442,DRV0132,VH0938
TRIP02597,2025-02-13,12,Surabaya,Bluebird,Cash,,,,,273,2,Cancelled,CUST0259,DRV0177,VH1319
TRIP02598,2025-02-01,17,Jakarta,Bluebird,E-Wallet,30301.0,8.2,39.0,4.1,594,3,Completed,CUST0562,DRV1076,VH1019
TRIP02599,2025-02-20,18,Bandung,Bluebird,Cash,73672.0,12.7,54.4,4.6,211,3,Completed,CUST0736,DRV0022,VH1461
TRIP02600,2025-02-15,7,Jakarta,Silver Bird,Cash,80596.0,9.52,56.3,4.1,630,2,Completed,CUST0794,DRV0653,VH0071
TRIP02601,2025-01-21,5,Surabaya,Bluebird,Debit/Credit,54292.0,6.92,26.0,4.5,263,1,Completed,CUST0146,DRV0783,VH0025
TRIP02602,2025-02-01,23,Jakarta,Bluebird,Debit/Credit,46219.0,7.76,28.2,5.0,723,2,Completed,CUST0391,DRV0168,VH1398
TRIP02603,2025-02-08,9,Bandung,Bluebird,Cash,39173.0,7.12,35.9,4.2,229,1,Completed,CUST0373,DRV1062,VH0458
TRIP02604,2025-01-12,6,Bandung,Bluebird,QRIS,35803.0,3.57,23.6,4.4,255,1,Completed,CUST0045,DRV0873,VH1238
TRIP02605,2025-02-16,8,Jakarta,Golden Bird,E-Wallet,65828.0,6.2,25.6,4.6,643,1,Completed,CUST0397,DRV0940,VH0211
TRIP02606,2025-01-18,5,Surabaya,Golden Bird,Debit/Credit,56101.0,2.65,6.6,4.6,276,1,Completed,CUST0262,DRV0632,VH0541
TRIP02607,2025-01-21,12,Jakarta,Bluebird,Debit/Credit,43226.0,5.73,18.6,4.5,671,1,Completed,CUST0479,DRV0834,VH0771
TRIP02608,2025-01-13,19,Surabaya,Bluebird,Cash,46139.0,8.28,47.0,4.1,177,1,Completed,CUST0746,DRV1190,VH1063
TRIP02609,2025-01-21,11,Jakarta,Bluebird,Cash,37679.0,9.4,31.4,5.0,687,1,Completed,CUST0565,DRV0722,VH1284
TRIP02610,2025-01-08,14,Surabaya,Bluebird,Cash,12049.0,2.06,5.0,4.8,273,1,Completed,CUST0485,DRV1099,VH0677
TRIP02611,2025-02-15,17,Jakarta,Bluebird,Cash,29427.0,8.09,26.6,4.8,628,2,Completed,CUST0747,DRV0440,VH0095
TRIP02612,2025-01-07,15,Bandung,Bluebird,Cash,44216.0,8.69,24.5,4.7,337,1,Completed,CUST0708,DRV0243,VH1414
TRIP02613,2025-01-23,20,Jakarta,Bluebird,Cash,52704.0,8.01,41.6,4.6,720,1,Completed,CUST0516,DRV0601,VH0220
TRIP02614,2025-03-16,20,Surabaya,Bluebird,Debit/Credit,35193.0,6.1,24.5,4.9,264,1,Completed,CUST0572,DRV0762,VH0906
TRIP02615,2025-03-27,1,Jakarta,Bluebird,QRIS,50435.0,7.26,32.5,4.4,684,1,Completed,CUST0685,DRV0543,VH1292
TRIP02616,2025-01-22,19,Medan,Silver Bird,E-Wallet,53088.0,5.88,35.3,4.6,156,1,Completed,CUST0584,DRV0277,VH1090
TRIP02617,2025-03-30,14,Medan,Bluebird,Cash,29006.0,5.59,22.8,4.9,228,1,Completed,CUST0486,DRV0550,VH1411
TRIP02618,2025-01-22,23,Jakarta,Bluebird,QRIS,48662.0,9.02,35.6,5.0,709,1,Completed,CUST0587,DRV0403,VH0193
TRIP02619,2025-01-29,15,Bandung,Bluebird,Cash,73577.0,13.92,63.0,4.7,328,1,Completed,CUST0466,DRV0650,VH1344
TRIP02620,2025-01-13,23,Jakarta,Bluebird,QRIS,37353.0,6.27,26.1,4.7,672,1,Completed,CUST0466,DRV0997,VH0175
TRIP02621,2025-03-23,18,Jakarta,Bluebird,Cash,42972.0,7.55,48.0,4.7,608,2,Completed,CUST0022,DRV0076,VH0112
TRIP02622,2025-01-02,9,Surabaya,Bluebird,E-Wallet,35021.0,7.84,43.7,3.8,172,1,Completed,CUST0396,DRV0339,VH1332
TRIP02623,2025-01-29,16,Surabaya,Silver Bird,E-Wallet,45756.0,5.94,27.4,5.0,168,1,Completed,CUST0209,DRV0765,VH1364
TRIP02624,2025-03-26,23,Surabaya,Bluebird,QRIS,80132.0,11.29,41.7,4.3,290,1,Completed,CUST0563,DRV1103,VH1104
TRIP02625,2025-03-20,20,Jakarta,Bluebird,Cash,,,,,687,1,Cancelled,CUST0145,DRV0038,VH0111
TRIP02626,2025-02-21,7,Jakarta,Bluebird,Debit/Credit,23975.0,6.91,44.2,4.6,619,1,Completed,CUST0420,DRV0318,VH0453
TRIP02627,2025-01-27,18,Jakarta,Bluebird,Debit/Credit,32415.0,10.95,49.0,4.4,628,2,Completed,CUST0349,DRV1187,VH0413
TRIP02628,2025-02-19,11,Surabaya,Bluebird,Cash,40378.0,7.12,22.9,4.7,248,1,Completed,CUST0305,DRV0640,VH0604
TRIP02629,2025-03-20,0,Bandung,Bluebird,Debit/Credit,37457.0,4.54,20.4,5.0,294,1,Completed,CUST0784,DRV0670,VH0960
TRIP02630,2025-01-23,13,Surabaya,Bluebird,E-Wallet,43877.0,9.32,36.6,4.5,284,2,Completed,CUST0044,DRV0329,VH0186
TRIP02631,2025-03-29,9,Jakarta,Bluebird,Debit/Credit,67463.0,11.22,54.9,4.1,602,3,Completed,CUST0107,DRV0476,VH1111
TRIP02632,2025-02-13,19,Jakarta,Bluebird,E-Wallet,48856.0,9.13,57.7,4.8,623,2,Completed,CUST0150,DRV1176,VH1248
TRIP02633,2025-03-18,11,Jakarta,Bluebird,E-Wallet,33599.0,6.1,30.8,4.8,693,3,Completed,CUST0606,DRV0538,VH0051
TRIP02634,2025-01-22,19,Jakarta,Bluebird,E-Wallet,59002.0,9.87,47.7,4.9,607,2,Completed,CUST0264,DRV0343,VH1150
TRIP02635,2025-02-12,0,Jakarta,Bluebird,QRIS,35028.0,7.29,19.3,4.9,673,2,Completed,CUST0110,DRV1191,VH1170
TRIP02636,2025-02-06,10,Medan,Silver Bird,Debit/Credit,70912.0,9.74,35.5,4.2,225,1,Completed,CUST0018,DRV0140,VH1065
TRIP02637,2025-03-02,9,Medan,Silver Bird,E-Wallet,94260.0,11.95,60.8,4.4,117,4,Completed,CUST0750,DRV0073,VH0355
TRIP02638,2025-02-25,9,Bandung,Bluebird,Debit/Credit,12986.0,1.0,5.0,4.5,252,1,Completed,CUST0336,DRV0428,VH1469
TRIP02639,2025-01-03,6,Bandung,Bluebird Van,E-Wallet,69737.0,7.33,52.3,4.4,210,1,Completed,CUST0239,DRV0983,VH0363
TRIP02640,2025-03-04,8,Jakarta,Bluebird,Cash,30085.0,3.29,21.3,4.7,649,2,Completed,CUST0724,DRV0600,VH0536
TRIP02641,2025-01-19,16,Medan,Bluebird Van,QRIS,97249.0,14.83,67.7,3.8,150,1,Completed,CUST0743,DRV0097,VH1308
TRIP02642,2025-01-23,10,Jakarta,Bluebird,QRIS,39035.0,7.1,23.7,4.5,707,1,Completed,CUST0328,DRV0478,VH0036
TRIP02643,2025-01-29,13,Semarang,Silver Bird,Cash,78162.0,9.04,39.6,5.0,185,1,Completed,CUST0294,DRV1022,VH0277
TRIP02644,2025-01-30,12,Bandung,Bluebird,Cash,35401.0,6.89,19.5,4.8,327,1,Completed,CUST0413,DRV0491,VH1349
TRIP02645,2025-02-08,20,Jakarta,Bluebird,Debit/Credit,38011.0,6.09,39.5,4.5,682,2,Completed,CUST0461,DRV0406,VH1010
TRIP02646,2025-01-25,21,Semarang,Bluebird,Cash,17166.0,4.03,25.3,5.0,210,1,Completed,CUST0081,DRV0715,VH0182
TRIP02647,2025-01-08,15,Jakarta,Bluebird,Debit/Credit,76412.0,13.26,59.9,4.2,691,2,Completed,CUST0255,DRV0447,VH0471
TRIP02648,2025-02-27,11,Bandung,Bluebird,Debit/Credit,54347.0,9.87,29.7,4.6,318,1,Completed,CUST0744,DRV0699,VH0417
TRIP02649,2025-01-16,7,Bandung,Silver Bird,Cash,112870.0,12.83,60.8,4.5,218,2,Completed,CUST0363,DRV1044,VH0889
TRIP02650,2025-03-13,22,Jakarta,Bluebird,Cash,70204.0,8.67,43.1,4.4,696,2,Completed,CUST0721,DRV0585,VH1174
TRIP02651,2025-01-01,6,Bandung,Silver Bird,Debit/Credit,69690.0,7.86,43.6,4.3,255,1,Completed,CUST0457,DRV0427,VH0404
TRIP02652,2025-01-05,10,Surabaya,Bluebird,Debit/Credit,40644.0,7.2,21.8,4.1,273,1,Completed,CUST0443,DRV0954,VH0514
TRIP02653,2025-01-03,10,Surabaya,Bluebird,E-Wallet,30241.0,7.14,24.0,4.5,233,1,Completed,CUST0533,DRV0850,VH0566
TRIP02654,2025-03-06,11,Jakarta,Bluebird,E-Wallet,,,,,709,1,Cancelled,CUST0238,DRV0594,VH0441
TRIP02655,2025-01-04,8,Semarang,Bluebird,E-Wallet,41418.0,7.05,32.0,4.7,86,2,Completed,CUST0261,DRV0356,VH1270
TRIP02656,2025-03-05,19,Jakarta,Bluebird,Debit/Credit,40739.0,6.13,43.2,4.3,643,3,Completed,CUST0273,DRV0027,VH0992
TRIP02657,2025-03-30,7,Jakarta,Silver Bird,E-Wallet,91638.0,9.83,33.9,5.0,626,1,Completed,CUST0280,DRV1071,VH1070
TRIP02658,2025-01-10,17,Jakarta,Bluebird,E-Wallet,39499.0,9.01,48.6,4.2,592,4,Completed,CUST0150,DRV0456,VH0075
TRIP02659,2025-01-21,7,Jakarta,Bluebird,E-Wallet,40005.0,9.36,36.4,4.9,593,1,Completed,CUST0152,DRV0112,VH1173
TRIP02660,2025-02-15,6,Jakarta,Golden Bird,Cash,108481.0,13.53,55.4,4.4,629,1,Completed,CUST0794,DRV0747,VH0406
TRIP02661,2025-01-27,21,Semarang,Bluebird,E-Wallet,45979.0,6.69,12.7,4.9,165,1,Completed,CUST0573,DRV0375,VH0003
TRIP02662,2025-03-07,8,Jakarta,Bluebird Van,QRIS,74687.0,10.77,47.2,4.6,600,1,Completed,CUST0648,DRV0845,VH1033
TRIP02663,2025-02-10,19,Jakarta,Bluebird Van,E-Wallet,81037.0,14.65,77.2,3.5,616,2,Completed,CUST0012,DRV0126,VH0514
TRIP02664,2025-01-13,16,Jakarta,Bluebird,Cash,69972.0,12.42,59.5,4.3,615,1,Completed,CUST0014,DRV1031,VH1262
TRIP02665,2025-01-09,6,Surabaya,Bluebird,QRIS,46266.0,11.46,45.5,4.4,208,1,Completed,CUST0511,DRV0562,VH0540
TRIP02666,2025-02-05,22,Medan,Bluebird,Cash,,,,,220,1,Cancelled,CUST0542,DRV0578,VH0290
TRIP02667,2025-03-27,9,Jakarta,Silver Bird,QRIS,,,,,623,3,Cancelled,CUST0445,DRV0362,VH0181
TRIP02668,2025-03-31,20,Jakarta,Bluebird,Cash,23031.0,4.55,18.9,5.0,677,2,Completed,CUST0318,DRV0679,VH1339
TRIP02669,2025-02-27,8,Jakarta,Bluebird,E-Wallet,60899.0,10.0,62.2,3.6,628,2,Completed,CUST0799,DRV0983,VH0266
TRIP02670,2025-02-23,20,Jakarta,Silver Bird,Cash,74024.0,9.32,43.0,4.4,670,2,Completed,CUST0732,DRV0764,VH0083
TRIP02671,2025-01-12,1,Jakarta,Bluebird,QRIS,63507.0,8.57,39.1,4.2,730,1,Completed,CUST0238,DRV0775,VH0258
TRIP02672,2025-03-22,15,Bandung,Golden Bird,Cash,83896.0,10.08,34.7,4.6,291,2,Completed,CUST0539,DRV0800,VH0950
TRIP02673,2025-03-19,18,Jakarta,Bluebird,Debit/Credit,28762.0,4.88,31.9,4.5,644,3,Completed,CUST0769,DRV0275,VH0199
TRIP02674,2025-01-14,21,Bandung,Bluebird,Cash,72274.0,11.9,49.1,4.3,316,1,Completed,CUST0654,DRV0396,VH1316
TRIP02675,2025-02-03,21,Jakarta,Golden Bird,Cash,93476.0,11.21,48.5,4.6,714,2,Completed,CUST0762,DRV0906,VH0648
TRIP02676,2025-02-22,19,Semarang,Bluebird,QRIS,52277.0,6.59,29.6,5.0,112,1,Completed,CUST0074,DRV0492,VH1107
TRIP02677,2025-01-20,20,Semarang,Bluebird,Debit/Credit,41713.0,6.35,26.3,5.0,152,1,Completed,CUST0434,DRV0377,VH0266
TRIP02678,2025-03-16,8,Bandung,Bluebird,Cash,21764.0,8.44,36.0,4.4,243,1,Completed,CUST0298,DRV0659,VH1441
TRIP02679,2025-01-16,10,Jakarta,Bluebird,Cash,76934.0,13.06,37.2,4.1,685,1,Completed,CUST0711,DRV0541,VH0997
TRIP02680,2025-03-11,10,Jakarta,Bluebird,Cash,55967.0,8.8,42.2,4.6,670,2,Completed,CUST0296,DRV0839,VH0870
TRIP02681,2025-02-25,12,Jakarta,Bluebird Van,E-Wallet,,,,,676,2,Cancelled,CUST0014,DRV0320,VH0731
TRIP02682,2025-03-24,13,Surabaya,Bluebird,QRIS,24505.0,8.05,33.0,4.8,264,2,Completed,CUST0612,DRV0225,VH0861
TRIP02683,2025-02-27,16,Bandung,Bluebird,Debit/Credit,55475.0,12.35,59.7,4.7,231,3,Completed,CUST0603,DRV0456,VH0019
TRIP02684,2025-01-04,8,Medan,Bluebird,Cash,30590.0,6.39,35.8,4.5,157,1,Completed,CUST0395,DRV0651,VH0371
TRIP02685,2025-01-04,18,Semarang,Bluebird,QRIS,29442.0,6.71,32.9,4.5,101,1,Completed,CUST0191,DRV0417,VH1047
TRIP02686,2025-01-20,8,Jakarta,Bluebird Van,Cash,97953.0,12.89,61.5,4.3,615,3,Completed,CUST0421,DRV0804,VH1409
TRIP02687,2025-01-10,10,Bandung,Golden Bird,Cash,67519.0,7.44,33.1,4.5,345,1,Completed,CUST0106,DRV0779,VH0619
TRIP02688,2025-01-24,15,Jakarta,Bluebird,QRIS,59847.0,11.91,52.8,4.5,675,2,Completed,CUST0394,DRV0798,VH0643
TRIP02689,2025-01-26,19,Jakarta,Bluebird,QRIS,39331.0,5.77,43.2,4.7,635,1,Completed,CUST0438,DRV0609,VH0379
TRIP02690,2025-02-06,18,Jakarta,Bluebird,Cash,48577.0,7.88,41.2,4.8,644,2,Completed,CUST0007,DRV0793,VH0817
TRIP02691,2025-03-26,17,Jakarta,Bluebird,Debit/Credit,31336.0,12.95,60.2,4.4,600,1,Completed,CUST0081,DRV1015,VH0824
TRIP02692,2025-02-23,8,Medan,Bluebird,E-Wallet,26057.0,5.47,23.5,4.8,140,1,Completed,CUST0765,DRV1081,VH0090
TRIP02693,2025-01-21,16,Jakarta,Bluebird,QRIS,29487.0,8.05,43.3,4.7,643,1,Completed,CUST0652,DRV1147,VH0144
TRIP02694,2025-03-15,7,Bandung,Bluebird Van,Debit/Credit,57017.0,7.77,43.8,4.0,264,1,Completed,CUST0485,DRV0598,VH0621
TRIP02695,2025-02-07,12,Bandung,Bluebird,E-Wallet,23440.0,4.03,14.8,4.8,310,1,Completed,CUST0357,DRV0973,VH0864
TRIP02696,2025-02-15,13,Surabaya,Golden Bird,E-Wallet,62966.0,6.76,30.9,4.6,286,1,Completed,CUST0311,DRV0006,VH0204
TRIP02697,2025-01-04,5,Jakarta,Bluebird,QRIS,26227.0,8.84,33.3,4.7,720,1,Completed,CUST0506,DRV0310,VH1416
TRIP02698,2025-03-01,9,Medan,Bluebird,Debit/Credit,38753.0,7.64,43.3,4.5,131,3,Completed,CUST0519,DRV0785,VH1325
TRIP02699,2025-02-26,22,Bandung,Golden Bird,Cash,102911.0,10.84,49.7,4.5,346,1,Completed,CUST0664,DRV0856,VH0865
TRIP02700,2025-02-14,22,Bandung,Bluebird,QRIS,73060.0,11.62,52.8,4.2,290,1,Completed,CUST0638,DRV0905,VH0153
TRIP02701,2025-01-20,11,Jakarta,Golden Bird,Cash,64112.0,5.93,24.5,5.0,690,2,Completed,CUST0449,DRV1026,VH0529
TRIP02702,2025-01-17,5,Bandung,Bluebird,Cash,27164.0,7.33,22.0,4.8,334,2,Completed,CUST0285,DRV0774,VH0339
TRIP02703,2025-03-12,8,Medan,Bluebird,QRIS,62530.0,9.52,41.8,4.5,129,2,Completed,CUST0282,DRV0754,VH0749
TRIP02704,2025-01-04,12,Bandung,Golden Bird,Cash,104037.0,11.55,50.4,4.2,298,2,Completed,CUST0074,DRV0823,VH1359
TRIP02705,2025-01-14,22,Medan,Bluebird,Debit/Credit,49366.0,9.66,55.8,4.5,216,1,Completed,CUST0045,DRV0058,VH1080
TRIP02706,2025-01-03,7,Bandung,Golden Bird,QRIS,50437.0,7.87,37.1,4.6,238,1,Completed,CUST0529,DRV0518,VH0556
TRIP02707,2025-03-29,18,Jakarta,Bluebird Van,QRIS,77223.0,10.5,53.2,4.2,632,2,Completed,CUST0745,DRV0030,VH0753
TRIP02708,2025-03-21,7,Jakarta,Bluebird,Cash,48314.0,10.52,46.2,4.4,622,2,Completed,CUST0676,DRV0151,VH0931
TRIP02709,2025-02-27,23,Jakarta,Bluebird,Cash,37058.0,5.72,16.1,4.9,714,1,Completed,CUST0457,DRV0548,VH0551
TRIP02710,2025-02-24,12,Surabaya,Bluebird,Debit/Credit,46578.0,8.58,29.6,4.8,281,2,Completed,CUST0575,DRV0110,VH1154
TRIP02711,2025-01-04,18,Medan,Bluebird,E-Wallet,75468.0,11.88,40.9,4.6,110,1,Completed,CUST0407,DRV1145,VH0098
TRIP02712,2025-01-24,11,Jakarta,Silver Bird,Cash,60928.0,7.88,41.0,4.5,672,2,Completed,CUST0093,DRV0241,VH0793
TRIP02713,2025-02-03,17,Bandung,Bluebird,QRIS,40626.0,7.39,21.9,5.0,241,1,Completed,CUST0322,DRV1054,VH0422
TRIP02714,2025-01-30,8,Bandung,Bluebird,E-Wallet,51747.0,6.27,31.2,4.9,229,1,Completed,CUST0466,DRV0466,VH0080
TRIP02715,2025-03-23,7,Jakarta,Bluebird,Cash,10000.0,1.56,6.0,4.9,606,1,Completed,CUST0604,DRV0465,VH0288
TRIP02716,2025-01-19,21,Jakarta,Bluebird,E-Wallet,53951.0,8.56,28.0,4.5,706,1,Completed,CUST0554,DRV0237,VH0847
TRIP02717,2025-01-31,21,Jakarta,Silver Bird,QRIS,69735.0,9.41,47.3,4.2,707,1,Completed,CUST0753,DRV1173,VH0169
TRIP02718,2025-03-01,20,Jakarta,Bluebird,QRIS,28903.0,6.96,29.2,4.5,718,1,Completed,CUST0327,DRV0374,VH1103
TRIP02719,2025-03-01,17,Jakarta,Bluebird Van,QRIS,38352.0,5.04,21.4,5.0,599,3,Completed,CUST0767,DRV0600,VH0071
TRIP02720,2025-01-19,19,Jakarta,Bluebird,QRIS,41115.0,5.86,27.3,4.7,632,3,Completed,CUST0583,DRV0516,VH0263
TRIP02721,2025-02-18,6,Jakarta,Bluebird,QRIS,68934.0,10.79,45.8,5.0,634,2,Completed,CUST0728,DRV0252,VH0712
TRIP02722,2025-03-04,11,Surabaya,Bluebird,E-Wallet,83603.0,13.92,55.4,4.3,258,1,Completed,CUST0568,DRV0563,VH0723
TRIP02723,2025-03-24,10,Jakarta,Bluebird,Debit/Credit,60447.0,12.65,51.8,4.3,711,1,Completed,CUST0591,DRV0536,VH0530
TRIP02724,2025-01-22,17,Semarang,Bluebird Van,Debit/Credit,16266.0,2.77,32.3,4.6,115,1,Completed,CUST0415,DRV1070,VH0785
TRIP02725,2025-01-24,11,Jakarta,Bluebird,E-Wallet,53371.0,11.06,30.8,4.6,729,2,Completed,CUST0499,DRV0628,VH0210
TRIP02726,2025-03-17,7,Jakarta,Silver Bird,Cash,,,,,621,3,Cancelled,CUST0440,DRV0607,VH0117
TRIP02727,2025-01-30,17,Jakarta,Bluebird,Debit/Credit,35851.0,6.75,32.8,4.3,602,1,Completed,CUST0633,DRV0435,VH0616
TRIP02728,2025-02-27,19,Jakarta,Bluebird,QRIS,36156.0,7.11,43.1,4.6,620,1,Completed,CUST0714,DRV0611,VH1101
TRIP02729,2025-01-31,12,Medan,Bluebird,E-Wallet,57641.0,9.62,41.0,4.8,249,1,Completed,CUST0432,DRV0276,VH0315
TRIP02730,2025-03-05,7,Jakarta,Bluebird,QRIS,35875.0,11.38,57.7,4.9,593,1,Completed,CUST0328,DRV0848,VH0011
TRIP02731,2025-01-19,8,Semarang,Bluebird,Debit/Credit,29657.0,6.51,36.5,4.5,121,1,Completed,CUST0257,DRV1119,VH1075
TRIP02732,2025-02-17,9,Medan,Bluebird,E-Wallet,32963.0,7.26,30.5,4.5,158,1,Completed,CUST0642,DRV1170,VH1031
TRIP02733,2025-02-14,10,Bandung,Bluebird Van,QRIS,68218.0,8.39,42.0,4.3,307,1,Completed,CUST0554,DRV0904,VH0955
TRIP02734,2025-02-24,17,Bandung,Bluebird,Cash,35272.0,8.7,48.4,4.7,220,1,Completed,CUST0074,DRV0667,VH0261
TRIP02735,2025-02-24,17,Surabaya,Bluebird,QRIS,60846.0,11.53,60.5,4.5,191,2,Completed,CUST0234,DRV0782,VH0200
TRIP02736,2025-01-18,18,Jakarta,Bluebird,QRIS,27714.0,4.65,35.4,4.4,642,1,Completed,CUST0521,DRV0833,VH0330
TRIP02737,2025-03-04,12,Surabaya,Bluebird,Debit/Credit,54088.0,8.06,35.2,4.4,247,1,Completed,CUST0543,DRV0504,VH0090
TRIP02738,2025-02-16,19,Jakarta,Bluebird Van,E-Wallet,45696.0,5.3,39.6,4.8,640,2,Completed,CUST0608,DRV0276,VH0591
TRIP02739,2025-03-16,8,Jakarta,Bluebird,QRIS,46117.0,8.35,44.0,4.6,630,2,Completed,CUST0258,DRV0326,VH0055
TRIP02740,2025-02-26,14,Bandung,Bluebird,QRIS,30629.0,6.32,23.7,4.9,326,1,Completed,CUST0792,DRV0557,VH1245
TRIP02741,2025-02-14,19,Bandung,Bluebird,Debit/Credit,19975.0,6.86,35.4,4.4,242,2,Completed,CUST0229,DRV0513,VH0092
TRIP02742,2025-02-02,8,Medan,Bluebird,Cash,33401.0,5.1,28.2,4.2,146,1,Completed,CUST0245,DRV1171,VH0056
TRIP02743,2025-01-17,7,Jakarta,Bluebird,Cash,31677.0,4.04,20.5,4.5,592,3,Completed,CUST0427,DRV0295,VH1203
TRIP02744,2025-03-11,20,Medan,Bluebird,E-Wallet,10000.0,1.22,16.3,4.9,190,2,Completed,CUST0710,DRV0375,VH0061
TRIP02745,2025-01-04,11,Jakarta,Bluebird,Debit/Credit,31536.0,8.11,34.5,5.0,688,1,Completed,CUST0456,DRV0056,VH0117
TRIP02746,2025-01-20,17,Jakarta,Bluebird,Cash,42526.0,7.21,37.5,4.4,648,2,Completed,CUST0744,DRV0912,VH0590
TRIP02747,2025-02-16,4,Jakarta,Silver Bird,Cash,56782.0,6.47,28.6,5.0,675,2,Completed,CUST0473,DRV0020,VH0236
TRIP02748,2025-01-15,18,Jakarta,Bluebird,Debit/Credit,52715.0,12.47,78.7,4.3,599,4,Completed,CUST0563,DRV1183,VH0033
TRIP02749,2025-03-11,10,Jakarta,Golden Bird,Debit/Credit,51112.0,5.92,15.8,4.4,706,2,Completed,CUST0729,DRV0852,VH1267
TRIP02750,2025-02-16,6,Bandung,Bluebird,E-Wallet,39010.0,11.25,47.1,4.5,221,1,Completed,CUST0174,DRV0591,VH0786
TRIP02751,2025-03-19,17,Medan,Golden Bird,QRIS,116388.0,12.37,47.8,4.6,153,1,Completed,CUST0075,DRV0921,VH1098
TRIP02752,2025-03-16,9,Bandung,Bluebird,E-Wallet,10000.0,1.15,11.0,4.1,226,1,Completed,CUST0099,DRV0366,VH0021
TRIP02753,2025-01-09,12,Bandung,Bluebird,Debit/Credit,45727.0,7.28,30.8,4.8,316,1,Completed,CUST0513,DRV0001,VH1178
TRIP02754,2025-03-31,6,Medan,Bluebird,Debit/Credit,35740.0,6.3,29.9,4.9,111,1,Completed,CUST0124,DRV0913,VH1278
TRIP02755,2025-01-16,7,Surabaya,Bluebird,Debit/Credit,26196.0,1.0,8.2,4.8,202,1,Completed,CUST0117,DRV0848,VH1231
TRIP02756,2025-03-10,10,Bandung,Bluebird,Cash,12558.0,2.67,11.7,4.7,314,2,Completed,CUST0343,DRV0725,VH1173
TRIP02757,2025-03-02,7,Jakarta,Bluebird,E-Wallet,56139.0,10.82,47.8,4.4,648,2,Completed,CUST0707,DRV0760,VH0918
TRIP02758,2025-01-10,21,Medan,Bluebird,Cash,,,,,235,1,Cancelled,CUST0233,DRV1143,VH0302
TRIP02759,2025-02-19,0,Bandung,Bluebird,Cash,31368.0,9.71,46.6,4.1,333,1,Completed,CUST0129,DRV0227,VH0297
TRIP02760,2025-01-03,15,Jakarta,Bluebird,E-Wallet,55684.0,9.47,42.6,4.3,697,4,Completed,CUST0374,DRV1048,VH0773
TRIP02761,2025-03-18,7,Jakarta,Silver Bird,Debit/Credit,47823.0,8.44,47.9,4.3,634,1,Completed,CUST0575,DRV0702,VH1068
TRIP02762,2025-03-11,10,Medan,Bluebird,E-Wallet,60683.0,12.55,57.8,4.3,226,1,Completed,CUST0236,DRV0308,VH1168
TRIP02763,2025-03-22,21,Jakarta,Bluebird,QRIS,83355.0,14.94,61.7,4.1,706,2,Completed,CUST0742,DRV0962,VH1268
TRIP02764,2025-02-20,8,Semarang,Bluebird,QRIS,38139.0,5.04,27.0,4.5,86,1,Completed,CUST0190,DRV0569,VH0419
TRIP02765,2025-01-19,22,Jakarta,Bluebird,E-Wallet,13104.0,2.5,5.0,4.9,674,1,Completed,CUST0701,DRV1113,VH0062
TRIP02766,2025-02-11,8,Medan,Bluebird,Cash,10000.0,1.21,10.1,4.8,165,1,Completed,CUST0168,DRV0621,VH0858
TRIP02767,2025-02-04,18,Jakarta,Golden Bird,E-Wallet,108420.0,12.47,54.2,4.2,646,3,Completed,CUST0607,DRV0653,VH0538
TRIP02768,2025-02-15,16,Bandung,Bluebird,Cash,51921.0,6.86,40.6,4.6,267,1,Completed,CUST0669,DRV0797,VH1341
TRIP02769,2025-01-26,20,Medan,Bluebird,E-Wallet,36993.0,8.05,34.6,4.5,208,1,Completed,CUST0291,DRV0480,VH1459
TRIP02770,2025-03-10,16,Jakarta,Bluebird,Cash,14426.0,3.13,25.4,4.7,593,3,Completed,CUST0341,DRV0902,VH0696
TRIP02771,2025-03-05,16,Bandung,Bluebird,Debit/Credit,24133.0,4.74,18.8,4.9,248,1,Completed,CUST0395,DRV0897,VH0818
TRIP02772,2025-02-06,8,Jakarta,Golden Bird,E-Wallet,74559.0,7.61,48.5,4.3,644,1,Completed,CUST0474,DRV0920,VH1405
TRIP02773,2025-03-25,8,Jakarta,Golden Bird,QRIS,91842.0,9.12,41.5,4.2,638,1,Completed,CUST0139,DRV0586,VH1060
TRIP02774,2025-02-18,21,Jakarta,Bluebird,Debit/Credit,27994.0,7.3,21.5,4.7,712,1,Completed,CUST0191,DRV0262,VH0920
TRIP02775,2025-01-21,11,Surabaya,Bluebird,E-Wallet,15044.0,4.89,16.5,4.4,267,3,Completed,CUST0568,DRV1200,VH0975
TRIP02776,2025-03-15,12,Jakarta,Bluebird,Debit/Credit,58845.0,6.15,42.0,4.4,714,2,Completed,CUST0519,DRV0404,VH0542
TRIP02777,2025-03-05,18,Jakarta,Bluebird,E-Wallet,59343.0,12.12,53.8,4.3,633,2,Completed,CUST0051,DRV0695,VH1256
TRIP02778,2025-01-05,11,Jakarta,Bluebird,QRIS,51218.0,9.23,34.6,4.0,699,1,Completed,CUST0551,DRV0786,VH0790
TRIP02779,2025-03-11,22,Surabaya,Bluebird,Cash,44393.0,9.84,38.0,4.7,261,1,Completed,CUST0298,DRV0277,VH0033
TRIP02780,2025-03-31,18,Surabaya,Bluebird,Cash,36690.0,5.3,28.2,4.6,206,1,Completed,CUST0072,DRV0677,VH0581
TRIP02781,2025-01-04,17,Jakarta,Bluebird,Cash,22901.0,1.0,6.5,5.0,626,4,Completed,CUST0256,DRV0217,VH0352
TRIP02782,2025-02-08,20,Jakarta,Bluebird,Cash,41797.0,6.93,28.7,4.7,725,2,Completed,CUST0309,DRV0190,VH0255
TRIP02783,2025-02-04,5,Semarang,Silver Bird,Debit/Credit,56646.0,4.2,24.3,4.9,176,1,Completed,CUST0091,DRV1042,VH1074
TRIP02784,2025-01-01,9,Jakarta,Bluebird,Cash,46798.0,9.55,48.4,4.7,621,2,Completed,CUST0149,DRV0744,VH1047
TRIP02785,2025-01-24,14,Medan,Golden Bird,Cash,135390.0,17.36,61.7,4.2,231,2,Completed,CUST0030,DRV0243,VH1278
TRIP02786,2025-02-26,9,Medan,Bluebird,Cash,52551.0,9.59,43.9,4.5,120,2,Completed,CUST0462,DRV0053,VH1418
TRIP02787,2025-03-11,18,Medan,Bluebird,E-Wallet,81203.0,15.71,67.0,3.8,150,1,Completed,CUST0635,DRV0562,VH0273
TRIP02788,2025-02-10,21,Jakarta,Golden Bird,Debit/Credit,89569.0,10.21,41.2,4.8,727,1,Completed,CUST0385,DRV0772,VH0693
TRIP02789,2025-02-23,13,Medan,Golden Bird,QRIS,41809.0,5.61,31.8,4.6,247,2,Completed,CUST0749,DRV0319,VH0250
TRIP02790,2025-02-15,11,Surabaya,Bluebird,E-Wallet,50997.0,9.04,35.1,4.3,242,1,Completed,CUST0792,DRV0707,VH1261
TRIP02791,2025-03-01,22,Bandung,Bluebird,Cash,58320.0,12.34,48.7,4.6,324,2,Completed,CUST0637,DRV0248,VH0904
TRIP02792,2025-03-01,14,Jakarta,Silver Bird,E-Wallet,,,,,686,1,Cancelled,CUST0646,DRV0177,VH0232
TRIP02793,2025-02-26,15,Jakarta,Bluebird,Debit/Credit,38436.0,6.77,33.2,4.5,699,1,Completed,CUST0518,DRV0013,VH0428
TRIP02794,2025-01-31,11,Jakarta,Bluebird,Cash,39203.0,9.26,41.1,4.7,687,1,Completed,CUST0373,DRV0289,VH0957
TRIP02795,2025-03-25,21,Bandung,Bluebird Van,Debit/Credit,14462.0,2.71,24.5,4.6,326,1,Completed,CUST0197,DRV0431,VH0634
TRIP02796,2025-01-24,16,Bandung,Bluebird,Debit/Credit,23566.0,9.47,49.3,4.2,257,1,Completed,CUST0190,DRV0576,VH0242
TRIP02797,2025-03-30,18,Jakarta,Bluebird,QRIS,83060.0,13.16,46.7,4.3,619,2,Completed,CUST0748,DRV0034,VH0134
TRIP02798,2025-02-05,19,Bandung,Bluebird,E-Wallet,45173.0,7.12,42.3,4.0,235,1,Completed,CUST0079,DRV0641,VH1095
TRIP02799,2025-03-26,11,Jakarta,Bluebird,Cash,35782.0,6.5,14.9,4.9,724,2,Completed,CUST0547,DRV0133,VH1489
TRIP02800,2025-01-30,14,Surabaya,Bluebird,Cash,41372.0,9.08,39.5,4.5,245,1,Completed,CUST0072,DRV0897,VH1445
TRIP02801,2025-01-24,19,Semarang,Bluebird,Cash,14855.0,8.05,28.2,4.6,80,1,Completed,CUST0043,DRV0982,VH1334
TRIP02802,2025-01-30,12,Jakarta,Bluebird,Cash,39297.0,8.74,31.7,4.6,723,3,Completed,CUST0133,DRV0401,VH1024
TRIP02803,2025-03-27,19,Jakarta,Bluebird,Cash,55031.0,9.04,41.6,4.5,593,2,Completed,CUST0799,DRV0606,VH1303
TRIP02804,2025-01-07,21,Jakarta,Bluebird,E-Wallet,52736.0,7.98,26.5,4.8,710,1,Completed,CUST0106,DRV0611,VH0219
TRIP02805,2025-02-04,17,Surabaya,Bluebird,Cash,62680.0,10.99,49.5,4.4,164,1,Completed,CUST0671,DRV1084,VH0697
TRIP02806,2025-02-24,18,Surabaya,Bluebird Van,QRIS,67713.0,10.21,56.1,4.0,161,1,Completed,CUST0357,DRV0641,VH0307
TRIP02807,2025-01-14,19,Semarang,Bluebird,QRIS,38594.0,3.85,18.4,4.8,96,2,Completed,CUST0008,DRV0132,VH0314
TRIP02808,2025-01-10,19,Jakarta,Bluebird Van,E-Wallet,,,,,637,2,Cancelled,CUST0774,DRV0393,VH1427
TRIP02809,2025-03-21,13,Semarang,Bluebird,E-Wallet,45824.0,6.04,17.4,4.8,153,1,Completed,CUST0343,DRV0813,VH0923
TRIP02810,2025-01-16,6,Jakarta,Silver Bird,Debit/Credit,75981.0,10.71,49.5,4.7,624,2,Completed,CUST0437,DRV0928,VH1429
TRIP02811,2025-02-23,13,Bandung,Bluebird,E-Wallet,,,,,348,1,Cancelled,CUST0080,DRV0581,VH1403
TRIP02812,2025-03-30,17,Jakarta,Bluebird,E-Wallet,27194.0,6.57,27.3,5.0,610,3,Completed,CUST0556,DRV0014,VH0281
TRIP02813,2025-03-18,14,Medan,Golden Bird,E-Wallet,62952.0,8.28,23.9,5.0,225,2,Completed,CUST0689,DRV0435,VH1351
TRIP02814,2025-03-11,18,Bandung,Golden Bird,Debit/Credit,64082.0,6.01,35.5,4.7,211,1,Completed,CUST0392,DRV0474,VH0035
TRIP02815,2025-02-13,12,Surabaya,Bluebird,Cash,47325.0,10.64,50.4,4.2,280,2,Completed,CUST0576,DRV0151,VH0070
TRIP02816,2025-03-14,17,Medan,Bluebird,QRIS,35220.0,8.5,41.4,4.5,148,1,Completed,CUST0288,DRV0470,VH0360
TRIP02817,2025-02-14,8,Jakarta,Bluebird,Debit/Credit,48602.0,7.55,35.0,4.9,617,2,Completed,CUST0113,DRV0411,VH0408
TRIP02818,2025-02-25,18,Jakarta,Golden Bird,QRIS,83333.0,9.19,45.8,4.1,623,1,Completed,CUST0720,DRV0345,VH0580
TRIP02819,2025-03-25,16,Medan,Bluebird,Cash,67861.0,11.45,54.2,4.3,142,1,Completed,CUST0226,DRV0804,VH0519
TRIP02820,2025-03-23,8,Jakarta,Bluebird,Debit/Credit,,,,,639,1,Cancelled,CUST0333,DRV0544,VH0606
TRIP02821,2025-02-26,10,Jakarta,Bluebird,E-Wallet,43222.0,9.71,21.1,4.5,729,2,Completed,CUST0417,DRV1097,VH1408
TRIP02822,2025-01-21,18,Bandung,Bluebird,Cash,38958.0,6.79,27.7,4.9,217,1,Completed,CUST0278,DRV0194,VH0081
TRIP02823,2025-03-09,15,Bandung,Golden Bird,Debit/Credit,,,,,297,1,Cancelled,CUST0799,DRV0938,VH1462
TRIP02824,2025-02-19,8,Jakarta,Bluebird,Debit/Credit,27930.0,6.54,35.2,4.4,649,1,Completed,CUST0792,DRV0629,VH0250
TRIP02825,2025-02-02,22,Jakarta,Bluebird,E-Wallet,35923.0,8.83,36.6,4.7,711,2,Completed,CUST0003,DRV0430,VH1062
TRIP02826,2025-01-07,18,Jakarta,Bluebird,E-Wallet,53019.0,11.82,59.7,4.2,639,2,Completed,CUST0545,DRV0217,VH0045
TRIP02827,2025-03-11,22,Bandung,Bluebird,Debit/Credit,47383.0,4.19,18.6,4.5,311,1,Completed,CUST0478,DRV1021,VH1383
TRIP02828,2025-01-15,13,Medan,Bluebird,QRIS,19966.0,3.51,5.0,4.5,216,1,Completed,CUST0410,DRV0970,VH0137
TRIP02829,2025-03-23,15,Semarang,Bluebird,Cash,33928.0,2.93,21.8,4.8,177,1,Completed,CUST0307,DRV0485,VH0823
TRIP02830,2025-02-01,20,Surabaya,Bluebird Van,QRIS,30697.0,4.49,26.9,4.9,240,1,Completed,CUST0214,DRV0601,VH0979
TRIP02831,2025-03-16,16,Jakarta,Bluebird,Debit/Credit,62135.0,10.29,40.4,4.4,616,5,Completed,CUST0030,DRV0360,VH0820
TRIP02832,2025-01-20,18,Semarang,Bluebird,E-Wallet,29119.0,2.58,20.6,4.8,124,1,Completed,CUST0419,DRV0669,VH1485
TRIP02833,2025-03-29,9,Bandung,Silver Bird,E-Wallet,60672.0,6.11,28.3,5.0,210,2,Completed,CUST0537,DRV0421,VH0367
TRIP02834,2025-01-15,14,Jakarta,Bluebird,Cash,57383.0,10.35,42.4,4.2,708,1,Completed,CUST0028,DRV0581,VH1329
TRIP02835,2025-02-17,7,Semarang,Bluebird Van,Debit/Credit,68292.0,8.05,47.6,4.5,97,1,Completed,CUST0609,DRV0782,VH0229
TRIP02836,2025-03-12,8,Surabaya,Silver Bird,QRIS,59481.0,6.84,50.3,4.6,176,1,Completed,CUST0087,DRV0517,VH0183
TRIP02837,2025-01-21,0,Surabaya,Bluebird,Cash,62986.0,8.57,39.5,4.5,237,1,Completed,CUST0026,DRV0243,VH0467
TRIP02838,2025-02-11,5,Surabaya,Bluebird,Cash,28577.0,8.32,35.3,4.9,286,1,Completed,CUST0120,DRV0630,VH0838
TRIP02839,2025-01-26,23,Jakarta,Bluebird,Cash,46152.0,7.83,28.9,5.0,715,1,Completed,CUST0713,DRV1017,VH0204
TRIP02840,2025-01-14,9,Jakarta,Bluebird,E-Wallet,45674.0,7.87,40.8,4.6,613,1,Completed,CUST0392,DRV0172,VH0975
TRIP02841,2025-02-26,17,Surabaya,Golden Bird,Cash,109852.0,14.71,76.4,4.0,200,1,Completed,CUST0357,DRV0655,VH0623
TRIP02842,2025-02-06,19,Jakarta,Bluebird,QRIS,61795.0,10.93,51.4,4.6,629,2,Completed,CUST0353,DRV0769,VH1092
TRIP02843,2025-02-27,16,Bandung,Bluebird,E-Wallet,56191.0,14.44,59.6,4.5,260,3,Completed,CUST0015,DRV0460,VH0869
TRIP02844,2025-01-21,8,Medan,Bluebird,QRIS,28301.0,6.01,20.7,4.1,163,3,Completed,CUST0305,DRV1102,VH0550
TRIP02845,2025-03-23,18,Medan,Bluebird,Cash,20184.0,7.25,40.6,4.5,145,1,Completed,CUST0254,DRV0532,VH1329
TRIP02846,2025-03-10,17,Bandung,Bluebird,QRIS,37486.0,3.0,21.7,4.6,264,2,Completed,CUST0623,DRV0291,VH0604
TRIP02847,2025-01-03,18,Medan,Golden Bird,Cash,,,,,133,1,Cancelled,CUST0520,DRV0659,VH0755
TRIP02848,2025-03-28,18,Medan,Bluebird,Cash,87472.0,13.21,68.0,4.1,151,1,Completed,CUST0640,DRV0852,VH0628
TRIP02849,2025-03-31,22,Surabaya,Bluebird,Cash,44678.0,6.43,22.8,4.7,251,2,Completed,CUST0186,DRV0554,VH1016
TRIP02850,2025-02-06,16,Jakarta,Bluebird,Debit/Credit,74799.0,14.26,64.1,4.0,599,3,Completed,CUST0387,DRV0428,VH0095
TRIP02851,2025-03-29,11,Jakarta,Golden Bird,Cash,42831.0,4.77,19.0,4.9,673,1,Completed,CUST0500,DRV0471,VH1270
TRIP02852,2025-02-18,17,Jakarta,Bluebird,QRIS,21498.0,5.34,26.9,5.0,597,1,Completed,CUST0014,DRV0866,VH0685
TRIP02853,2025-01-19,6,Jakarta,Golden Bird,E-Wallet,,,,,628,1,Cancelled,CUST0230,DRV0513,VH0797
TRIP02854,2025-03-30,20,Jakarta,Bluebird,QRIS,44018.0,8.31,41.3,4.2,727,3,Completed,CUST0091,DRV0324,VH1103
TRIP02855,2025-03-26,7,Jakarta,Bluebird Van,E-Wallet,58434.0,11.27,45.1,4.5,604,2,Completed,CUST0404,DRV0255,VH1457
TRIP02856,2025-01-12,11,Bandung,Bluebird,QRIS,29736.0,8.35,36.8,4.6,297,1,Completed,CUST0505,DRV0721,VH1304
TRIP02857,2025-03-02,19,Semarang,Bluebird,QRIS,23278.0,5.55,31.4,4.9,98,1,Completed,CUST0004,DRV0590,VH0369
TRIP02858,2025-02-10,17,Jakarta,Bluebird,Debit/Credit,62040.0,8.1,41.5,4.2,631,2,Completed,CUST0664,DRV0051,VH0279
TRIP02859,2025-02-02,13,Surabaya,Bluebird,Cash,61405.0,7.04,34.3,4.5,268,1,Completed,CUST0219,DRV0800,VH0351
TRIP02860,2025-02-19,15,Surabaya,Bluebird,Cash,33668.0,5.26,21.4,4.2,280,1,Completed,CUST0588,DRV0100,VH1250
TRIP02861,2025-03-09,20,Jakarta,Bluebird,Debit/Credit,35601.0,5.84,26.7,5.0,704,1,Completed,CUST0796,DRV0464,VH0406
TRIP02862,2025-03-12,11,Semarang,Bluebird,QRIS,48121.0,9.88,44.5,4.5,190,1,Completed,CUST0216,DRV0499,VH0446
TRIP02863,2025-03-27,20,Bandung,Bluebird,E-Wallet,10000.0,1.52,5.0,4.6,337,1,Completed,CUST0159,DRV0915,VH0323
TRIP02864,2025-02-02,7,Jakarta,Bluebird Van,E-Wallet,96758.0,13.35,63.5,3.9,603,1,Completed,CUST0763,DRV0237,VH0630
TRIP02865,2025-03-22,19,Surabaya,Bluebird,QRIS,57707.0,6.97,34.1,4.3,181,1,Completed,CUST0579,DRV0472,VH0073
TRIP02866,2025-01-24,19,Jakarta,Golden Bird,Debit/Credit,49763.0,6.18,31.8,4.7,596,2,Completed,CUST0734,DRV0157,VH0518
TRIP02867,2025-03-02,8,Surabaya,Bluebird,QRIS,52118.0,10.22,46.6,4.2,193,1,Completed,CUST0704,DRV0298,VH1345
TRIP02868,2025-03-02,14,Jakarta,Bluebird,E-Wallet,60229.0,12.96,55.1,4.4,702,1,Completed,CUST0731,DRV1038,VH0022
TRIP02869,2025-01-28,8,Medan,Bluebird,E-Wallet,51453.0,10.85,52.0,4.9,157,1,Completed,CUST0373,DRV0116,VH0179
TRIP02870,2025-02-27,18,Bandung,Bluebird,E-Wallet,57452.0,8.51,44.8,4.4,244,3,Completed,CUST0017,DRV0139,VH0708
TRIP02871,2025-02-12,16,Surabaya,Bluebird Van,Cash,58653.0,11.26,52.9,4.1,176,1,Completed,CUST0495,DRV0075,VH1133
TRIP02872,2025-02-10,17,Jakarta,Bluebird,Debit/Credit,28070.0,3.35,10.2,4.8,590,2,Completed,CUST0619,DRV0815,VH1396
TRIP02873,2025-02-08,8,Surabaya,Golden Bird,Cash,67753.0,6.43,33.9,4.3,155,1,Completed,CUST0466,DRV1048,VH1480
TRIP02874,2025-03-27,8,Medan,Bluebird Van,Cash,35467.0,4.77,27.5,5.0,170,3,Completed,CUST0444,DRV0406,VH1253
TRIP02875,2025-02-18,5,Bandung,Bluebird,E-Wallet,63812.0,10.67,44.4,4.8,291,2,Completed,CUST0739,DRV0951,VH0938
TRIP02876,2025-01-17,11,Bandung,Bluebird Van,Cash,44170.0,5.85,19.2,4.7,296,1,Completed,CUST0081,DRV0567,VH1019
TRIP02877,2025-03-11,16,Bandung,Bluebird,E-Wallet,62193.0,9.54,37.8,4.3,217,2,Completed,CUST0779,DRV0326,VH0948
TRIP02878,2025-03-11,20,Medan,Bluebird Van,Cash,44994.0,9.11,40.8,4.4,234,2,Completed,CUST0166,DRV0329,VH0531
TRIP02879,2025-03-06,17,Bandung,Bluebird,E-Wallet,24475.0,4.41,23.7,4.6,238,1,Completed,CUST0357,DRV0089,VH0364
TRIP02880,2025-03-15,14,Medan,Bluebird,Cash,32964.0,5.74,24.2,4.8,205,1,Completed,CUST0234,DRV0015,VH0425
TRIP02881,2025-03-26,22,Medan,Bluebird Van,QRIS,45695.0,11.38,43.5,4.7,218,1,Completed,CUST0162,DRV0634,VH0959
TRIP02882,2025-01-05,18,Jakarta,Bluebird,Cash,24671.0,6.17,32.6,4.3,620,3,Completed,CUST0175,DRV0178,VH1240
TRIP02883,2025-01-02,21,Jakarta,Bluebird,Debit/Credit,39005.0,8.87,32.3,4.9,691,2,Completed,CUST0672,DRV0269,VH1072
TRIP02884,2025-01-22,16,Jakarta,Bluebird,QRIS,44927.0,6.15,25.8,4.8,642,1,Completed,CUST0363,DRV1129,VH1489
TRIP02885,2025-02-26,9,Medan,Bluebird,Debit/Credit,30140.0,6.56,37.6,4.4,119,2,Completed,CUST0376,DRV0339,VH0672
TRIP02886,2025-03-07,6,Jakarta,Bluebird,Cash,36767.0,8.36,37.2,4.3,593,1,Completed,CUST0697,DRV0392,VH1297
TRIP02887,2025-03-15,18,Bandung,Golden Bird,Cash,56017.0,4.65,27.7,4.7,234,1,Completed,CUST0174,DRV0141,VH1054
TRIP02888,2025-01-16,7,Medan,Bluebird,Cash,12687.0,4.62,29.4,4.4,165,1,Completed,CUST0238,DRV0169,VH1013
TRIP02889,2025-02-20,10,Jakarta,Bluebird,QRIS,28536.0,9.36,33.3,4.9,722,3,Completed,CUST0163,DRV1041,VH0879
TRIP02890,2025-02-08,16,Surabaya,Bluebird,E-Wallet,28905.0,5.47,21.5,4.4,162,1,Completed,CUST0238,DRV0005,VH0947
TRIP02891,2025-03-27,16,Jakarta,Bluebird,E-Wallet,20624.0,6.07,49.3,4.5,606,2,Completed,CUST0618,DRV1161,VH0988
TRIP02892,2025-03-17,17,Jakarta,Silver Bird,Cash,34368.0,5.68,27.0,4.7,629,2,Completed,CUST0630,DRV0619,VH1214
TRIP02893,2025-03-29,8,Medan,Silver Bird,Debit/Credit,64113.0,7.27,41.4,4.4,117,2,Completed,CUST0232,DRV1186,VH0152
TRIP02894,2025-02-09,12,Jakarta,Bluebird Van,Debit/Credit,80908.0,11.33,58.9,4.3,692,1,Completed,CUST0588,DRV0769,VH1400
TRIP02895,2025-02-07,17,Jakarta,Bluebird,QRIS,72875.0,13.02,65.6,4.5,596,3,Completed,CUST0517,DRV0680,VH0255
TRIP02896,2025-03-01,22,Medan,Bluebird,QRIS,42964.0,5.32,19.2,4.4,221,1,Completed,CUST0730,DRV0463,VH0703
TRIP02897,2025-02-28,18,Jakarta,Bluebird Van,QRIS,104018.0,14.95,67.3,4.1,613,4,Completed,CUST0794,DRV0382,VH0654
TRIP02898,2025-01-10,21,Semarang,Silver Bird,Cash,15395.0,3.79,9.3,4.5,150,1,Completed,CUST0236,DRV0482,VH0758
TRIP02899,2025-03-05,18,Semarang,Bluebird,Cash,56719.0,10.05,54.4,4.3,116,2,Completed,CUST0323,DRV0625,VH1058
TRIP02900,2025-03-04,16,Jakarta,Bluebird,Cash,30923.0,6.33,37.3,4.4,636,2,Completed,CUST0544,DRV0476,VH0187
TRIP02901,2025-02-18,8,Jakarta,Bluebird Van,Debit/Credit,35435.0,5.89,28.0,4.2,649,2,Completed,CUST0407,DRV0465,VH0879
TRIP02902,2025-03-05,17,Surabaya,Bluebird,Cash,39415.0,5.77,23.8,4.4,200,2,Completed,CUST0177,DRV0494,VH1473
TRIP02903,2025-02-01,17,Bandung,Bluebird,Cash,21109.0,6.84,26.1,5.0,245,1,Completed,CUST0500,DRV0535,VH1110
TRIP02904,2025-01-07,17,Jakarta,Bluebird,QRIS,35521.0,10.24,55.9,4.4,616,1,Completed,CUST0119,DRV0631,VH0673
TRIP02905,2025-01-21,15,Surabaya,Bluebird,Cash,58379.0,10.01,40.9,4.6,235,2,Completed,CUST0190,DRV0282,VH0876
TRIP02906,2025-01-20,16,Jakarta,Bluebird,Cash,38259.0,5.67,32.2,4.5,631,2,Completed,CUST0614,DRV0831,VH0118
TRIP02907,2025-01-26,11,Medan,Bluebird,E-Wallet,29846.0,4.53,12.4,4.7,220,1,Completed,CUST0365,DRV0430,VH1082
TRIP02908,2025-03-09,15,Jakarta,Bluebird,Cash,24926.0,5.75,12.8,4.6,681,3,Completed,CUST0486,DRV0581,VH1042
TRIP02909,2025-03-27,8,Jakarta,Bluebird,Debit/Credit,51569.0,8.17,47.4,4.6,615,1,Completed,CUST0079,DRV0858,VH0871
TRIP02910,2025-01-15,19,Jakarta,Bluebird,QRIS,49644.0,7.87,39.8,4.5,614,1,Completed,CUST0322,DRV0253,VH1164
TRIP02911,2025-03-26,8,Semarang,Bluebird,Debit/Credit,26838.0,3.95,30.2,4.3,73,1,Completed,CUST0139,DRV0563,VH0458
TRIP02912,2025-03-20,6,Surabaya,Silver Bird,Debit/Credit,56207.0,8.81,40.5,4.6,155,2,Completed,CUST0336,DRV1067,VH0706
TRIP02913,2025-03-27,14,Medan,Bluebird Van,Cash,83806.0,14.29,55.5,3.7,246,1,Completed,CUST0402,DRV1165,VH0642
TRIP02914,2025-01-14,17,Jakarta,Bluebird,E-Wallet,47435.0,6.99,41.0,4.6,635,2,Completed,CUST0226,DRV0537,VH0966
TRIP02915,2025-01-27,14,Jakarta,Bluebird,QRIS,53232.0,7.2,33.9,4.2,682,1,Completed,CUST0266,DRV0898,VH0212
TRIP02916,2025-02-09,9,Jakarta,Bluebird Van,E-Wallet,,,,,614,5,Cancelled,CUST0333,DRV0270,VH0486
TRIP02917,2025-02-27,16,Bandung,Bluebird,QRIS,29379.0,5.32,27.2,4.4,240,3,Completed,CUST0224,DRV0616,VH1144
TRIP02918,2025-01-28,11,Bandung,Bluebird,E-Wallet,,,,,311,1,Cancelled,CUST0572,DRV0936,VH0891
TRIP02919,2025-01-26,21,Surabaya,Silver Bird,Debit/Credit,52211.0,5.84,31.1,4.8,282,1,Completed,CUST0776,DRV0295,VH1027
TRIP02920,2025-03-04,21,Jakarta,Bluebird,E-Wallet,63389.0,14.0,55.3,4.7,704,1,Completed,CUST0560,DRV0883,VH1253
TRIP02921,2025-03-07,15,Semarang,Golden Bird,QRIS,41462.0,7.83,27.7,4.3,170,1,Completed,CUST0593,DRV0472,VH1253
TRIP02922,2025-01-25,11,Jakarta,Silver Bird,QRIS,66378.0,6.64,36.0,4.8,684,3,Completed,CUST0520,DRV0817,VH1002
TRIP02923,2025-01-03,18,Semarang,Bluebird,Debit/Credit,48576.0,5.03,23.5,4.7,72,1,Completed,CUST0249,DRV1185,VH0985
TRIP02924,2025-03-13,5,Jakarta,Bluebird,E-Wallet,32804.0,6.96,32.2,4.5,706,1,Completed,CUST0756,DRV0045,VH0343
TRIP02925,2025-02-13,15,Bandung,Bluebird,E-Wallet,46149.0,11.12,44.1,4.7,334,1,Completed,CUST0677,DRV0799,VH1165
TRIP02926,2025-02-11,11,Jakarta,Bluebird,QRIS,27796.0,4.69,5.9,4.6,695,3,Completed,CUST0421,DRV0880,VH1081
TRIP02927,2025-01-06,21,Bandung,Bluebird,E-Wallet,28625.0,5.0,27.9,4.8,347,2,Completed,CUST0187,DRV0678,VH1240
TRIP02928,2025-02-08,1,Bandung,Bluebird,Cash,41831.0,5.32,5.0,4.5,336,1,Completed,CUST0249,DRV0207,VH1138
TRIP02929,2025-02-21,16,Bandung,Bluebird,QRIS,39431.0,6.95,21.9,4.5,226,1,Completed,CUST0127,DRV1132,VH0294
TRIP02930,2025-01-23,18,Jakarta,Bluebird Van,Cash,44658.0,7.69,42.5,4.7,627,3,Completed,CUST0088,DRV0936,VH0028
TRIP02931,2025-03-30,15,Surabaya,Bluebird,QRIS,10995.0,3.53,17.8,5.0,284,1,Completed,CUST0045,DRV0442,VH0859
TRIP02932,2025-02-19,6,Surabaya,Bluebird,E-Wallet,46896.0,6.8,30.7,4.6,199,2,Completed,CUST0794,DRV1089,VH1345
TRIP02933,2025-02-12,22,Medan,Bluebird,Cash,45955.0,7.2,29.8,3.9,224,2,Completed,CUST0246,DRV0267,VH0573
TRIP02934,2025-01-19,15,Jakarta,Bluebird,Debit/Credit,48072.0,6.62,8.8,4.7,727,2,Completed,CUST0411,DRV0399,VH0928
TRIP02935,2025-03-10,17,Bandung,Bluebird,Debit/Credit,38276.0,9.06,49.2,4.4,250,2,Completed,CUST0218,DRV0224,VH1056
TRIP02936,2025-02-20,9,Bandung,Bluebird,Cash,69352.0,9.76,48.8,4.4,217,2,Completed,CUST0427,DRV0665,VH1435
TRIP02937,2025-01-11,15,Jakarta,Bluebird,QRIS,27081.0,8.26,32.7,4.7,721,1,Completed,CUST0015,DRV0935,VH0397
TRIP02938,2025-01-12,13,Bandung,Silver Bird,Debit/Credit,68093.0,7.69,30.9,4.5,300,1,Completed,CUST0768,DRV0226,VH1041
TRIP02939,2025-03-15,6,Jakarta,Bluebird Van,Cash,10000.0,2.02,19.5,4.9,649,2,Completed,CUST0689,DRV0200,VH0601
TRIP02940,2025-01-08,7,Jakarta,Bluebird,E-Wallet,32229.0,7.24,36.8,4.3,613,2,Completed,CUST0335,DRV0504,VH1076
TRIP02941,2025-01-24,19,Jakarta,Bluebird,E-Wallet,74103.0,11.51,40.9,4.8,632,2,Completed,CUST0727,DRV0011,VH0370
TRIP02942,2025-02-10,9,Jakarta,Bluebird,Cash,48403.0,7.23,52.3,4.8,597,1,Completed,CUST0537,DRV0909,VH0164
TRIP02943,2025-02-05,8,Surabaya,Bluebird,Cash,28435.0,5.79,39.6,4.3,203,2,Completed,CUST0492,DRV0837,VH1327
TRIP02944,2025-03-26,15,Surabaya,Bluebird,QRIS,67581.0,14.83,50.3,4.2,259,1,Completed,CUST0292,DRV0979,VH0450
TRIP02945,2025-03-13,18,Semarang,Bluebird Van,Debit/Credit,78154.0,12.26,54.6,4.4,70,2,Completed,CUST0117,DRV0277,VH0544
TRIP02946,2025-02-24,6,Surabaya,Bluebird,QRIS,54561.0,9.4,43.9,4.2,183,1,Completed,CUST0592,DRV1027,VH0710
TRIP02947,2025-01-09,16,Jakarta,Bluebird,Cash,72772.0,11.92,63.2,4.1,609,3,Completed,CUST0687,DRV0929,VH0351
TRIP02948,2025-02-16,7,Medan,Bluebird,QRIS,10000.0,1.0,5.0,5.0,145,1,Completed,CUST0744,DRV0790,VH0379
TRIP02949,2025-01-15,5,Medan,Bluebird Van,E-Wallet,22760.0,5.14,17.1,4.9,223,1,Completed,CUST0469,DRV0005,VH1463
TRIP02950,2025-02-17,6,Bandung,Silver Bird,QRIS,49473.0,5.59,18.0,5.0,266,1,Completed,CUST0552,DRV0521,VH0201
TRIP02951,2025-03-23,19,Bandung,Bluebird,QRIS,31473.0,6.29,31.2,4.7,243,1,Completed,CUST0683,DRV0280,VH1131
TRIP02952,2025-02-11,7,Semarang,Bluebird,E-Wallet,18913.0,5.33,26.0,4.5,82,1,Completed,CUST0629,DRV0972,VH0505
TRIP02953,2025-03-01,5,Bandung,Bluebird,Debit/Credit,16277.0,1.0,5.0,4.7,350,1,Completed,CUST0696,DRV0317,VH1012
TRIP02954,2025-03-25,14,Semarang,Bluebird,Debit/Credit,41097.0,7.96,27.6,4.6,203,1,Completed,CUST0593,DRV0127,VH1408
TRIP02955,2025-03-11,19,Jakarta,Bluebird,Debit/Credit,55624.0,10.13,43.3,4.4,642,1,Completed,CUST0387,DRV0304,VH1320
TRIP02956,2025-01-12,9,Jakarta,Golden Bird,E-Wallet,100340.0,13.31,65.6,4.2,641,1,Completed,CUST0583,DRV0749,VH1052
TRIP02957,2025-01-02,13,Bandung,Silver Bird,Debit/Credit,46848.0,4.64,21.7,4.5,295,2,Completed,CUST0652,DRV0731,VH0337
TRIP02958,2025-01-07,5,Bandung,Bluebird Van,E-Wallet,21675.0,4.39,21.4,4.8,325,1,Completed,CUST0193,DRV0490,VH0287
TRIP02959,2025-03-21,14,Medan,Bluebird,Debit/Credit,10000.0,1.0,5.0,4.3,214,1,Completed,CUST0683,DRV0437,VH0631
TRIP02960,2025-01-03,16,Semarang,Golden Bird,Debit/Credit,54423.0,5.92,27.7,4.5,96,1,Completed,CUST0101,DRV1062,VH1367
TRIP02961,2025-01-03,16,Jakarta,Silver Bird,QRIS,100300.0,11.2,52.0,4.3,647,1,Completed,CUST0070,DRV0483,VH1055
TRIP02962,2025-01-27,11,Jakarta,Bluebird,QRIS,45486.0,6.66,30.1,4.1,716,2,Completed,CUST0174,DRV0992,VH0666
TRIP02963,2025-02-09,10,Medan,Silver Bird,E-Wallet,110675.0,13.93,40.5,4.7,244,2,Completed,CUST0444,DRV0315,VH1275
TRIP02964,2025-02-02,7,Bandung,Bluebird,QRIS,49960.0,6.23,35.7,4.1,240,1,Completed,CUST0701,DRV1121,VH1387
TRIP02965,2025-01-01,12,Jakarta,Silver Bird,Debit/Credit,104819.0,8.94,37.9,4.7,672,1,Completed,CUST0433,DRV0939,VH0107
TRIP02966,2025-01-08,7,Bandung,Bluebird,Cash,21929.0,2.91,20.1,4.4,237,3,Completed,CUST0215,DRV0017,VH0506
TRIP02967,2025-02-01,18,Surabaya,Bluebird,E-Wallet,61302.0,8.86,42.4,4.4,207,3,Completed,CUST0537,DRV0940,VH1466
TRIP02968,2025-02-17,22,Medan,Bluebird,Cash,25834.0,1.56,5.0,4.8,193,1,Completed,CUST0601,DRV0980,VH0117
TRIP02969,2025-01-04,22,Bandung,Bluebird,E-Wallet,,,,,306,1,Cancelled,CUST0643,DRV0447,VH1269
TRIP02970,2025-03-11,20,Jakarta,Bluebird,Debit/Credit,72623.0,10.67,55.2,4.4,707,2,Completed,CUST0708,DRV0279,VH0079
TRIP02971,2025-01-19,17,Semarang,Bluebird,Cash,51591.0,10.88,51.6,3.9,103,1,Completed,CUST0319,DRV0452,VH0741
TRIP02972,2025-02-01,18,Surabaya,Bluebird,QRIS,25255.0,4.94,25.6,4.9,169,3,Completed,CUST0286,DRV0666,VH0023
TRIP02973,2025-01-09,10,Jakarta,Bluebird,QRIS,50812.0,8.98,36.0,4.5,682,2,Completed,CUST0225,DRV0606,VH1221
TRIP02974,2025-01-12,17,Jakarta,Golden Bird,QRIS,85321.0,10.19,51.2,4.4,636,4,Completed,CUST0349,DRV0029,VH0361
TRIP02975,2025-01-11,14,Surabaya,Bluebird Van,QRIS,64584.0,9.33,41.9,4.6,234,1,Completed,CUST0388,DRV1034,VH0700
TRIP02976,2025-02-15,15,Jakarta,Bluebird,Cash,49997.0,5.9,22.0,4.1,729,1,Completed,CUST0341,DRV0802,VH1451
TRIP02977,2025-01-16,18,Jakarta,Silver Bird,E-Wallet,,,,,613,2,Cancelled,CUST0661,DRV0101,VH0217
TRIP02978,2025-01-01,10,Bandung,Bluebird,Cash,40525.0,8.04,43.9,4.4,340,2,Completed,CUST0504,DRV0653,VH0990
TRIP02979,2025-03-04,10,Jakarta,Silver Bird,Debit/Credit,64923.0,8.04,39.2,4.8,707,1,Completed,CUST0071,DRV0087,VH0707
TRIP02980,2025-01-21,21,Surabaya,Bluebird,QRIS,33807.0,6.3,41.6,4.7,246,1,Completed,CUST0129,DRV0470,VH0628
TRIP02981,2025-01-30,6,Jakarta,Bluebird,Debit/Credit,36257.0,10.79,46.6,4.0,646,1,Completed,CUST0444,DRV0640,VH1220
TRIP02982,2025-01-13,15,Surabaya,Bluebird,QRIS,37040.0,7.87,43.2,4.8,260,3,Completed,CUST0290,DRV1106,VH0567
TRIP02983,2025-02-03,21,Jakarta,Bluebird,Debit/Credit,35396.0,4.54,12.6,4.8,697,2,Completed,CUST0599,DRV0119,VH0443
TRIP02984,2025-01-04,17,Jakarta,Silver Bird,Debit/Credit,44322.0,2.71,21.3,4.3,590,4,Completed,CUST0387,DRV1160,VH1483
TRIP02985,2025-01-28,16,Jakarta,Golden Bird,Debit/Credit,39559.0,5.11,33.6,4.6,591,1,Completed,CUST0018,DRV0788,VH0459
TRIP02986,2025-02-28,9,Semarang,Bluebird,Cash,57521.0,13.98,60.3,4.5,102,1,Completed,CUST0555,DRV0377,VH0144
TRIP02987,2025-01-27,11,Medan,Bluebird,Debit/Credit,50883.0,9.67,39.3,4.2,229,1,Completed,CUST0076,DRV0428,VH0314
TRIP02988,2025-03-10,20,Jakarta,Golden Bird,Cash,58446.0,9.07,42.7,4.8,698,1,Completed,CUST0553,DRV0720,VH0875
TRIP02989,2025-01-25,16,Medan,Silver Bird,Cash,51996.0,6.96,30.9,4.3,113,2,Completed,CUST0365,DRV0314,VH0729
TRIP02990,2025-01-03,15,Bandung,Bluebird,QRIS,18558.0,6.26,36.7,4.4,307,1,Completed,CUST0280,DRV0243,VH1281
TRIP02991,2025-03-09,7,Semarang,Bluebird,QRIS,66981.0,10.3,39.5,4.3,124,1,Completed,CUST0280,DRV0985,VH0639
TRIP02992,2025-01-25,2,Jakarta,Bluebird,QRIS,31536.0,7.03,41.7,4.8,693,2,Completed,CUST0771,DRV0627,VH0474
TRIP02993,2025-01-20,22,Surabaya,Bluebird,Debit/Credit,67367.0,9.73,45.9,4.3,261,1,Completed,CUST0443,DRV0016,VH0685
TRIP02994,2025-02-03,12,Jakarta,Bluebird,QRIS,52170.0,7.45,29.2,4.4,678,1,Completed,CUST0329,DRV0516,VH0606
TRIP02995,2025-01-26,17,Jakarta,Bluebird,QRIS,,,,,636,2,Cancelled,CUST0536,DRV0266,VH0902
TRIP02996,2025-01-05,6,Semarang,Golden Bird,Cash,68198.0,9.03,40.6,4.7,85,1,Completed,CUST0508,DRV0560,VH1243
TRIP02997,2025-03-02,17,Bandung,Bluebird,Debit/Credit,53247.0,10.74,50.0,4.6,230,1,Completed,CUST0450,DRV0735,VH1382
TRIP02998,2025-01-09,21,Jakarta,Bluebird Van,Debit/Credit,46485.0,6.75,26.7,4.6,699,2,Completed,CUST0375,DRV0716,VH1261
TRIP02999,2025-02-19,16,Jakarta,Silver Bird,QRIS,,,,,592,2,Cancelled,CUST0296,DRV0020,VH0275
TRIP03000,2025-01-06,7,Surabaya,Bluebird Van,Debit/Credit,41432.0,7.06,50.0,4.2,182,1,Completed,CUST0476,DRV0828,VH0752
